commit 37f7ea5856785732839305e6a92af19ff2ea4958
Author: Pilkington, Emma <Emma.Pilkington@amd.com>
Date:   Fri Jul 11 16:50:27 2025 -0400

    Restore poisoning of invalid debug expressions, fix debug info tests

commit 5837420ff3c62afc9def138f412187f54cf9c2b1
Author: Lambert, Jacob <Jacob.Lambert@amd.com>
Date:   Fri Jul 11 12:31:48 2025 -0700

    Try to bring mainline inline with develop
    
    Commiting on behalf of GitHub user @AlexVlx

commit cfd8ab314283dcb8dadf2fcafd563bd80042e4ff
Author: Ganesan, Sivakumar <Sivakumar.Ganesan@amd.com>
Date:   Thu Jun 19 12:31:37 2025 -0500

    enable spirv psdb on amd-mainline branch

commit 085a0131efebd12d084c05791a28b0921443fa17
Author: Ganesan, Sivakumar <Sivakumar.Ganesan@amd.com>
Date:   Thu Jun 19 12:07:01 2025 -0500

    enable spirv psdb on amd-mainline branch

commit b1a5b80645158fbb9f6ba91c8bbfe1ff3de0fd07
Author: Lambert, Jacob <Jacob.Lambert@amd.com>
Date:   Thu Jun 19 09:41:02 2025 -0700

    Fix issues with device-side malloc uses
    
    Fix issues with device-side malloc uses
    
    ---------
    
    Co-authored-by: Alex Voicu <alexandru.voicu@amd.com>

commit 25d69eb6c4630f8ecbd4e19af0e2f7ec30e10618
Author: Zhuravlyov, Konstantin <Konstantin.Zhuravlyov@amd.com>
Date:   Mon Jun 2 12:31:26 2025 -0400

    Fix typeIncompatible API use (#11)
    
    Co-authored-by: Konstantin Zhuravlyov <kzhuravl_dev@outlook.com>

commit 8b79e061da8f5868949e50e182db42ec530b70c8
Merge: 5f96b239 70279fb6
Author: Zhuravlyov, Konstantin <Konstantin.Zhuravlyov@amd.com>
Date:   Mon Jun 2 11:24:24 2025 -0400

    Merge pull request #10 from AMD-Lightning-Internal/merge/promotion/amd-mainline/2025.01.29
    
    merge promotion/amd-mainline/2025.01.29 into amd-mainline

commit 70279fb6862a9ec44cdec3a9e3d19b6131b50163
Merge: 5f96b239 3667dc66
Author: Konstantin Zhuravlyov <kzhuravl_dev@outlook.com>
Date:   Mon Jun 2 11:02:46 2025 -0400

    merge promotion/amd-mainline/2025.01.29 into amd-mainline

commit 5f96b2390089ad3a41243245fde199876733e6d2
Merge: 8bf97a91 d1618ea9
Author: Pilkington, Emma <Emma.Pilkington@amd.com>
Date:   Wed Apr 9 16:41:00 2025 -0400

    Merge pull request #3 from AMD-Lightning-Internal/amd/dev/epilking/fix-upstream-build
    
    Fix building/testing against upstream LLVM

commit d1618ea947c6feef83e042873103e5b499415967
Author: Emma Pilkington <Emma.Pilkington@amd.com>
Date:   Wed Mar 26 13:10:03 2025 -0400

    Fix building/testing against upstream LLVM

commit 8bf97a91382dffb882fafabaf5ab1f27c44bb03e
Merge: 2bf2d11f 1338e5bb
Author: Pilkington, Emma <Emma.Pilkington@amd.com>
Date:   Wed Mar 26 12:46:52 2025 -0400

    Merge pull request #1 from AMD-Lightning-Internal/amd/dev/epilking/diop-support-mainline-cps
    
     [HeterogeneousDwarf] Support translation of DIOp-based DIExpressions

commit 1338e5bb4ed75bf116aca8fca835f835b57ebcb8
Author: Emma Pilkington <Emma.Pilkington@amd.com>
Date:   Mon Mar 24 14:15:47 2025 -0400

    [HeterogeneousDwarf] Poison invalid DIExpressions after translation
    
    Some of the type transformations (e.g. pointer addrspace) can result in
    invalid expressions.

commit 6efc065bc69a1e261d01ae98aae18f56b5257a36
Author: Emma Pilkington <Emma.Pilkington@amd.com>
Date:   Thu Mar 13 17:25:56 2025 -0400

    [HeterogeneousDwarf] Support translation of DIOp-based DIExpressions
    
    These expressions exist downstream on amd-staging and are necessary for
    debugging on device. Fixes SWDEV-445691.

commit 7e71ce4325c540cc490c10fe4d19b1c24a1a1c8e
Author: Emma Pilkington <Emma.Pilkington@amd.com>
Date:   Mon Mar 24 10:16:40 2025 -0400

    Revert "Temporarily disable DebugInfo tests which fail due to amd-staging lagging behind upstream."
    
    This reverts commit 3e899de57777739d597e67b413b776bfd6267e0b.

commit 2bf2d11fbe6930bdff5512f589ea997bb967586e
Author: Ron Lieberman <ron.lieberman@amd.com>
Date:   Tue Feb 25 19:35:44 2025 -0600

    Backport fix for global variables with array initializers.
    
    Change-Id: I5b68b5a2db54af456cdb192ebf634198e40345d8

commit 3667dc6602e5a45338c32cac2b2a297ec6229d20
Merge: 4e8a01b2 cec12d6c
Author: Alex Voicu <alexandru.voicu@amd.com>
Date:   Mon Jan 20 13:25:53 2025 +0000

    Merge branch 'main' of https://github.com/KhronosGroup/SPIRV-LLVM-Translator into amd-staging

commit cec12d6cf46306d0a015e883d5adb5a8200df1c0
Author: Viktoria Maximova <viktoria.maksimova@intel.com>
Date:   Mon Jan 20 12:59:36 2025 +0100

    Use `poison` instead of `undef` values wherever possible (#2960)
    
    In reverse translation always use poison values except cases where we translate OpUndef. In other cases common sense was used to define where it is safe to replace undef to poison (e.g. in creating structures, regularization passes).
    
    This resolves #2953 and aligns us with the LLVM community in terms of generating IR.

commit f5e27fe1aac0c57fb07087b260893772e2581e4e
Author: Sven van Haastregt <sven.vanhaastregt@arm.com>
Date:   Mon Jan 20 12:59:22 2025 +0100

    Update dwarf-public-names.ll after LLVM change (#2966)
    
    Update after llvm-project commit 7c729418d721 ("[llvm][DebugInfo]
    Attach object-pointer to DISubprogram declarations (#122742)",
    2025-01-17).

commit 3c4e7607696f19588e15c858c9e023c9da6467cd
Author: Alex Voicu <alexandru.voicu@amd.com>
Date:   Mon Jan 20 08:31:53 2025 +0000

    Adapt to change introduced by #122928 in upstream. (#2965)

commit 4e8a01b2bd00049d510d0d448cb556801f5657e7
Merge: b8f411af 197a8005
Author: Alex Voicu <alexandru.voicu@amd.com>
Date:   Fri Jan 17 16:30:05 2025 +0000

    Merge branch 'main' of https://github.com/KhronosGroup/SPIRV-LLVM-Translator into amd-staging

commit 197a800558787c938b325bc7df1cfffbb1a88cf9
Author: Viktoria Maximova <viktoria.maksimova@intel.com>
Date:   Fri Jan 17 17:27:57 2025 +0100

    Align translation of `OpCooperativeMatrixLengthKHR` to match the spec (#2964)
    
    `SPV_KHR_cooperative_matrix` extension defines that the only argument
    accepted in this instruction is `Matrix Type <id>`, not the pointer to
    an actual matrix.
    
    This resolves #2963

commit c8e8867efd44034b9f4b520a1df2caf572694d70
Author: Sven van Haastregt <sven.vanhaastregt@arm.com>
Date:   Thu Jan 16 13:31:01 2025 +0100

    Update more llvm::PointerUnion::get calls (#2962)
    
    Update for llvm-project commit abba01adad5d ("[ADT] Deprecate
    PointerUnion::{is,get} (NFC) (#122623)", 2025-01-13).

commit d9e871ae7e694dc2e7bb3b78b79a02631f83aed1
Author: Sven van Haastregt <sven.vanhaastregt@arm.com>
Date:   Tue Jan 14 16:29:53 2025 +0100

    Update for deprecation of llvm::PointerUnion::get (#2961)
    
    Update for llvm-project commit abba01adad5d ("[ADT] Deprecate
    PointerUnion::{is,get} (NFC) (#122623)", 2025-01-13).

commit b8f411afcb99dacc15aa92b9b979a4258cff151f
Merge: fe5af739 a35a761c
Author: Alex Voicu <alexandru.voicu@amd.com>
Date:   Tue Jan 14 00:53:25 2025 +0000

    Merge branch 'main' of https://github.com/KhronosGroup/SPIRV-LLVM-Translator into amd-staging

commit a35a761c18874dfe0326edeac4ce009ed29c8682
Author: Ben Ashbaugh <ben.ashbaugh@intel.com>
Date:   Mon Jan 13 03:11:31 2025 -0800

    adds support for SPV_EXT_arithmetic_fence (#2954)
    
    bashbaug
    Member
    bashbaug commented 4 days ago
    See: https://github.khronos.org/SPIRV-Registry/extensions/EXT/SPV_EXT_arithmetic_fence.html
    
    Removes all internal enums for the unpublished SPV_INTEL_arithmetic_fence extension and uses the SPV_EXT_arithmetic_fence support in the headers instead.
    Registers the SPV_EXT_arithmetic_fence extension.
    Uses the SPV_EXT_arithmetic_fence extension if it is enabled, otherwise uses the SPV_INTEL_arithmetic_fence extension if it is enabled (for compatibility), otherwise ignores the LLVM arithmetic fence intrinsic (the ignoring part is not new).
    Updates the arithmetic fence test:
    Ensures that the right extension support is declared, depending on the enabled extensions.
    Ensures that the ArithmeticFenceEXT capability is declared when either extension is enabled. Note, the spelling for the capability is unconditionally the EXT version.
    Ensures that the OpArithmeticFenceEXT is present when either extension is enabled.
    Ensures that no extension, capability, or instruction is generated when neither extension is enabled.

commit fe5af739582d7d67dbb75fdf115538c7ac57d494
Merge: 2e9c07b5 f2d913cb
Author: Alex Voicu <alexandru.voicu@amd.com>
Date:   Fri Jan 10 11:09:58 2025 +0000

    Merge branch 'main' of https://github.com/KhronosGroup/SPIRV-LLVM-Translator into amd-staging

commit f2d913cb1a22cb37d146773ecaddb518d6469258
Author: Wenju He <wenju.he@intel.com>
Date:   Wed Jan 8 18:28:20 2025 +0000

    Translate nonsemantic attribute and metadata of GlobalVariable (#2944)
    
    Motivations is similar as f729c49. This PR addresses SYCL device global which may have attributes "sycl-device-image-scope", "sycl-host-access" and "sycl-unique-id". Failure to preserve "sycl-unique-id" after llvm-spirv translation triggers assert at
    https://github.com/intel/llvm/blob/2824f61dd36790448a224cd596985bd01cbcd0f3/llvm/lib/SYCLLowerIR/DeviceGlobals.cpp#L85
    
    Also preserve GlobalVariable metadata as an improvement, though there is no test to show this is really needed.

commit b33ca8d1868d24a45258f52ada5bce65a990cfe5
Author: Sven van Haastregt <sven.vanhaastregt@arm.com>
Date:   Tue Jan 7 13:38:08 2025 +0100

    Add -fdeclare-opencl-builtins to more .cl tests (#2950)
    
    Use clang's tablegen-driven mechanism for builtins, which is faster
    than parsing the opencl-c.h header.

commit aafca810e5cd645282ae5e60a9cadd39e3345ad0
Author: Ben Ashbaugh <ben.ashbaugh@intel.com>
Date:   Tue Jan 7 04:37:45 2025 -0800

    handle OpBitcast between pointers and non-pointers (#2948)
    
    Adds support for SPIR-V OpBitcast instructions where the source is a pointer and the destination is not a pointer, and where the source is not a pointer and the destination is a pointer. This needs to be handled as a special case because the LLVM bitcast instruction does not support this.
    
    Handles bitcasts between pointers and scalar integers, which is supported by all SPIR-V versions, and pointers and vectors of integers, which is supported by SPIR-V 1.5 (though only for vectors of 32-bit integers).

commit dd33e5952bfc1ef1cf8a792ef96715f19c867645
Author: Ben Ashbaugh <ben.ashbaugh@intel.com>
Date:   Tue Jan 7 04:36:48 2025 -0800

    add support for SPV_EXT_optnone (#2951)
    
    Specifically:
    
    Updates SPIR-V headers to the latest tag, to pull in support for SPV_EXT_optnone (and more).
    Removes all internal enums for SPV_INTEL_optnone and uses the support in the headers instead.
    Registers the SPV_EXT_optnone extension.
    Uses the SPV_EXT_optnone extension if it is enabled, otherwise uses the SPV_INTEL_optnone extension if it is enabled, otherwise ignores the OptimizeNone attribute (the ignoring part is not new).
    Updates the OptNone test:
    Ensures that the right extension support is declared, depending on the enabled extensions.
    Ensures that the OptNone capability is declared when either extension is enabled. Note, the spelling for the capability is unconditionally the EXT version.
    Ensures that the Function Control is present when either extension is enabled.

commit cb6891b7638f83b7b69a2475adcdf689d568f4ad
Author: Sven van Haastregt <sven.vanhaastregt@arm.com>
Date:   Sat Dec 28 22:16:11 2024 +0100

    Update DebugInfo header.ll test after LLVM change (#2946)
    
    Update for LLVM commit 7b23f413d1.

commit 193661c352de3ca666bcb1051a20c81e90fc0319
Author: YixingZhang007 <yixing.zhang@intel.com>
Date:   Thu Dec 19 06:11:48 2024 -0500

    Add support for offset load/store (#2804)
    
    Add a new form of load/store operations for cooperative matrices that accepts two separate arguments: the row index and the column index. Unlike the original approach requiring a pointer to the matrix base, this new form of load/store operations is expected to yield better optimized code on 2dblock read/write instructions on PVC.
    
    CapabilityCooperativeMatrixOffsetInstructionsINTEL = 6238
    OpCooperativeMatrixLoadOffsetINTEL = 6239
    OpCooperativeMatrixStoreOffsetINTEL = 6240
    
    Spec: intel/llvm#12497

commit 2e9c07b52145cad19da1da8378249b331ae41048
Merge: 0659e452 e0fa0a38
Author: searlmc1 <mark.searles@amd.com>
Date:   Mon Dec 16 09:52:11 2024 -0800

    Merge pull request #3 from ROCm/msearles/migrateToCmpPredicate-2
    
    PatternMatch: migrate to CmpPredicate after 4a0d53a0b0a5 (#2928)

commit e0fa0a3860778cf602d07d3c52080f223d5ffdcd
Author: Jinsong Ji <jinsong.ji@intel.com>
Date:   Mon Dec 16 03:40:41 2024 -0500

    PatternMatch: migrate to CmpPredicate after 4a0d53a0b0a5 (#2928)

commit 112caf9cb94fa475a6e215b8e8bd7a9e4a5918b6
Author: Marcos Maronas <marcos.maronas@intel.com>
Date:   Mon Dec 16 02:55:32 2024 -0800

    Prevent unnecessary copy (#2926)

commit 4a85dd86c2df786f942466a9a018b0d7b967d7a0
Author: Jinsong Ji <jinsong.ji@intel.com>
Date:   Mon Dec 16 03:40:41 2024 -0500

    PatternMatch: migrate to CmpPredicate after 4a0d53a0b0a5 (#2928)

commit b8b1b96bd7419c1561089e89dbee4b8681634ed2
Author: Marcos Maronas <marcos.maronas@intel.com>
Date:   Fri Dec 13 16:31:43 2024 -0800

    Add cmake option to enable --spirv-tools-dis feature (#2925)

commit 0659e45216b21e16ea8a880f532e547f0977064f
Author: Alex Voicu <alexandru.voicu@amd.com>
Date:   Thu Dec 12 14:03:36 2024 +0000

    Fix tests.

commit fb62527b88b62d7cad5a01753e76e937a5b65143
Merge: b322dd4f 98cd3e46
Author: Alex Voicu <alexandru.voicu@amd.com>
Date:   Thu Dec 12 14:00:52 2024 +0000

    Merge branch 'main' of https://github.com/KhronosGroup/SPIRV-LLVM-Translator into amd-staging

commit 98cd3e46bd62bd0e798a3c557f2ce2fe99bb51c9
Author: Sven van Haastregt <sven.vanhaastregt@arm.com>
Date:   Wed Dec 11 10:13:47 2024 +0100

    [SPIR-V 1.1/1.2] SPIRVReader: Add SubgroupsPerWorkgroup(Id) (#2916)
    
    Add support for consuming the SubgroupsPerWorkgroup (SPIR-V 1.1) and
    SubgroupsPerWorkgroupId (SPIR-V 1.2) execution modes.  Map both of
    these to `spirv.ExecutionMode` named metadata.

commit eb4cdb2e96d9953825ecd1f88c09333f380b722d
Author: Marcos Maronas <marcos.maronas@intel.com>
Date:   Tue Dec 10 06:20:59 2024 -0800

    Add translation for Intrinsic::atan2 (#2917)
    
    Add translation for atan2 LLVM
    intrinsic which is mapped to corresponding OpenCL extended
    instructions.

commit b322dd4f0b09980e7d789baffad2193d703d1908
Merge: cb97d6e9 50af2c70
Author: Alex Voicu <alexandru.voicu@amd.com>
Date:   Sun Dec 8 22:39:05 2024 +0000

    Merge branch 'main' of https://github.com/KhronosGroup/SPIRV-LLVM-Translator into amd-staging

commit 50af2c70832745be1c0ce1562c4038162c319e5c
Author: bwlodarcz <bertrand.wlodarczyk@intel.com>
Date:   Fri Dec 6 01:02:08 2024 +0100

    [DebugInfo] Fix EnumClass support (#2876)
    
    This commit addresses issues with EnumClass handling in DebugEnumType.
    In reverse translation, a bug caused the EnumClass flag to be incorrectly applied to every DebugEnumType with an UnderlyingType.
    Additionally, in forward translation, the support for EnumClassFlag was missing entirely.

commit 420f5dd41a21d5a7e5429a88e8c70182d6792e90
Author: Sven van Haastregt <sven.vanhaastregt@arm.com>
Date:   Thu Dec 5 12:20:00 2024 +0100

    [SPIR-V 1.2] SPIRVReader: Support LocalSizeHintId (#2907)
    
    If there is no `OpExecutionMode .. LocalSizeHint` in the input, see if
    there is an `OpExecutionModeId .. LocalSizeHintId` and take the value
    for the `work_group_size_hint` metadata from the referenced constants
    instead.
    
    Once `LocalSizeHintId` has been translated to LLVM IR, it is
    indistinguishable from a (non-ID) `LocalSizeHint` execution mode.

commit 8ef84d23d874791ee0f7344153d0ea28cf326241
Author: bwlodarcz <bertrand.wlodarczyk@intel.com>
Date:   Thu Dec 5 11:34:14 2024 +0100

    Add support for llvm.lround.* (#2904)

commit a1f6742cd6a2ce2109e9756dd3a7c1cb4d5bb750
Author: Viktoria Maximova <viktoria.maksimova@intel.com>
Date:   Wed Dec 4 17:05:22 2024 +0100

    Improve matrices translation with SPV_KHR_untyped_pointers (#2857)
    
    Ensure that we do correct translation of matrices (SPV_KHR_cooperative_matrix and SPV_INTEL_joint_matrix extensions) when untyped pointers are enabled.
    This mainly fixes mangling issues in reverse translation for the untyped pointer.
    Also added handling for typed and untyped SPIR-V friendly access chain instructions in forward translation (a point to review and discuss).

commit d20ca5dd1c92493740e7bdbc7373bfa7c6ad4284
Author: Sven van Haastregt <sven.vanhaastregt@arm.com>
Date:   Wed Dec 4 10:27:53 2024 +0100

    [SPIR-V 1.2] SPIRVReader: Support LocalSizeId (#2898)
    
    If there is no `OpExecutionMode .. LocalSize` in the input, see if
    there is an `OpExecutionModeId .. LocalSizeId` and take the value for
    the `reqd_work_group_size` metadata from the referenced constants
    instead.
    
    Once `LocalSizeId` has been translated to LLVM IR, it is
    indistinguishable from a (non-ID) `LocalSize` execution mode.

commit c1828a93d050afe8a44cc239a2908270c578c345
Author: Wenju He <wenju.he@intel.com>
Date:   Mon Dec 2 15:13:41 2024 +0000

    [SPIRVToOCL20] Fix __spirv_ocl_printf translation assert error (#2891)
    
    When SPIRVToOCL20Pass is used in OCL CPU backend to translate SPV-IR
    builtin to OCL builtin, __spirv_ocl_printf call has bigger number of
    arguments than its parameters.

commit 8af0eb5e9f537c03c517d3c1510e46fd8835db1b
Author: Marcos Maronas <marcos.maronas@intel.com>
Date:   Mon Dec 2 05:23:47 2024 -0800

    Initialize uninitialized class members. (#2899)

commit 0332a1e50c3b878b0b776f41ee60890f42c75a49
Author: Sven van Haastregt <sven.vanhaastregt@arm.com>
Date:   Fri Nov 29 11:26:04 2024 +0100

    [SPIR-V 1.2] SPIRVReader: Add MaxByteOffsetId support (#2884)
    
    If there is no `OpDecorate .. MaxByteOffset` in the input, see if
    there is an `OpDecorateId .. MaxByteOffsetId` and take the value for
    the LLVM `dereferenceable` attribute from the referenced constant
    instead.
    
    Once `MaxByteOffsetId` has been translated to LLVM IR, it is
    indistinguishable from a (non-ID) `MaxByteOffset` decoration.

commit 44bd69ee70b79ed8fe1cb11d728644b8dc99f8bf
Author: Viktoria Maximova <viktoria.maksimova@intel.com>
Date:   Thu Nov 28 09:39:01 2024 +0100

    Translate OpIAddCarry and OpISubBorrow back to llvm intrinsics (#2877)
    
    Semantically we can translate `OpIAddCarry` and `OpISubBorrow` back into `@llvm.uadd.with.overflow` and `@llvm.usub.with.overflow` respectively.
    It require small transformation as there is a difference between return
    types in SPIR-V and LLVM IR - e.g., SPIR-V instructions return {i32, i32} struct, but LLVM intrinsics return {i32, i1}.

commit 926a92a57d73ccc0b5af88185767e1fb42be5819
Author: Viktoria Maximova <viktoria.maksimova@intel.com>
Date:   Thu Nov 28 09:32:27 2024 +0100

    Fix reverse translation of `OpPtrDiff` with untyped pointers (#2858)
    
    We should not lose operand type when SPV_KHR_untyped_pointers is used.

commit da1731bf73166cd662e47434bc86dda70e31a2d6
Author: Sven van Haastregt <sven.vanhaastregt@arm.com>
Date:   Wed Nov 27 12:07:51 2024 +0100

    [SPIR-V 1.2] SPIRVReader: Add AlignmentId support (#2869)
    
    If there is no `OpDecorate .. Alignment` in the input, see if there is
    an `OpDecorateId .. AlignmentId` and take the alignment from the
    referenced constant instead.
    
    Once `AlignmentId` has been translated to LLVM IR, it is
    indistinguishable from an (non-ID) `Alignment` decoration.

commit cb97d6e9c4d96d821d3dde490c4fb01abe6a39d3
Author: Alex Voicu <alexandru.voicu@amd.com>
Date:   Tue Nov 26 14:20:29 2024 +0000

    Casts to / from the constant AS to the generic AS are legal for AMDGCN.

commit 108a41f7e248ddecfbc1d1401f711e39978a82d2
Author: Alex Voicu <alexandru.voicu@amd.com>
Date:   Tue Nov 26 14:19:49 2024 +0000

    Handle AMDGPU `flat_work_group_size` reverse translation.

commit d8051090a9878e9f7a8ff1b23dc399369d8ad3d1
Author: Alex Voicu <alexandru.voicu@amd.com>
Date:   Tue Nov 26 01:31:53 2024 +0000

    Fix incompatibilities with LLVM 19.

commit 96594544b98d1c409cca47fbeb53e13b5fc82c41
Merge: 15e897f1 9207ef2a
Author: Alex Voicu <alexandru.voicu@amd.com>
Date:   Fri Nov 22 18:59:35 2024 +0000

    Merge branch 'main' of https://github.com/KhronosGroup/SPIRV-LLVM-Translator into amd-staging

commit 9207ef2aa1507733cb0e3d5f4465c1b977dc2a6e
Author: Viktoria Maximova <viktoria.maksimova@intel.com>
Date:   Fri Nov 22 10:42:09 2024 +0100

    Fix translation of `load` instruction used with `SPV_KHR_untyped_pointers` (#2867)
    
    Do not lose variable type in forward translation - take it from the already translated "untyped" variable.

commit 15e897f1cc9f19e93a78b440353d43b5f6f77dd9
Merge: 2b55e1d1 88b18319
Author: Alex Voicu <alexandru.voicu@amd.com>
Date:   Wed Nov 20 20:49:26 2024 +0000

    Merge branch 'main' of https://github.com/KhronosGroup/SPIRV-LLVM-Translator into amd-staging

commit 88b18319c943e70c2475b495806226e117fdaa15
Author: Viktoria Maximova <viktoria.maksimova@intel.com>
Date:   Wed Nov 20 15:19:08 2024 +0100

    Restore test checks unintentionally lost in comments (#2830)

commit 2b55e1d1d7a2e639efb1fbc88e8333af8a850446
Author: Alex Voicu <alexandru.voicu@amd.com>
Date:   Sun Nov 17 13:47:16 2024 +0000

    Additional reverse mapping of SC to AMDGCN AS.

commit e2b5d99cb70f9335c3ed8bdd7e28d5beed9a27e6
Author: Alex Voicu <alexandru.voicu@amd.com>
Date:   Sun Nov 17 13:43:50 2024 +0000

    Fix merge.

commit f5c6ab630cd0aeb351a2c61ac1683e7d19df4bde
Merge: d8d839e8 93fb018a
Author: Alex Voicu <alexandru.voicu@amd.com>
Date:   Sun Nov 17 13:40:57 2024 +0000

    Merge branch 'main' of https://github.com/KhronosGroup/SPIRV-LLVM-Translator into amd-staging

commit d8d839e824722735b6a4712d45b58fcc2499aa26
Merge: 320f8e7e ba8701e6
Author: Alex Voicu <alexandru.voicu@amd.com>
Date:   Sun Nov 17 12:52:58 2024 +0000

    Merge branch 'amd-staging' of https://github.com/ROCm/SPIRV-LLVM-Translator into amd-staging

commit 93fb018aa342da185ef7f944b27d6b5df104d97b
Author: Marcos Maronas <marcos.maronas@intel.com>
Date:   Thu Nov 14 17:10:36 2024 +0000

    Make LLVMToSPIRVBase comply with Rule of Five. (#2860)
    
    LLVMToSPIRVBase had a custom destructor, but no copy constructor, no move constructor, no move assignment operator, and no copy assignment operator, so it was not complying with the Rule of Five. Explicitly add them as deleted to comply.

commit ac0fc8e190fe890600ac3faffb8a626c873957a3
Author: Marcos Maronas <marcos.maronas@intel.com>
Date:   Thu Nov 14 15:30:40 2024 +0000

    Prevent unnecessary copies. (#2859)

commit 67685320c1192af7f8bb18c674064ac7f5888952
Author: Sven van Haastregt <sven.vanhaastregt@arm.com>
Date:   Thu Nov 14 15:16:31 2024 +0100

    [NFC] Use hasAlignment helper (#2856)
    
    Handle all queries of `Alignment` decorations through one and the same
    helper function.

commit 691b7ac78b15919d358a69feec6e9f09e6f701ba
Author: Sven van Haastregt <sven.vanhaastregt@arm.com>
Date:   Thu Nov 14 10:08:27 2024 +0100

    [docs] Fix spelling of `dereferenceable` (#2855)

commit 320f8e7eca1f78614436c16460ccf57051914067
Merge: e229d7c6 15fd1cc5
Author: Alex Voicu <alexandru.voicu@amd.com>
Date:   Wed Nov 13 14:10:49 2024 +0000

    Merge branch 'main' of https://github.com/KhronosGroup/SPIRV-LLVM-Translator into amd-staging

commit 15fd1cc50e12465c74ef34a264f11c8523247b46
Author: Viktoria Maximova <viktoria.maksimova@intel.com>
Date:   Wed Nov 13 13:52:31 2024 +0100

    Use untyped pointers when translating pointer to structure type (#2827)
    
    This improves SPV_KHR_untyped_pointers extension.
    Removing struct type from special handling (translate as typed pointer)
    allowed to fix `spirv-val` error in `CXX/global-ctor.cl` test:
    
    ```
    error: line 88: OpFunctionCall Argument <id> '25[%this1]'s type does not
    match Function <id> '11[%_ptr_Generic_class_Something]'s parameter type.
      %30 = OpFunctionCall %void %_ZNU3AS49SomethingC2Ei %this1 %26
    ```
    
    Other changes allow to translate structs in a new way without violating
    validation or test checks.

commit 9aeb7eb92d7c0cb79ddc4ef87be87dd4d9645356
Author: Sven van Haastregt <sven.vanhaastregt@arm.com>
Date:   Wed Nov 13 11:12:10 2024 +0100

    [SPIR-V 1.1] SPIRVReader: Add OpSizeOf support (#2853)
    
    The `OpSizeOf` instruction was added in SPIR-V 1.1, but not supported
    yet.

commit 23b14ed3d88418e0f0c1025aff699e3b132f7dbe
Author: Jinsong Ji <jinsong.ji@intel.com>
Date:   Wed Nov 13 05:11:44 2024 -0500

    Remove unused var (#2854)

commit 1a1bf17d9e8684cd826e4278e78f63aa80e2e2ca
Author: Ben Ashbaugh <ben.ashbaugh@intel.com>
Date:   Fri Nov 8 13:09:51 2024 -0800

    Generate load and store for OpCopyLogical (#2825)
    
    fixes #2768
    
    Generate an LLVM memcpy for OpCopyLogical, rather than a call to an OpCopyLogical function.

commit 69f65ef9257f3db2de7121da79d96d09ff2006b5
Author: Vyacheslav Levytskyy <vyacheslav.levytskyy@intel.com>
Date:   Fri Nov 8 17:11:44 2024 +0100

    ensure that PHI node has an incoming value per each predecessor instance even if the input SPIR-V module is invalid as reported by spirv-val (#2852)

commit 04b546550077c4fb51535022af6bf76dcb59362d
Author: Sven van Haastregt <sven.vanhaastregt@arm.com>
Date:   Fri Nov 8 11:29:07 2024 +0100

    SPIRVReader: Support OpConstantComposite for cooperative matrix (#2826)
    
    This was hitting a "not implemented UNREACHABLE".
    Like the other cooperative matrix operations, map this construct to a
    SPIR-V friendly IR function call.
    
    Let `transDbgInfo` skip over `OpConstantComposite` because we're
    mapping `OpConstantComposite` to an LLVM `Instruction` without having
    a corresponding `SPIRVInstruction`.

commit cf697333b60d2000509ab7e79869ecab5eda9e9c
Author: Sven van Haastregt <sven.vanhaastregt@arm.com>
Date:   Thu Nov 7 13:20:07 2024 +0100

    Update tests after LLVM IR splat syntax change (#2829)
    
    Update for LLVM commit 38fffa630ee8 ("[LLVM][IR] Use splat syntax when
    printing Constant[Data]Vector. (#112548)", 2024-11-06).

commit eb64e4d795006d55bac112005e71636a64f66c2a
Author: Qichao Gu <qichao.gu@intel.com>
Date:   Wed Nov 6 20:59:21 2024 +0800

    Handle removed OpAtomicCompareExchangeWeak (#2824)
    
    OpAtomicCompareExchangeWeak has been removed and #2665 added a validation for it.
    This pull request replaces OpAtomicCompareExchangeWeak with OpAtomicCompareExchange.

commit ba8701e6fcbb32e40de4cd2ae5707e9674492863
Merge: b1f33ed6 e229d7c6
Author: Alex Voicu <alexandru.voicu@amd.com>
Date:   Wed Nov 6 14:54:52 2024 +0200

    Merge branch 'amd-staging' of https://github.com/ROCm/SPIRV-LLVM-Translator into amd-staging

commit b1f33ed617a61f2d183cca987542a5c49a8e48e8
Merge: 64739371 925255cb
Author: Alex Voicu <alexandru.voicu@amd.com>
Date:   Wed Nov 6 14:53:22 2024 +0200

    Merge branch 'main' of https://github.com/KhronosGroup/SPIRV-LLVM-Translator into amd-staging

commit 925255cb19828967a6f16ddb20596102385035c3
Author: Qichao Gu <qichao.gu@intel.com>
Date:   Wed Nov 6 16:35:53 2024 +0800

    Translate integer dot product SPIR-V builtins to OCL builtins (#2794)
    
    #1174 implements translating integer dot product OCL builtins to SPIR-V builtins. This pull request is to do the reverse translation.

commit caa1abcda8a91de15c68003b88ec43dc1d234f8a
Author: Viktoria Maximova <viktoria.maksimova@intel.com>
Date:   Mon Nov 4 12:09:31 2024 +0100

    Test more cases with SPV_KHR_untyped_pointers (#2821)

commit 8e65158c3250e5c618594392780f0d3d7cd514a5
Author: Viktoria Maximova <viktoria.maksimova@intel.com>
Date:   Mon Nov 4 11:58:46 2024 +0100

    SPV_KHR_untyped_pointers - fix enqueue marker (#2820)
    
    This patch ensures that we are loading image type, not untyped pointer
    type when the extension is used. This way we also preserve correct
    mangling during the reverse translation.

commit e229d7c6791653e68f8e1fbff7b4c5ab5a4957c3
Merge: 5be01ba0 cc57c3a3
Author: Alex Voicu <alexandru.voicu@amd.com>
Date:   Fri Nov 1 03:01:56 2024 +0000

    Merge branch 'main' of https://github.com/KhronosGroup/SPIRV-LLVM-Translator into amd-staging

commit cc57c3a3cd000abd3a1c23265633e80f5da891d9
Author: LU-JOHN <john.lu@intel.com>
Date:   Thu Oct 31 21:01:40 2024 +0800

    Enable spirv-val testing (#2651)
    
    spirv-val allows non-constant and array of 8-bit ints for printf fmt strings after KhronosGroup/SPIRV-Tools#5677. Enable spirv-val testing of this new functionality.
    
    Signed-off-by: Lu, John <john.lu@intel.com>

commit cd7985fb6d2589d4eaaab631d188c817ea1e3b01
Author: Viktoria Maximova <viktoria.maksimova@intel.com>
Date:   Wed Oct 30 13:05:01 2024 +0100

    SPV_KHR_untyped_pointers - fix images translation (#2817)
    
    This patch ensures that we are loading image type, not untyped pointer
    type when the extension is used. This way we also preserve correct
    mangling during the reverse translation.

commit e3b9ba37834931310f244b2cb826e9e816fda101
Author: Viktoria Maximova <viktoria.maksimova@intel.com>
Date:   Wed Oct 30 11:30:44 2024 +0100

    Fix llvm.frexp intrinsic translation with SPV_KHR_untyped_pointers (#2818)

commit 8dc0349c0860172c52d600f2a7422502f11bde2e
Author: Sven van Haastregt <sven.vanhaastregt@arm.com>
Date:   Mon Oct 28 09:50:57 2024 +0100

    SPIRVReader: Add OpCopyMemory support (#2779)
    
    Add support for translating `OpCopyMemory` into `llvm.memcpy`.
    
    Fixes https://github.com/KhronosGroup/SPIRV-LLVM-Translator/issues/2769

commit 5be01ba0b930477cd37cf7d3605081fae410755a
Merge: 9eefee23 196bbc97
Author: Alex Voicu <alexandru.voicu@amd.com>
Date:   Wed Oct 23 22:33:04 2024 +0100

    Merge branch 'main' of https://github.com/KhronosGroup/SPIRV-LLVM-Translator into amd-staging

commit 196bbc97bdde04578084c8ea4c47f4be01194f0e
Author: Sven van Haastregt <sven.vanhaastregt@arm.com>
Date:   Wed Oct 23 13:47:26 2024 +0200

    [CI] Do not run check-in-tree after pushes to llvm_release_* (#2793)
    
    The check-in-tree tests take about 50 minutes to run compared to <5
    minutes for check-out-of-tree.  This causes considerable congestion on
    the runners when backports get merged to several llvm_release_*
    branches around the same time.
    
    Since the value of these post-push checks is relatively low, disable
    them; they will still run on pull requests.

commit 566023769b3ab6a2accbc786ba746eebf2c2b4fd
Author: Viktoria Maximova <viktoria.maksimova@intel.com>
Date:   Tue Oct 22 13:02:20 2024 +0200

    Fix mangling for atomic builtins used with SPV_KHR_untyped_pointers (#2771)
    
    This change allows to preserve the correct builtin mangling in reverse translation.
    All the existing tests for atomics (except atomic flag instructions which are not covered by the extension) were updated to verify we get the same mangling with and without extension enabled.

commit 9d2926d27b478f08513a0265e39afb26659d2b63
Author: Sven van Haastregt <sven.vanhaastregt@arm.com>
Date:   Tue Oct 22 09:06:39 2024 +0200

    Fix SPIRVCopyMemory::validate() (#2770)
    
    The asserts should be checking the `Target` member variable; `Id` is
    not used for this class.
    
    Only fix the wrong asserts for now; proper handling and testing of
    `OpCopyMemory` will be done in a followup commit.
    
    Contributes to https://github.com/KhronosGroup/SPIRV-LLVM-Translator/issues/2769

commit ae8fa3825a699b247a71330b7794b292b1532dbf
Author: Dmitry Sidorov <dmitry.sidorov@intel.com>
Date:   Mon Oct 21 16:05:49 2024 +0200

    Add fast math flag translation for OpenCL std lib (#2762)
    
    Such possibility was added in SPIR-V 1.6.
    This patch also introduces limited translation of nofpclass LLVM parameter attribute.
    
    Signed-off-by: Sidorov, Dmitry <dmitry.sidorov@intel.com>

commit c795db9a90b86f08cb3dedf9776c4496d85d9448
Author: Viktoria Maximova <viktoria.maksimova@intel.com>
Date:   Mon Oct 21 11:03:58 2024 +0200

    SPV_KHR_untyped_pointers - implement OpUntypedPrefetchKHR (#2752)
    
    When the extension is enabled, we should replace prefetch OpenCL ExtInst with the OpUntypedPrefetchKHR instruction.
    
    Spec:
    https://htmlpreview.github.io/?https://github.com/KhronosGroup/SPIRV-Registry/blob/main/extensions/KHR/SPV_KHR_untyped_pointers.html

commit e8fce056867bb1b82cdbcde047cfb065b18541f0
Author: Sven van Haastregt <sven.vanhaastregt@arm.com>
Date:   Fri Oct 18 15:13:54 2024 +0200

    [NFC] Clarify optionality of spirv-val in test suite (#2765)

commit 21e96548e2428608421f46272e06015cd2635880
Author: Cui, Dele <dele.cui@intel.com>
Date:   Fri Oct 18 20:22:15 2024 +0800

    Fix SPIR-V Builtin OpGenericCastToPtr transformation to OCL (#2763)
    
    OpGenericCastToPtrExplict is for dynamic cast and OpGenericCastToPtr is for static cast.
    
    OpGenericCastToPtrExplict is already transformed to to_{global|local|private} OCL builtins, but the handling for OpGenericCastToPtr is missing.
    
    Looks we can transform OpGenericCastToPtr to addrspacecast instruction directly in SPIRV to OCL transformation.
    
    Signed-off-by: Cui, Dele <dele.cui@intel.com>

commit bdad3f9416ddfaa11f46e2243fa5e29d35dc0d96
Author: Sven van Haastregt <sven.vanhaastregt@arm.com>
Date:   Fri Oct 18 14:18:17 2024 +0200

    Update for typeIncompatible LLVM API change (#2764)
    
    Update after llvm-project commit c85611e8583e
    ("[SimplifyLibCall][Attribute] Fix bug where we may keep `range` attr
    with incompatible type (#112649)", 2024-10-17).

commit 9eefee23f41a4a42aa30816134d2907a88d5ddd2
Merge: d049f7dd ee682a48
Author: Alex Voicu <alexandru.voicu@amd.com>
Date:   Fri Oct 18 02:50:03 2024 +0100

    Merge branch 'main' of https://github.com/KhronosGroup/SPIRV-LLVM-Translator into amd-staging

commit ee682a4869b84da188b57b91b95f3402ca24925d
Author: Mateusz Chudyk <mateusz.chudyk@intel.com>
Date:   Thu Oct 17 19:25:03 2024 +0200

    Add missing requirement spirv-dis in GroupAndSubgroupInstructions.spvasm test (#2759)

commit 34bc772821bd93e227dbc4fe8498e095f6254d63
Author: Mateusz Chudyk <mateusz.chudyk@intel.com>
Date:   Thu Oct 17 19:24:34 2024 +0200

    Remove redundant requirement spirv-as in tu-member-opaque.spvasm test (#2757)
    
    * Remove redundant requirement spirv-as in tu-member-opaque.spvasm test
    
    * Correct the tu-member-opaque.spvasm test file extension

commit d049f7dd615de9430be7cdba0a5075c3a144a6b0
Author: Alex Voicu <alexandru.voicu@amd.com>
Date:   Wed Oct 16 23:13:42 2024 +0100

    Add missing `std::`.

commit 1667a81753c3df80930db9305a7e98f5cece5089
Merge: d703d688 ee130659
Author: Alex Voicu <alexandru.voicu@amd.com>
Date:   Wed Oct 16 22:40:59 2024 +0100

    Merge branch 'main' of https://github.com/KhronosGroup/SPIRV-LLVM-Translator into amd-staging

commit ee130659c16e2d32d618fb219cec457739708c1f
Author: Marcos Maronas <marcos.maronas@intel.com>
Date:   Wed Oct 16 18:03:58 2024 +0100

    Use move to prevent copy (#2761)
    
    Signed-off-by: Marcos Maronas <marcos.maronas@intel.com>

commit 20eeca98ebef7c84487219e437883896a193d762
Author: Mateusz Chudyk <mateusz.chudyk@intel.com>
Date:   Wed Oct 16 14:52:39 2024 +0200

    Fix typo in warning message (#2758)

commit 29b02642964a24022a21a3c773dcd1343eefef7a
Author: Sven van Haastregt <sven.vanhaastregt@arm.com>
Date:   Wed Oct 16 14:50:51 2024 +0200

    [NFC] Drop 'using namespace std' everywhere (#2755)
    
    Most uses of std functionality already have explicit `std::`
    qualifications, so qualify the remaining unqualified uses and drop the
    `using namespace` directives.

commit 4baa42c3da51c0d62b201bd46f7719ee91ea95c0
Author: Sven van Haastregt <sven.vanhaastregt@arm.com>
Date:   Wed Oct 16 14:50:15 2024 +0200

    Align constant-loclist test to upstream (#2756)
    
    The test has evolved upstream since it was forked into this repository
    and started failing now.  Re-align the invocations and FileCheck
    patterns with the test in llvm-project.

commit d703d688aeab927ab4db22fd645765653868fc76
Author: Alex Voicu <alexandru.voicu@amd.com>
Date:   Tue Oct 15 00:33:33 2024 +0100

    Fix remaining instances of using `Intrinsic::getDeclaration`.

commit edf4cff10b9a85aeae7a4fd672cfe32ad1ecc11d
Merge: 64739371 fd80cf38
Author: Alex Voicu <alexandru.voicu@amd.com>
Date:   Tue Oct 15 00:24:00 2024 +0100

    Merge branch 'main' of https://github.com/KhronosGroup/SPIRV-LLVM-Translator into amd-staging

commit fd80cf38d6fde8b5fc28cd3231cc611e91dd8b56
Author: Viktoria Maximova <viktoria.maksimova@intel.com>
Date:   Mon Oct 14 09:18:29 2024 +0200

    Replace getDeclaration with getOrInsertDeclaration after upstream changes (#2753)

commit 64739371a45764383a5a215bf79561030806a0c3
Author: Alex Voicu <alexandru.voicu@amd.com>
Date:   Sun Oct 13 02:06:35 2024 +0300

    Remove noise, handle GEP reverse-translation corner case.

commit a12e20d3cb095489aab5a3ff188998bc4104d693
Author: Jinsong Ji <jinsong.ji@intel.com>
Date:   Fri Oct 11 14:17:01 2024 -0400

    Require spirv-dis in zero-length-array.ll (#2754)
    
    We might not build spirv-dis.

commit c1abb9cde984316d041b4fc4c2286d0d2009c540
Author: Alex Voicu <alexandru.voicu@amd.com>
Date:   Fri Oct 11 19:23:33 2024 +0300

    Add AMDGCNSPIRV specific (and mostly temporary) delta.

commit f57904794dcd8af51bed3486b620378311fae5c7
Merge: 4b46fafa d3e72db7
Author: Alex Voicu <alexandru.voicu@amd.com>
Date:   Fri Oct 11 18:39:12 2024 +0300

    Merge branch 'main' of https://github.com/KhronosGroup/SPIRV-LLVM-Translator into amd-staging

commit d3e72db7e0d74f4786a8073ee23af63c85a243e1
Author: Viktoria Maximova <viktoria.maksimova@intel.com>
Date:   Thu Oct 10 17:25:45 2024 +0200

    Enable `spirv-val` in tests after SPIRV-Tools were updated in CI (#2749)

commit a217f5e3449eaa8c9d22797f1cd7ec960514e8b2
Author: Sven van Haastregt <sven.vanhaastregt@arm.com>
Date:   Wed Oct 9 17:20:45 2024 +0200

    UnXFAIL untyped_var test after spirv-tools update (#2748)
    
    With the latest release of spirv-tools (1.3.296) this test now passes.

commit 9a23d54079204aeec0f16436c81debf7b64f77b9
Author: David Spickett <spickettdavid@googlemail.com>
Date:   Wed Oct 9 15:39:27 2024 +0100

    Remove unused private member from LLVMParallelAccessIndices (#2747)
    
    ```
    .../SPIRV-LLVM-Translator/lib/SPIRV/SPIRVWriter.cpp:1697:44: warning: private field 'IndexGroupArrayMap' is not used [-Wunused-private-field]
     1697 |   LLVMToSPIRVBase::LLVMToSPIRVMetadataMap &IndexGroupArrayMap;
          |
    ```
    IndexGroupArrayMap is used but only during the constructor to
    validate and build other things.
    
    This change happened in 4a7804bc45ada92b8365c82b99387726382b5d7d
    where code was moved from a separate method, into the constructor.

commit a13e80b834d5a7d176a1288bfcfacf6e5415bd0f
Author: Viktoria Maximova <viktoria.maksimova@intel.com>
Date:   Wed Oct 9 16:39:07 2024 +0200

    SPV_KHR_untyped_pointers - implement access chain instructions (#2735)
    
    Spec:
    https://htmlpreview.github.io/?https://github.com/KhronosGroup/SPIRV-Registry/blob/main/extensions/KHR/SPV_KHR_untyped_pointers.html

commit a52ef6da720962edd7e6128b8665c06117d02ea2
Author: David Spickett <spickettdavid@googlemail.com>
Date:   Wed Oct 9 09:46:36 2024 +0100

    Fix unannotated fall-through warning in SPIRVWriter.cpp (#2745)
    
    By adding the missing `break`.
    
    SPIRV-LLVM-Translator/lib/SPIRV/SPIRVWriter.cpp:3718:5: warning: unannotated fall-through between switch labels [-Wimplicit-fallthrough]
     3718 |     default:
          |     ^
    SPIRV-LLVM-Translator/lib/SPIRV/SPIRVWriter.cpp:3718:5: note: insert 'break;' to avoid fall-through
     3718 |     default:
          |     ^
          |     break;
    
    As the default case was just `break`, the behaviour is the same
    but this should prevent future mistakes here.

commit 573e951a3207fe938a7534c7c6268efb1e581fa0
Author: David Spickett <spickettdavid@googlemail.com>
Date:   Wed Oct 9 09:46:16 2024 +0100

    Fix string to bool conversion warnings in asserts (#2746)
    
    /SPIRV-LLVM-Translator/lib/SPIRV/SPIRVRegularizeLLVM.cpp:535:15: warning: implicit conversion turns string literal into bool: 'const char[39]' to 'bool' [-Wstring-conversion]
      535 |       assert(!"Cache controls must decorate a pointer");
          |              ~^~~~~~~~~~~~~~~~~~~~~~~~~~~~~~~~~~~~~~~~
    /usr/include/assert.h:93:27: note: expanded from macro 'assert'
       93 |      (static_cast <bool> (expr)                                         \
          |                           ^~~~
    
    The original code is not wrong but `false &&` is only a few
    characters more and does the same thing without warning.

commit 4b46fafaad1f3ac6b020366f320897371d532fb2
Author: Alex Voicu <alexandru.voicu@amd.com>
Date:   Wed Oct 9 02:09:13 2024 +0300

    Use `amd-llvm-spirv` everywhere.

commit 2b36fff37bf94ae942febe0fab82187771741933
Merge: 0b26a9e2 38db490f
Author: Alex Voicu <alexandru.voicu@amd.com>
Date:   Wed Oct 9 02:07:18 2024 +0300

    Merge branch 'main' of https://github.com/KhronosGroup/SPIRV-LLVM-Translator into amd-staging

commit 0b26a9e23dc373822b777edce2aa393dd39e6277
Author: Alex Voicu <alexandru.voicu@amd.com>
Date:   Tue Oct 8 22:27:43 2024 +0300

    Rename the library as well to disambiguate vs upstream LLVM-SPIRV.

commit 38db490f855499c9416f0b2af70540678e05b44d
Author: Lorenc Bushi <lorenc.bushi@intel.com>
Date:   Tue Oct 8 13:06:03 2024 -0400

    Translate LLVM-IR zero-length arrays to 1-length arrays in SPIR-V (#2743)
    
    The LLVM-IR type of zero-length array does not seem to have a mapping into SPIR-V type, rather it outputs an error since the obvious choice of zero-length array is not valid in SPIR-V. This, for example, prohibits us from using unbounded arrays in SYCL device kernels because they are typically represented in LLVM-IR through zero-length arrays. This PR attempts to introduce a workaround to this by lowering a zero-length array in LLVM-IR to a 1-length array in SPIR-V.

commit 8a0638eea4e304375b544aa81dc895a37c5f097a
Author: Sven van Haastregt <sven.vanhaastregt@arm.com>
Date:   Tue Oct 8 15:22:13 2024 +0200

    [NFC] Realign all source files to clang-format style (#2744)
    
    Some small deviations from the clang-format style have crept in over
    time.  Re-format all files again to avoid formatting noise in future
    patches.

commit 0317fa82d24ad7b2f63e4e630f2372f0e80c5b78
Author: Sven van Haastregt <sven.vanhaastregt@arm.com>
Date:   Tue Oct 8 15:15:20 2024 +0200

    Ignore UserSemantic decorations on BuiltIn variables (#2742)
    
    UserSemantic decorations on BuiltIn variables would be added into
    `llvm.global.annotations`.  During lowering of builtin variables to
    function calls, `replaceUsesOfBuiltinVar` would not know how to handle
    the annotation and crash.
    
    Right now there is no clear use case for UserSemantic decorations on
    BuiltIn variables, so just ignore the decoration and drop it during
    translation from SPIR-V to LLVM.
    
    Test-case-by: Ben Ashbaugh <ben.ashbaugh@intel.com>

commit 33150bf7b08a0d43bed9ebdec4df491a6884cef4
Author: Viktoria Maximova <viktoria.maksimova@intel.com>
Date:   Tue Oct 8 15:14:56 2024 +0200

    Fix OCL builtins translation in case SPV_KHR_untyped_pointers is enabled (#2723)
    
    This change allows to preserve the correct builtin mangling in reverse translation.

commit f1d3025f15773f3f93098aefc2f157360a7cbccf
Author: Alex Voicu <alexandru.voicu@amd.com>
Date:   Tue Oct 8 03:21:40 2024 +0300

    Use `amd-llvm-spirv` instead of `llvm-spirv` to unambiguously identify the fork.

commit de51ac6a14954688f361b65ad5ff6bbe3b006017
Author: Alex Voicu <alexandru.voicu@amd.com>
Date:   Tue Oct 8 03:18:07 2024 +0300

    Update .gitignore to exclude VSCode specific files.

commit cec8e5fb989664d8bd7919d9a0f010ec90fcdae9
Author: Alex Voicu <alexandru.voicu@amd.com>
Date:   Tue Oct 8 03:17:29 2024 +0300

    Add missing test to the disabled list.

commit 3e899de57777739d597e67b413b776bfd6267e0b
Author: Alex Voicu <alexandru.voicu@amd.com>
Date:   Tue Oct 8 03:17:08 2024 +0300

    Temporarily disable DebugInfo tests which fail due to amd-staging lagging behind upstream.

commit 0c7a688b7f17cd6ca8c4a1a2a27fb1495e89aed2
Author: Alex Voicu <alexandru.voicu@amd.com>
Date:   Tue Oct 8 02:48:47 2024 +0300

    Add AMD specific info.

commit 97f15430b265570aed01bd61a256b726a3027915
Author: Alex Voicu <alexandru.voicu@amd.com>
Date:   Tue Oct 8 02:24:56 2024 +0300

    Disable GH Actions for now.

commit e16f698506710fdf1795033fc8ffc87958818542
Author: Marcos Maronas <marcos.maronas@intel.com>
Date:   Mon Oct 7 13:55:09 2024 +0100

    Add support for llvm.scmp/ucmp.* (#2741)
    
    Signed-off-by: Marcos Maronas <marcos.maronas@intel.com>

commit 7d7f946dbd512367597ee97829febd43ca6c9f77
Author: Vyacheslav Levytskyy <vyacheslav.levytskyy@intel.com>
Date:   Fri Oct 4 12:48:14 2024 +0200

    Ensure that PHI node has an incoming value per each predecessor instance (#2736)
    
    This PR partially fixes issue #2702 in the part that is responsible for SPIR-V to LLVM IR translation. Namely, this PR ensures that all PHI nodes of a Function has the number of incoming blocks matching block's predecessor count. When a PHI node doesn't conform to this rule, this PR inserts missing number of (Value, Basic Block) pairs to make the PHI node valid.
    
    Another problem from #2702, that is violation of the requirement to OpPhi's to have exactly one Parent ID operand for each parent block of the current block in the CFG in the output SPIR-V code, is out of scope of this PR.

commit 362cc4c676d742e7b5abf62edbf151e3fd932118
Author: Sven van Haastregt <sven.vanhaastregt@arm.com>
Date:   Fri Oct 4 12:38:43 2024 +0200

    Update header.ll DebugInfo test after LLVM change (#2740)
    
    Update a test after llvm commit e6bf48d11047 ("[X86] Don't request
    0x90 nop filling in p2align directives (#110134)", 2024-10-02).

commit 46c9eb9ea9b4c6f4f0c6bbc1f2f66a9fbc7141b1
Author: Dmitry Sidorov <dmitry.sidorov@intel.com>
Date:   Fri Sep 27 10:49:56 2024 +0200

    Introduce CodeSectionINTEL storage class (#2728)
    
    This storage class is used for function pointers. It's added as based on cl_intel_function_pointers specification, it is not guaranteed that sizeof(void(*)(void) == sizeof(void *) - to allow consumers use this fact, we cannot say that function pointer belongs to the same storage class as data pointers.
    
    It wasn't added during initial implementation, now it's time to fill this gap. As it would be a breaking change its generation is added only under -spirv-emit-function-ptr-addr-space option. Also SPIR-V consumer may pass this option during reverse translation to get new address space even in a case, when OpConstantFunctionPointerINTEL doesn't reside in CodeSectionINTEL storage class.
    
    Expected behavior:
    
    No option is passed to the forward translation stage and function pointers are in addrspace(9):
    no CodeSectionINTEL storage class in SPIR-V
    The option is passed to the forward translation stage and function pointers are in addrepace(9):
    CodeSectionINTEL storage class is generated
    No option is passed to the reverse translation stage: function pointers are in private address space
    The option is passed to the reverse translation stage: function pointers are in addrspace(9)
    Spec:
    https://github.com/intel/llvm/blob/sycl/sycl/doc/design/spirv-extensions/SPV_INTEL_function_pointers.asciidoc
    
    The previous approach: #1392

commit 630a90a2a20b59054afb0281970c508f58c4ede9
Author: Alex Voicu <alexandru.voicu@amd.com>
Date:   Fri Sep 27 09:49:07 2024 +0100

    Centralise & tweak handling of SyncScope to SPIR-V translation (#2727)
    
    This patch collects the mapping from LLVM SyncScope ID, which was spread out across multiple sites, into a single utility function. Furthermore, it realigns the mapping to match LLVM conventions, namely it defaults to System / CrossDevice (please see llvm/llvm-project#106429) for more context for the proposed changes.

commit b0690c16c3247e7d401c56655154df257769ebb9
Author: Marcos Maronas <marcos.maronas@intel.com>
Date:   Thu Sep 26 11:55:47 2024 +0200

    Set required alignment to CopyMemorySized newly created source var (#2725)
    
    llvm.memset intrinsic is translated to OpCopyMemorySized using a newly created global variable with the required value as a source operand. This PR sets proper alignment to this newly created global variable.
    
    Signed-off-by: Marcos Maronas <marcos.maronas@intel.com>

commit 107dae0892707029685432e57e70ba0fa68a823a
Author: Sven van Haastregt <sven.vanhaastregt@arm.com>
Date:   Tue Sep 24 13:42:35 2024 +0200

    [NFC] Replace deprecated CreateGlobalStringPtr (#2726)
    
    Update after llvm commit 04d8e364bbf7 ("[IRBuilder] Deprecate
    CreateGlobalStringPtr() (NFC)", 2024-09-23).

commit 374eb9d8a4ee0ec584b38b36d6efcd7776c782b0
Author: Sven van Haastregt <sven.vanhaastregt@arm.com>
Date:   Tue Sep 24 12:54:24 2024 +0200

    Update after Instruction iterator-insertion deprecation (#2724)
    
    Avoid deprecation warnings after LLVM commit 2f50b280dc8e
    ("[DebugInfo] Enable deprecation of iterator-insertion methods
    (#102608)", 2024-09-20).

commit dc1221cd83e67efb94ec5c729f250bbe1d886707
Author: Vyacheslav Levytskyy <vyacheslav.levytskyy@intel.com>
Date:   Thu Sep 19 13:26:43 2024 +0200

    Fix incorrect translation of calls to a builtin that returns a structure (#2722)
    
    Fix issue #2721: Incorrect translation of calls to a builtin that returns a structure: create just one load, and account for a special case when Translator prepared a well-known pattern (store/load) for itself.

commit 569972a61c86aa6892df443c6405283235022247
Author: Marcos Maronas <marcos.maronas@intel.com>
Date:   Thu Sep 19 13:15:02 2024 +0200

    Report error when finding variadic function other than printf (#2703)
    
    Variadic functions are not supported in SPIR-V, the only known exception is printf.
    
    Signed-off-by: Marcos Maronas <marcos.maronas@intel.com>

commit 52ba01c7e56cf4af07f2d0426ae36f1f83aa89e6
Author: Marcos Maronas <marcos.maronas@intel.com>
Date:   Tue Sep 17 09:24:09 2024 +0200

    Fix typo in intrinsic name in a comment. (#2719)
    
    Signed-off-by: Marcos Maronas <marcos.maronas@intel.com>

commit 484e4070adb0a95792eb669fb8ec62e7b7b0bb54
Author: Viktoria Maximova <viktoria.maksimova@intel.com>
Date:   Mon Sep 16 17:27:50 2024 +0200

    SPV_KHR_untyped_pointers - implement OpUntypedVariableKHR (#2709)
    
    This continues #2687 by introducing untyped variables.
    
    Spec:
    https://htmlpreview.github.io/?https://github.com/KhronosGroup/SPIRV-Registry/blob/main/extensions/KHR/SPV_KHR_untyped_pointers.html

commit dfeb22b8696d2f5c887c77a2c8ffeffdfa0fe7c5
Author: Vyacheslav Levytskyy <vyacheslav.levytskyy@intel.com>
Date:   Mon Sep 16 10:40:16 2024 +0200

    Add an option to translate LLVM IR to SPIR-V using the LLVM SPIRV Backend target (#2716)
    
    This adds a new command line option "spirv-use-llvm-backend-target" that is to translate LLVM IR to SPIR-V using the LLVM SPIRV Backend target. cmake definitions are modified to search for the LLVM SPIRV Backend target while configuring the project, and when LLVM is built with SPIRV Backend support, we may use the interface exposed by SPIRV BE to translate Module to SPIR-V code, but only if a user explicitly asks for this way of LLVM IR transformation.

commit 6895a2eb5d053d809c06d61774149823578c6cc9
Author: Dmitry Sidorov <dmitry.sidorov@intel.com>
Date:   Fri Sep 13 20:20:37 2024 +0200

    Allow short16 for ushort16 intel_sub_group_block_read/write (#2718)
    
    Per cl_intel_subgroups_short V 1.1.0 short16 is allowed for these
    builtins.
    
    Signed-off-by: Sidorov, Dmitry <dmitry.sidorov@intel.com>

commit aab1211a15cde2f0972a9262ebd16c0053ee2baa
Author: Sven van Haastregt <sven.vanhaastregt@arm.com>
Date:   Thu Sep 12 14:22:57 2024 +0200

    [CI] Upgrade upload-artifact to v4 (#2717)

commit a5952614c12594c6452aa2ef611eaa1f00cc5364
Author: Cui, Dele <dele.cui@intel.com>
Date:   Tue Sep 10 21:49:17 2024 +0800

    [NFC] Refactor switch function creation to generate single return point (#2714)
    
    The refactoring is to simplify the vectorization of generated functions.
    
    Signed-off-by: Cui, Dele <dele.cui@intel.com>

commit ea2fcc172f6861e2effbc1af110dacde3f473893
Author: Victor Perez <victor.perez@codeplay.com>
Date:   Tue Sep 10 14:02:38 2024 +0200

    Handle constant sized array allocations using no extension (#2713)
    
    In LLVM, array allocations might have constant size:
    
    %array = alloca i32, i64 4, align 4
    Represent this kind of allocations using OpVariable + OpBitcast.
    
    Before this patch, the SPV_INTEL_variable_length_array extension was used.
    
    Signed-off-by: Victor Perez <victor.perez@codeplay.com>

commit c38378cd5d814edc4840d7eb772ab1ff8926e3ae
Author: Fraser Cormack <frasercrmck@gmail.com>
Date:   Tue Sep 10 12:46:12 2024 +0100

    Relax operand constraints on max_work_group_size metadata (#2711)
    
    This allows `max_work_group_size` metadata to behave like
    `reqd_work_group_size` and `work_group_size_hint` in that it may have
    between 1 and 3 operands. Missing dimensions are filled in with 1s.

commit 9b0f29c488ada229af815c825e92c47e2b91142b
Author: Dmitry Sidorov <dmitry.sidorov@intel.com>
Date:   Tue Sep 10 12:58:00 2024 +0200

    [NFC][CI] Add polly to clang-format checks (#2715)
    
    also fix formatting issue from a recent PR.
    
    Signed-off-by: Sidorov, Dmitry <dmitry.sidorov@intel.com>

commit 3ca39b1b22c05bb171044b16e00c4d020661b9f1
Author: Dmitry Sidorov <dmitry.sidorov@intel.com>
Date:   Mon Sep 9 19:34:23 2024 +0200

    [NFC][CI] Add clang-tools and polly to installation deps (#2712)
    
    Signed-off-by: Sidorov, Dmitry <dmitry.sidorov@intel.com>

commit 3e523388f13bcc7c3e157027b7d38affc384b4ce
Author: Marcos Maronas <marcos.maronas@intel.com>
Date:   Mon Sep 9 17:52:35 2024 +0200

    Ignore llvm.debugtrap (#2708)
    
    We already ignore llvm.trap, adding llvm.debugtrap as well.
    
    Signed-off-by: Marcos Maronas <marcos.maronas@intel.com>

commit 7cd86419f866e7376c4936d40f29ff9f614f0924
Author: Jinsong Ji <jinsong.ji@intel.com>
Date:   Sat Sep 7 04:53:32 2024 -0400

    [NFC] Require spirv-as for spvasm tests (#2710)

commit 7dacb7cdedc9c01e0ce88f1f3766c42ab8f59b7c
Author: Viktoria Maximova <viktoria.maksimova@intel.com>
Date:   Thu Sep 5 18:01:13 2024 +0200

    SPV_KHR_untyped_pointers - implement OpTypeUntypedPointerKHR (#2687)
    
    This is the first part of the extension implementation.
    Introducing untyped pointer type.
    
    Spec: https://htmlpreview.github.io/?https://github.com/KhronosGroup/SPIRV-Registry/blob/main/extensions/KHR/SPV_KHR_untyped_pointers.html

commit 2b5f15d871aa39bcc9d2667883dd989afa32a146
Author: Sven van Haastregt <sven.vanhaastregt@arm.com>
Date:   Fri Aug 30 15:54:10 2024 +0200

    SPIRVReader: handle direct types with CooperativeMatrixLengthKHR (#2695)
    
    Translation of the attached test would currently fail due to the
    SPIRVReader attempting to process the `%matTy` operand as a regular
    value instead of a type.  `OpCooperativeMatrixLengthKHR` seems to be
    pretty unique in taking an additional type operand beyond the result
    type, so special-case it in the reader.
    
    The translator currently accepts a non-type operand for
    `OpCooperativeMatrixLengthKHR` too, even though that's not within the
    specification; see various TODOs in the existing
    SPV_KHR_cooperative_matrix tests.  Leave that relaxation in place, by
    only translating the operand as a type when it is an
    `OpTypeCooperativeMatrixKHR`.

commit b5938f0f5e80dbe764b733c7d935c3cafc56a3df
Author: Sven van Haastregt <sven.vanhaastregt@arm.com>
Date:   Mon Aug 26 10:47:21 2024 +0200

    Fix element type when reading OpPtrDiff (#2683)
    
    The first argument to IRBuilder's `CreatePtrDiff` must be the element
    type, not the pointer type; otherwise the resulting difference will
    be scaled incorrectly.

commit f7057b44e20fd06ce8ff885af37befcfc5893894
Author: Ben Ashbaugh <ben.ashbaugh@intel.com>
Date:   Tue Aug 20 06:11:45 2024 -0700

    add reverse translation for OpDecorateString and OpMemberDecorateString (#2677)
    
    This PR adds "reverse translation" (from SPIR-V to LLVM IR) support for OpDecorateString and OpMemberDecorateString, see #2460 and #2670. These instructions are currently treated as synonyms for OpDecorate and OpMemberDecorate. We'll want to tidy this up at some point, but at least for now we won't crash if we see these instructions.
    
    I'll still need to add proper support for decorating variables in the input storage class for #2670, but I'll do that in a separate PR.

commit e5544014fba77d3ae1d1ce294f8255b5b9e0d36a
Author: Wenju He <wenju.he@intel.com>
Date:   Mon Aug 12 04:33:13 2024 -0700

    [OCLToSPIRV] Translate floating-point atomic_compare_exchange as integer (#2668)
    
    OpenCL spec supports atomic_float/atomic_double type for
    atomic_compare_exchange* functions. However, value and return type in
    OpAtomicCompareExchange in SPIR-V spec must be integer type.
    Therefore, in OCLToSPIRV translation we need to translate floating-point
    type to corresponding integer variant that has the same type size.
    Floating-point value is bitcasted so that bits remain the same.

commit 62ea823e64307e8fa1488439ac15249befbd213f
Author: Viktoria Maximova <viktoria.maksimova@intel.com>
Date:   Fri Aug 9 12:03:58 2024 +0200

    [SPIR-V 1.4] Removed OpAtomicCompareExchangeWeak (#2665)
    
    Verified locally by changing the version from `65536` to `66560` in `test/transcoding/atomics.spt`.

commit 95605477e7fe635649e3c69f86ce8e1433c486c4
Author: Henry Linjamäki <henry.mikael.linjamaki@intel.com>
Date:   Fri Aug 9 13:03:15 2024 +0300

    Add translation for Intrinsic::{atan,acos,asin,cosh,sinh,tanh} (#2657)
    
    Add translation for atan, acos, asin, cosh, sinh and tanh LLVM
    intrinsics which are mapped to corresponding OpenCL extended
    instructions.

commit e099f77cc6d02b94d002c88663dc3815b6674768
Author: Viktoria Maximova <viktoria.maksimova@intel.com>
Date:   Wed Aug 7 12:08:17 2024 +0200

    Fix addrspace generation in reverse translation for global annotations (#2656)
    
    This change fixes the assertion:
    
    Assertion `C->getType() == Ty->getElementType() && "Wrong type in array element initializer"' failed

commit 88e546a689b26792feff6c84e049b13e2e0feef8
Author: Sven van Haastregt <sven.vanhaastregt@arm.com>
Date:   Fri Aug 2 12:29:41 2024 +0200

    [CI] Upgrade in-tree job to Ubuntu 22.04 (#2658)
    
    The spirv-tools package used by the job seems no longer available for
    Ubuntu 20.04.

commit 84f525abd741c30685c3d233e4a495afd300ffa4
Author: Sven van Haastregt <sven.vanhaastregt@arm.com>
Date:   Fri Aug 2 09:22:30 2024 +0200

    Update llvm.memmove test after LLVM change (#2655)
    
    Update a test after llvm-project commit 92a06546ab50
    ("[LowerMemIntrinsics] Lower llvm.memmove to wide memory accesses
    (#100122)", 2024-07-26).

commit 097435f74df64bd08b8123a610662a0b08f24996
Author: Sven van Haastregt <sven.vanhaastregt@arm.com>
Date:   Fri Aug 2 09:14:02 2024 +0200

    Update LLVM version from 19 to 20 (#2652)

commit dad1f0eaab8047a4f73c50ed5f3d1694b78aae97
Author: Haonan Yang <haonan.yang@intel.com>
Date:   Wed Jul 24 19:06:19 2024 +0800

    Preserve old SourceLanguageOpenCL_CPP for spirv.Source metadata. (#2653)

commit 9508565848694d1a9bebd8a00f13749d7cc293d9
Author: Adel Ejjeh <121976986+aejjehint@users.noreply.github.com>
Date:   Tue Jul 23 09:28:16 2024 -0500

    Update SPIRVRepresentationInLLVM.rst to include loop controls (#2592)
    
    Add section about loop controls

commit f0d7e476924b8f9dad0428682b5633e908a43dde
Author: Dmitry Sidorov <dmitry.sidorov@intel.com>
Date:   Thu Jul 18 17:03:48 2024 +0200

    Adjust OpVariable's users and Lifetime ptr operand storage classes (#2650)
    
    While clang is generating alloca in private address space for OpenCL
    following target's datalayout, some of the passes might generate it
    in different generic AS and for this cases we have to create OpVariable
    in function storage class and create a cast to generic. Additionally
    if such alloca was an operand of lifetime instruction - then SPIR-V
    without storage class adjustment validation for lifetime instruction
    will be violated (pointer operand must be with Function storage class).
    
    This became exposed after https://github.com/llvm/llvm-project/pull/97306
    which was fixing handling of byval pointer parameter of a function
    during inlining, byval pointer for OpenCL will be generated in default
    (under an option - generic) address space making the alloca to store
    value of the function's operand also be generic.
    
    Signed-off-by: Sidorov, Dmitry <dmitry.sidorov@intel.com>

commit c5c3d71ad56a943674eb6696ae44b5e3c9df966a
Author: Marcos Maronas <marcos.maronas@intel.com>
Date:   Fri Jul 12 05:29:44 2024 -0700

    Add support for llvm.tan.* (#2639)
    
    It's mapped on OpenCL tan builtin
    
    Signed-off-by: Marcos Maronas <marcos.maronas@intel.com>

commit 45154b58186cb22be81b191877bf232d56cb79c3
Author: LU-JOHN <john.lu@intel.com>
Date:   Thu Jul 11 16:12:10 2024 -0500

    [NFC] Document intrinsic lowering (#2543)
    
    Document how llvm intrinsics are lowered by SPIRV-LLVM-Translator.
    
    Signed-off-by: Lu, John <john.lu@intel.com>

commit a84bfcaf829995cc1ab4038149f90f98c2f14e02
Author: Haonan Yang <haonan.yang@intel.com>
Date:   Thu Jul 11 15:56:23 2024 +0800

    Set spirv.Source according to the opencl.ocl.version and opencl.cxx.version. (#2631)
    
    Align with llvm/llvm-project@5fd5b8a.
    
    Co-authored-by: Sven van Haastregt <sven.vanhaastregt@arm.com>

commit 19b7768fc6f4c0195db7a0be049c009cf99edbbc
Author: Marcos Maronas <marcos.maronas@intel.com>
Date:   Tue Jul 9 06:57:34 2024 -0700

    Don't add initializer to local variables with external linkage (#2637)
    
    If a variable is external, it will be defined during linking, the translator
    should not do it.
    
    Signed-off-by: Marcos Maronas <marcos.maronas@intel.com>

commit 5dae971836ba4e3af703c06358c6f2eac0817b6d
Author: Dmitry Sidorov <dmitry.sidorov@intel.com>
Date:   Mon Jul 8 18:09:13 2024 +0200

    [NFC] Update README.md after 21038c1 (#2636)
    
    Signed-off-by: Sidorov, Dmitry <dmitry.sidorov@intel.com>

commit a276363ccac20bfc63788873b613ffa4e6fef7c7
Author: Harald van Dijk <harald@gigawatt.nl>
Date:   Mon Jul 8 17:07:21 2024 +0100

    Allow llvm-spirv to be built natively in LLVM cross builds. (#2633)
    
    When llvm-spirv is built in-tree as part of LLVM, and the LLVM build
    also includes libclc, libclc will require a native version of llvm-spirv
    to be built. To accommodate this, call setup_host_tool. This change by
    itself is intended to have no effect at the moment, but enables a future
    LLVM change.

commit 21038c1b35fa15478a2942aec5b768301795e597
Author: Maximilian Downey Twiss <creatorsmithmdt@gmail.com>
Date:   Mon Jul 8 19:59:49 2024 +1000

    Do not pass -DLLVM_EXTERNAL_PROJECTS="SPIRV-Headers" for an out of tree build (#2634)
    
    As per the CI logs:
    
    CMake Warning:
      Manually-specified variables were not used by the project:
    
        LLVM_EXTERNAL_PROJECTS
    
    
    -- Build files have been written to: /home/runner/work/SPIRV-LLVM-Translator/SPIRV-LLVM-Translator/build
    According to https://reviews.llvm.org/D20838 it looks like this is only relevant for in-tree builds, so no need to pass it here.

commit 350569a6621ebba8d6572776f10ccc3729a70770
Author: Sven van Haastregt <sven.vanhaastregt@arm.com>
Date:   Fri Jul 5 14:53:02 2024 +0200

    Set DEBUG_TYPE after all includes (#2632)
    
    The LLVM Programmer's Manual states that `DEBUG_TYPE` should only be
    set after the includes.

commit d194b9d4e60bc33c10e0ed999d9e3b1b6daaf857
Author: Jinsong Ji <jinsong.ji@intel.com>
Date:   Wed Jul 3 11:32:27 2024 -0700

    Remove unecessary include that require c++20 (#2628)

commit d7870dfe082b5d131f01173c58f098f4b39be34f
Author: Viktoria Maximova <viktoria.maksimova@intel.com>
Date:   Wed Jul 3 02:03:43 2024 +0200

    [SPIR-V 1.6] Move the version to supported (#2622)

commit 433ae975c2d10fbe3682b6d3103ae909e97c0ddc
Author: Viktoria Maximova <viktoria.maksimova@intel.com>
Date:   Tue Jul 2 12:58:27 2024 +0200

    Removed OpLessOrGreater (#2527)

commit f7c340c39e9f762ca7223242f2c6bc1476daab39
Author: Wenju He <wenju.he@intel.com>
Date:   Mon Jul 1 00:25:05 2024 -0700

    [NFC] Fix LLVMContext build error since llvm commit 656b8f5ec4ba (#2621)

commit c75fab28b73642eaf8e8dc47f0127f595f51a579
Author: Viktoria Maximova <viktoria.maksimova@intel.com>
Date:   Thu Jun 27 17:26:52 2024 +0200

    Support SMulExtended and UMulExtended SPIR-V instructions (#2608)
    
    They can be used as SPIR-V friendly calls as there is no obvious mapping
    to any existing LLVM instruction.
    
    The tests are basically copying the ones added in #2392
    
    This change will address the second part of #2302 issue

commit 305f48884606abf18306db9cdac1487ab6c5d3f1
Author: Wenju He <wenju.he@intel.com>
Date:   Thu Jun 27 01:36:32 2024 -0700

    [LLVM->SPIRV] Fix target id in decorates when there is forward decl (#2606)
    
    When there is forward declaration of a spirv entry, its decorates are
    not translated until its definition is seen. Forward id is re-used for
    its entry. Id in entry decorates should use forward id as well.

commit 277654e5b16a47acbd6bc14693995f92058ff514
Author: Sven van Haastregt <sven.vanhaastregt@arm.com>
Date:   Wed Jun 26 10:53:34 2024 +0200

    Update DebugInfo test after LLVM section symbol change (#2607)
    
    Update a check pattern in a test after llvm-project commit
    04c27852e470 ("[MC,COFF] Change how we handle section symbols",
    2024-06-25).

commit 4a6a1746c61f917b37420f5cab99b50fcd1197e7
Author: Viktoria Maximova <viktoria.maksimova@intel.com>
Date:   Wed Jun 26 10:53:05 2024 +0200

    [SPIR-V 1.6] True Label and False Label of an OpBranchConditional must not be the same (#2528)

commit 0db0f98bfab5b25ccb4de032f8941a2fd8168345
Author: Dmitry Sidorov <dmitry.sidorov@intel.com>
Date:   Wed Jun 26 10:52:47 2024 +0200

    Fix SPV_INTEL_runtime_aligned implementation part 1 (#1796)
    
    It was implemented via new decoration, which is not correct.
    Instead it should be Function Parameter Attribute decoration.
    
    In this commit starts fixing this in step-by-step manner.
    
    Signed-off-by: Sidorov, Dmitry <dmitry.sidorov@intel.com>
    Co-authored-by: Maksimova, Viktoria <viktoria.maksimova@intel.com>

commit 681f027524840ff826c0d399cf609b6369acba2f
Author: Matt Turner <mattst88@gmail.com>
Date:   Wed Jun 26 04:51:41 2024 -0400

    test: Fix x86 tests to use -mtriple=x86_64-unknown-linux-gnu (#2555)
    
    ... when test expects x86_64-specific results.

commit 97069a601d2e73344f772731e4b28edaa4723a0c
Author: Sven van Haastregt <sven.vanhaastregt@arm.com>
Date:   Fri Jun 21 12:17:39 2024 +0200

    Fix missing includes (#2605)
    
    The affected source files were relying on transitive includes that
    were no longer included after recent llvm-project changes (such as
    36c6632eb43b ("[IR] Don't include PassInstrumentation.h in
    PassManager.h (NFC) (#96219)", 2024-06-21)).

commit cd4eaf69744a413c17c9a5f147746e8d4a669a39
Author: LU-JOHN <john.lu@intel.com>
Date:   Wed Jun 19 06:58:06 2024 -0500

    [NFC] Make assertion precise (#2596)
    
    Make code clearer and check for exact number of operands.
    
    Signed-off-by: Lu, John <john.lu@intel.com>

commit 338a37ef59ded4f524875ddc3f994130335a4903
Author: Dmitry Sidorov <dmitry.sidorov@intel.com>
Date:   Mon Jun 17 14:54:28 2024 +0200

    [NFC] Update few tests check lines to use debug records (#2602)
    
    Required after llvm/llvm-project@dc726c340392d:
    Reapply#4 "[RemoveDIs] Load into new debug info format by default in LLVM
    
    Signed-off-by: Sidorov, Dmitry <dmitry.sidorov@intel.com>

commit 9aa3c9c12f517752f0ba3999664775ad939c461a
Author: Dmitry Sidorov <dmitry.sidorov@intel.com>
Date:   Mon Jun 17 14:05:08 2024 +0200

    Add support for multiple Intel cache controls on a single argument (#2599)
    
    In this case zero GEP will be created a single time, all the decorations will be attached to it.
    
    Signed-off-by: Sidorov, Dmitry <dmitry.sidorov@intel.com>

commit bd0fffe337d27b33168731ce00b097277568a841
Author: Sven van Haastregt <sven.vanhaastregt@arm.com>
Date:   Thu Jun 13 10:08:41 2024 +0200

    Fix image access in link-attribute test (#2598)
    
    The test performed a read_image operation on an image declared
    `write_only`.  `spirv-val` recently started flagging this.
    
    Update the image access attribute to "read-only" (i.e., 0).
    
    Fixes https://github.com/KhronosGroup/SPIRV-LLVM-Translator/issues/2597

commit aab92ecc22e2f1ead7f2d28bacc7fd594b1797ba
Author: LU-JOHN <john.lu@intel.com>
Date:   Tue Jun 11 04:54:29 2024 -0500

    Avoid requiring C++20 (#2600)
    
    bit_ceil requires C++20. Use llvm::bit_ceil to avoid this requirement.
    
    Signed-off-by: Lu, John <john.lu@intel.com>

commit 7d6d66975ff394a18e60db2e83aa872b65180248
Author: Dmitry Sidorov <dmitry.sidorov@intel.com>
Date:   Fri Jun 7 00:23:00 2024 +0200

    [NFC] Update complex-constexpr.ll (#2594)
    
    Signed-off-by: Sidorov, Dmitry <dmitry.sidorov@intel.com>

commit a6398f45674bb5d0a763d8966394c0b1c88b7299
Author: LU-JOHN <john.lu@intel.com>
Date:   Wed Jun 5 09:59:38 2024 -0500

    [DebugInfo] Round up #elts of TypeVector when calculating memory size (#2504)
    
    Round up number of elements in a Vector to a power of 2 when calculating memory size. Memory size will be calculated as BaseType * bit_ceil(ComponentCount). The previous calculation already rounded 3 elements to 4 elements.
    
    Signed-off-by: Lu, John <john.lu@intel.com>

commit 63e89a9a268e5c2fe7323116fe4a76f1832e0ba1
Author: Yevhenii Havrylko <egavrilko@gmail.com>
Date:   Wed Jun 5 06:16:04 2024 -0400

    Add automated release workflow (#2586)
    
    Some of the upstream PRs are getting backported to the llvm_release_* branches, but those changes are never released. That prevents them from distributing as precompiled packages in various distributions like conda-forge and others. This PR targets this issue by creating automated workflow that is triggered once a month and generates automated releases for each such branch if there were changes since last release.
    
    This PR
    Adds workflow to generate releases every month from llvm_release_* branches in the format %llvm_major%.%llvm_minor%.%latest patch version +1%. For example:
    v18.1.1
    v17.0.2
    v17.0.1
    v14.0.1
    etc
    
    Release description matches as close as possible to current releases. The only difference is that llvm versions is represented by two numbers, instead of three, because it is impossible to recover exact version. You can check out example of generated versions here (there are few releases from the original proposal): https://github.com/ZzEeKkAa/SPIRV-LLVM-Translator/releases
    Workflow is set to be triggered once a month. It is also possible to trigger it manually from github actions UI.
    
    Merge process
    Merge the PR to main
    Trigger workflow manually
    
    Note
    There is no need to backport changes to all branches, since workflow dispatch on schedule basis can be performed only from main branch.
    
    Fixes: #1898
    Fixes: #1508

commit 935848c97506a46b05d07c68776ceda6de972ae9
Author: Sven van Haastregt <sven.vanhaastregt@arm.com>
Date:   Wed Jun 5 09:59:33 2024 +0200

    Update constant-vars test after LLVM GEP change (#2593)
    
    Update a test after llvm-project commit d10b76552f91 ("[ConstantFold]
    Remove notional over-indexing fold (#93697)", 2024-05-30).

commit d4098cdd72bce730133d44e72b30f6198322fe46
Author: LU-JOHN <john.lu@intel.com>
Date:   Wed May 29 04:37:31 2024 -0500

    Ensure 'printf' is translated to a printf extended insn (#2581)
    
    Calls to printf can generated by a user call to __builtin_printf. Represent this in SPIRV with a printf extended instruction instead of a SPIRV call to "printf". A SPIRV call to a variadic function will fail in spirv-val.
    
    Signed-off-by: Lu, John <john.lu@intel.com>

commit afa1f0b96f772addfc4f48135edfe58c934f3105
Author: Sven van Haastregt <sven.vanhaastregt@arm.com>
Date:   Tue May 28 14:49:07 2024 +0100

    Fix maybe-uninitialized warning in vector_reduce handling

commit a4010e023cdad74f5759e444fb58fbe678b12b64
Author: Sven van Haastregt <sven.vanhaastregt@arm.com>
Date:   Tue May 28 14:19:36 2024 +0100

    Fix uninitialized DominatorTree member

commit b8ee72df7cb2e0e9991f379101ad3462b4e30969
Author: Sven van Haastregt <sven.vanhaastregt@arm.com>
Date:   Tue May 28 14:10:28 2024 +0100

    [CI] Upgrade out-of-tree job to Ubuntu 22.04

commit c8bfc33ef8f9f273546a49d87a6612de0791e3d4
Author: Dmitry Sidorov <dmitry.sidorov@intel.com>
Date:   Tue May 28 15:53:08 2024 +0200

    Re-implement Intel cache controls decoration (#2587)
    
    The patch adds CacheControls(Load/Store)INTEL decorations representation
    as metadata placed on memory accessing instruction with the following form:
    !spirv.DecorationCacheControlINTEL !X
    !X = !{i32 %decoration_kind%, i32 %level%, i32 %control%,
           i32 %operand of the instruction to decorate%}
    
    Also patch creates a dummy GEP accessing pointer operand of the
    instruction to perform SSA copy of the pointer and attaches !spirv.Decorations
    metadata to the GEP.
    
    Few notes about this implementation and other options. It is sub-optimal
    as it requires iteration over all instructions in the module.
    Alternatives are:
    1. In SPIRVWriter during transDecorations rewrite already translated
       instruction (lets say load) with the new one, but with GEP operand.
       But while the translator provides API to erase instructions and
       rewriting SPIRVBasicBlocks, yet unfortunately it's not really usable
       outside of of SPIRVModule context;
    2. In SPIRVWriter during transValueWithoutDecoration add special
       handling of the instructions with spirv.DecorationCacheControlINTEL
       metadata. And it would work with one exception - it also would
       require to unprivate some methods of SPIRVScavenger to create GEP
       with the correct type, which I'm not sure if it's a good idea.
       Note, in this implementation in the worst case scenario
       SPIRVScavenger would create a bitcast later during translation.
    
    Signed-off-by: Sidorov, Dmitry <dmitry.sidorov@intel.com>

commit 0fd9882186c73e1a2327ef783600ecac78d67f25
Author: Dmitry Sidorov <dmitry.sidorov@intel.com>
Date:   Tue May 28 15:27:58 2024 +0200

    [NFC] W/A GCC maybe-uninitialized warning (#2588)
    
    Signed-off-by: Sidorov, Dmitry <dmitry.sidorov@intel.com>

commit ece2867d5c97d0722acc7f6a1231054768cd3d65
Author: Viktoria Maximova <viktoria.maksimova@intel.com>
Date:   Mon May 27 00:49:27 2024 +0200

    Incorporate SPV_KHR_non_semantic_info into SPIR-V 1.6 (#2532)

commit 3e649321c5af21ceba1ff594f48a00b41c23519e
Author: Viktoria Maximova <viktoria.maksimova@intel.com>
Date:   Mon May 27 00:48:42 2024 +0200

    Incorporate SPV_KHR_integer_dot_product into SPIR-V 1.6 (#2584)

commit 4add3896f5889e5eaa83e251dbf2063ebb073f14
Author: Sven van Haastregt <sven.vanhaastregt@arm.com>
Date:   Mon May 27 00:44:02 2024 +0200

    [NFC] Remove unused IsRetSigned field (#2567)

commit abf48906dae1ed48630500a4002df01e783eb1dc
Author: Sven van Haastregt <sven.vanhaastregt@arm.com>
Date:   Fri May 24 11:52:55 2024 +0200

    Add cl_khr_kernel_clock support (#2582)
    
    Add support for mapping the `cl_khr_kernel_clock` extension
    builtins to and from the `SPV_KHR_shader_clock` extension.

commit 04972917552b08e6cb4e971c7b1707f68e1aa43e
Author: Wenju He <wenju.he@intel.com>
Date:   Tue May 21 20:23:41 2024 +0800

    [SPV_INTEL_bindless_images] Add ret type to convert-SampledImage builtin name (#2576)
    
    Similar as ConvertHandleToImageINTEL, ConvertHandleToSampledImageINTEL
    builtin may have the same argument type but different return types.
    So we need to add ret type as name suffix when translating to LLVM IR.

commit 5e8c5dfeb0febe05a7586d43705ef57d962be10d
Author: Sven van Haastregt <sven.vanhaastregt@arm.com>
Date:   Tue May 21 12:52:00 2024 +0200

    [NFC] Use StringRef::operator== instead of StringRef::equals (#2574)
    
    The llvm project plans to deprecate `StringRef::equals` in favor of
    `StringRef::operator==`.
    
    Most of these changes were done using
    
      sed -i -e 's/\.equals("\([a-z0-9_\-]*\)")/ == "\1"/g'

commit 50c6c3e6b99462a24f996c0b9ffd68c3a1bb3ba9
Author: bwlodarcz <bertrand.wlodarczyk@intel.com>
Date:   Tue May 21 12:51:26 2024 +0200

    Support for record debug format (#2565)
    
    Recently, LLVM migrated to new debug format replacing debug intrinsics with so-called records. The DIBuilder api supports both formats now with grace deprecation period for intrinsics. Currently Translator during reverse translation have new format disabled by flag and still supports only old one.
    Documentation for the migration: https://llvm.org/docs/RemoveDIsDebugInfo.html

commit cbb85269035c574e3c4779667eca7cff18b5cf81
Author: Sven van Haastregt <sven.vanhaastregt@arm.com>
Date:   Thu May 16 18:16:08 2024 +0200

    Add return type for OpReadClockKHR SPIR-V friendly IR (#2562)
    
    `OpReadClockKHR` can return unsigned `i64` or `<2 x i32>`.  Include
    the return type in the SPIR-V friendly IR function name, to be able to
    distinguish between both versions.

commit 9b00b8891d685379df64296093ac638e6ab10b85
Author: Dmitry Sidorov <dmitry.sidorov@intel.com>
Date:   Thu May 16 18:02:14 2024 +0200

    Revert "Revert "Remove CoordX and CoordY arguments of OpCooperativeMatrixPrefetchINTEL" (#2293)" (#2560)
    
    This reverts commit 93f2783317007343da7e8b00be0a363f2171d77f.

commit 24568f699ca72d73078c750b450ebe0cf1dd1314
Author: Sven van Haastregt <sven.vanhaastregt@arm.com>
Date:   Thu May 16 10:25:26 2024 +0200

    [CI] Fix code style checks by installing libllvmlibc (#2564)
    
    LLVMExports.cmake from already installed packages references files
    from the libllvmlibc package.

commit d2b98fac642a0f646d0c5cb5f5ec3b0d0bb82d82
Author: Sven van Haastregt <sven.vanhaastregt@arm.com>
Date:   Thu May 16 00:35:40 2024 +0200

    [CI] Fix out-of-tree build by installing libllvmlibc (#2563)
    
    LLVMExports.cmake from already installed packages references files
    from the libllvmlibc package.

commit e9a9a3fc1fd3e57449ba22d0065a373eaf4b1a53
Author: DBDuncan <duncan.brawley@codeplay.com>
Date:   Wed May 15 17:02:53 2024 +0100

    Add updated SPV_INTEL_bindless_images preview extension (#2559)
    
    The updated SPV_INTEL_bindless_images spec can be seen in this PR: intel/llvm#13753

commit 08835f4d85ec5c879ef5a93cac54adb28915baac
Author: Sven van Haastregt <sven.vanhaastregt@arm.com>
Date:   Wed May 15 14:15:50 2024 +0200

    cmake: Add spirv-dis lit feature (#2561)
    
    Various tests already declare `REQUIRES: spirv-dis`, but this feature
    was never enabled so those tests were always skipped as "unsupported".

commit a6a0d4b7e1494f0e4bc2ecfcddd0fc2e2b8bf279
Author: Sven van Haastregt <sven.vanhaastregt@arm.com>
Date:   Mon May 13 13:30:45 2024 +0200

    Drop redundant -S in clang invocation of mem2reg test (#2556)
    
    Update a test after llvm-project commit e74a7a9fd79a ("cc1: Report an
    error for multiple actions unless separated by -main-file-name
    (#91140)", 2024-05-07).

commit 8878e7bfddbe2cbd86256c8e4e563a9f78a5e321
Author: Sven van Haastregt <sven.vanhaastregt@arm.com>
Date:   Tue May 7 15:56:05 2024 +0200

    Disable new debug record format (#2554)
    
    After LLVM commit 91446e2aa687 ("Repply#2 "[RemoveDIs] Load into new
    debug info format by default in LLVM (#89799)"", 2024-05-03), we need
    to disable the new debug record format explicitly until we have
    migrated to the new format.

commit 926ca2ae84971661589c4f39ddff816618adc73c
Author: Sven van Haastregt <sven.vanhaastregt@arm.com>
Date:   Mon Apr 29 11:44:57 2024 +0200

    Avoid duplicate Alignment decorations (#2537)
    
    The SPIR-V Validator has recently started checking for duplicate
    decorations.  This commit fixes duplicate Alignment decorations that
    affected the `test/read_image.cl` test.
    
    Alignment decorations have two potential sources during LLVM to SPIR-V
    translation: the instruction's alignment property and
    `spirv.Decorations` metadata.  Handle both of these through the
    `setAlignment` method, so that duplicates can be avoided.
    
    Calling `setAlignment` with different alignments for the same entity
    is probably an error, so add an assert.
    
    Contributes to https://github.com/KhronosGroup/SPIRV-LLVM-Translator/issues/2509

commit 0d23d039129de30c7c030f5b3c3bdd7ac91eeb5a
Author: Arvind Sudarsanam <arvind.sudarsanam@intel.com>
Date:   Thu Apr 25 17:00:18 2024 -0400

    Avoid duplication of DebugLine extended instruction (#2530)
    
    * Avoid duplication of DebugLine extended instruction
    
    Signed-off-by: Arvind Sudarsanam <arvind.sudarsanam@intel.com>

commit 5fd99ba79abf91f1371ae9ad7e19ba45123092e6
Author: Dmitry Sidorov <dmitry.sidorov@intel.com>
Date:   Thu Apr 25 16:37:10 2024 +0200

    Add SPV_INTEL_bindless_images preview extension (#2535)
    
    Specification: https://github.com/intel/llvm/blob/sycl/sycl/doc/design/spirv-extensions/SPV_INTEL_bindless_images.asciidoc
    
    Co-author: He, Wenju wenju.he@intel.com

commit a2783135be3f37f1e210aaf219b45a3226d32813
Author: Sven van Haastregt <sven.vanhaastregt@arm.com>
Date:   Wed Apr 24 09:28:12 2024 +0200

    Skip adding decorations for OpForward (#2529)
    
    When a temporary `OpForward` instruction is needed during translation
    to SPIR-V, do not add the decorations yet, as that would result in
    duplicate decorations when the actual instruction is visited and the
    `OpForward` is replaced by a real SPIR-V instruction.
    
    The SPIR-V Validator has recently started checking for duplicate
    decorations; this fixes some but not all issues arising from the new
    checks.
    
    Contributes to https://github.com/KhronosGroup/SPIRV-LLVM-Translator/issues/2509

commit 3dd108b9001af509a54c0b85f75dffa7fb0e0543
Author: LU-JOHN <john.lu@intel.com>
Date:   Tue Apr 23 10:22:58 2024 -0500

    Add support for lowering bitreverse for 2/4-bit types (#2481)
    
    Add support for lowering of llvm.bitreverse.i2/4
    
    Signed-off-by: Lu, John <john.lu@intel.com>

commit eb0d9f6b1e755fa617a2596e91188fe9a8481ef9
Author: Sven van Haastregt <sven.vanhaastregt@arm.com>
Date:   Tue Apr 23 14:15:24 2024 +0200

    addDecorate: make debug messages readable (#2526)
    
    Don't attempt to print the object itself (which results in binary
    noise) but print the relevant information from the SPIRVDecorate*
    objects.

commit 5e0f14b5a09d96189dacbbe4afb5dd41404a4b7f
Author: Viktoria Maximova <viktoria.maksimova@intel.com>
Date:   Mon Apr 22 18:25:58 2024 +0200

    Translate icmp eq and icmp ne to PtrEqual and PtrNotEqual respectively (#2511)
    
    This fixes #1391

commit 9e60105170110e0fd01f073954763af399d1c596
Author: bwlodarcz <bertrand.wlodarczyk@intel.com>
Date:   Fri Apr 19 22:46:13 2024 +0200

    Revert "Turn on SPIR-V builtin generation for OpenCL CPP sources (#2466)" (#2508)
    
    This reverts commit 80dfd864ae556369747074bbde8fc1d4c48547be.
    The commit break Translator in cases when user supplied function is named
    with the prefix which, after demangling, is the same as OpenCL builtin.
    The culprit code is placed in during SPIRWriter OCL pass in
    OCLToSPIRVBase::visitCallInst(CallInst &).
    Failing name would be for example atomic_fetch_and_sub_uint32_explicit.

commit 3c1ff53d6202f028e6173fed7b378e3599a76606
Author: Sven van Haastregt <sven.vanhaastregt@arm.com>
Date:   Fri Apr 19 22:40:29 2024 +0200

    Move away from some more insert-before constructors; NFC (#2514)
    
    In preparation for LLVM's deprecation of Instruction constructors and
    Create methods that accept `Instruction` pointers, upgrade call sites
    to pass an iterator instead of an `Instruction` pointer.

commit a3d840ec247c5cb417056da54c2921bc41642898
Author: Viktoria Maximova <viktoria.maksimova@intel.com>
Date:   Fri Apr 19 22:35:02 2024 +0200

    Use VersionNumber instead of SPIRVWord (#2507)
    
    -This reduces the number of required type casts.-
    This unifies all the version methods used in translator.

commit 6b47e8c4f79aa237b23c8226ad587378484e62e2
Author: Viktoria Maximova <viktoria.maksimova@intel.com>
Date:   Fri Apr 19 22:34:40 2024 +0200

    Extend the use of the FPFastMathMode decoration (#2506)
    
    Since SPIR-V 1.6 may be used with `OpFNegate` and with the binary
    floating-point comparison instructions (including `OpOrdered` and
    `OpUnordered`).

commit e1f7ebee5ed8b9021236d1d5e2292bcb45df6988
Author: Viktoria Maximova <viktoria.maksimova@intel.com>
Date:   Wed Apr 17 15:30:27 2024 +0200

    Introduce SPIR-V 1.6 version (#2505)
    
    Recognize SPIR-V 1.6 modules and allow specifying the `--spirv-max-version=1.6` option.
    
    This does not implement any SPIR-V 1.6 functionality yet, so mark it as "experimental".

commit a104311e5ac8f76854fb09e76133b0af4d20c314
Author: Viktoria Maximova <viktoria.maksimova@intel.com>
Date:   Tue Apr 16 16:03:18 2024 +0200

    [SPIR-V 1.5] Move the version to supported (#2497)

commit c6e9fea6d0f70f1041f969505080e2ec4fda1827
Author: bwlodarcz <bertrand.wlodarczyk@intel.com>
Date:   Tue Apr 16 16:01:29 2024 +0200

    Fix of ParentIdx mismatch for DebugTypeInheritance in SPIRV.debug.h (#2490)
    
    Fixed ParentIdx was mismatched for DebugTypeInheritance type in context of NonSemantic.Shader.DebugInfo.100. That lead to heap buffer overflow in SPIRVExtInst::getExtOp getter when instruction was incorrectly casted
    to SPIRVExtInst as parent of the culprit instruction in SPIRVToLLVMDbgTran::getDIBuilder. The missmatch happen because in previous used standard OpenCL.DebugInfo.100 DebugTypeInheritance had Child field as zero indexed argument. In newer standard that field is removed.

commit 0d83f2233e1f7f66b40da4607b6625529f0e5457
Author: Marcos Maronas <maarquitos14@users.noreply.github.com>
Date:   Tue Apr 16 07:00:41 2024 -0700

    Don't call getName() on literal structs. (#2499)
    
    Signed-off-by: Marcos Maronas <marcos.maronas@intel.com>

commit 14301c295d3dc8eac50c72bc81b42eb6db064109
Author: Arvind Sudarsanam <arvind.sudarsanam@intel.com>
Date:   Tue Apr 16 09:05:12 2024 -0400

    Regularize LLVM code to remove use of non standard integer types in fptoui and fptosi intrinsics (#2500)
    
    * Regularize LLVM code to remove use of non standard integer types in fptoui and fptosi intrinsics
    
    Signed-off-by: Sudarsanam, Arvind <arvind.sudarsanam@intel.com>

commit 89b19c46b5aaa2c32d7ba19259c690eb721f0ff5
Author: Viktoria Maximova <viktoria.maksimova@intel.com>
Date:   Tue Apr 16 12:35:08 2024 +0200

    [SPIR-V 1.5] Deprecate OpLessOrGreater in favor of OpFOrdNotEqual (#2491)
    
    This is a follow-up to 08884df

commit 7c85c6bf775327421afd3942f98fdd96aadc2cce
Author: Dmitry Sidorov <dmitry.sidorov@intel.com>
Date:   Tue Apr 16 11:52:38 2024 +0200

    [NFC] Remove tbaa metadata from the test (#2503)
    
    We don't need it here
    
    Signed-off-by: Sidorov, Dmitry <dmitry.sidorov@intel.com>

commit 4b4508438a6dfe57aa4343564bfb4327acc39baf
Author: Viktoria Maximova <viktoria.maksimova@intel.com>
Date:   Mon Apr 15 14:56:35 2024 +0200

    [SPIR-V 1.4] Support OpPtrEqual, OpPtrNotEqual and OpPtrDiff to compare pointers (#2482)
    
    This addresses p.2 and p.3 of #2460

commit 8518a6f72fd586c9222f34bb3b9fa31a5fa9cb5d
Author: Viktoria Maximova <viktoria.maksimova@intel.com>
Date:   Fri Apr 12 19:46:44 2024 +0200

    [SPIR-V 1.4] Add CopyLogical instruction (#2484)
    
    There is no mapping to LLVM instructions, so it can be used only via SPIR-V friendly translation.
    
    This addresses p1. of #2460

commit 5577a5a4aa2b43f20fee13f34ba96fbce234f4e2
Author: Jinsong Ji <jinsong.ji@intel.com>
Date:   Thu Apr 11 16:52:41 2024 -0700

    Add REQUIRES spirv-as feature for GEPOperator.spvasm (#2501)

commit 7fb89d5a0f2dfd76db96c42de57c6b0384da2f53
Author: Sven van Haastregt <sven.vanhaastregt@arm.com>
Date:   Thu Apr 11 16:57:03 2024 +0200

    Start moving away from insert-before Instruction pointers (#2498)
    
    In preparation for LLVM's deprecation of Instruction constructors and
    Create methods that accept `Instruction` pointers, upgrade call sites
    to pass an iterator instead of an `Instruction` pointer.
    
    This patch only upgrades constructor and `Create` calls that were
    trivial to upgrade with no impact on the test suite.  Some calls
    remain to be upgraded as future work.

commit a7051670770f47106dfd0f1a61e03c3b6235a3fe
Author: Vyacheslav Levytskyy <vyacheslav.levytskyy@intel.com>
Date:   Wed Apr 10 12:52:04 2024 +0200

    Both GetElementPtrConstantExpr and GetElementPtrInst may represent access to a buildin variable (#2487)
    
    This PR is to fix the issue when SPIRV Translator expects now to see exactly GetElementPtrInst in an access chain for a builtin variable and crashes in lib/SPIRV/SPIRVUtil.cpp in replaceUsesOfBuiltinVar() with llvm_unreachable() call. See #2486 for the detailed description. Attached is a test case that demonstrates the problem and leads to a crash in current version(s) of SPIRV Translator.

commit 2c3b505879dcaf1c0606e97be2401859f582dcd8
Author: Viktoria Maximova <viktoria.maksimova@intel.com>
Date:   Tue Apr 9 14:01:37 2024 +0200

    CounterBuffer decoration is supported from 1.4 without extension (#2478)
    
    Do nothing for now, as it's not used in translator.
    
    Addresses p.6 of #2460

commit cf64d9a98402d8fa22214f5437ea530ad3ad0d55
Author: Sven van Haastregt <sven.vanhaastregt@arm.com>
Date:   Mon Apr 8 17:35:52 2024 +0200

    Disable automatic debug format conversion for 1 test (#2483)
    
    Update a test after llvm-project commit 379628d446e5 ("[RemoveDIs] Add
    flag to preserve the debug info format of input IR (#87379)",
    2024-04-05).

commit 6e62da7a514be99e27ca7c5be59ba2321dd1a15d
Author: Yilong Guo <yilong.guo@intel.com>
Date:   Thu Apr 4 18:40:16 2024 +0800

    Add convergent attribute for GroupNonUniform ops (#2472)
    
    Signed-off-by: Yilong Guo <yilong.guo@intel.com>

commit 2a247a49eddbc8f027035ad49c21cab965354de6
Author: Arvind Sudarsanam <arvind.sudarsanam@intel.com>
Date:   Thu Apr 4 06:40:02 2024 -0400

    Avoid duplication of builtin global variables (#2480)
    
    Add logic to emit only one global variable when both SPIRV builtin and OCL builtin variants are present in the source code.
    
    Signed-off-by: Arvind Sudarsanam <arvind.sudarsanam@intel.com>

commit 04144823462c6c456eab639a1c0f58cadf323292
Author: Viktoria Maximova <viktoria.maksimova@intel.com>
Date:   Thu Apr 4 11:46:13 2024 +0200

    Rewrite OpenCL explicit conversion builtins handling (#2464)
    
    Check that builtin is valid mostly by matching the regular expression - remove unneeded checks.
    This is a follow-up to #2443

commit 5242c3888ec01b71b79f6be1c3dfad28977fe103
Author: Viktoria Maximova <viktoria.maksimova@intel.com>
Date:   Wed Apr 3 21:05:56 2024 +0200

    [NFC] Remove several TODOs from the tests (#2479)
    
    * Run validation where it was intended
    * Do the expected source language check

commit a384e036501551ef31454c5b362c4570fd17fa3a
Author: Viktoria Maximova <viktoria.maksimova@intel.com>
Date:   Wed Apr 3 12:49:48 2024 +0200

    [SPIR-V 1.4] Allow OpCopyMemorySized to have Memory Operands for both Source and Target  (#2470)
    
    This change addresses p.4 of #2460.
    No changes for OpCopyMemory as we currently don't use it in translation.

commit a3dea91f371985252dca07f0b49b6abb52ee86ee
Author: Sven van Haastregt <sven.vanhaastregt@arm.com>
Date:   Tue Apr 2 18:34:21 2024 +0200

    [NFC] Return a VersionNumber from getRequiredSPIRVVersion (#2469)
    
    This eliminates the need for casts, making the various overrides
    easier to read.

commit 80dfd864ae556369747074bbde8fc1d4c48547be
Author: Arvind Sudarsanam <arvind.sudarsanam@intel.com>
Date:   Tue Apr 2 12:32:51 2024 -0400

    Turn on SPIR-V builtin generation for OpenCL CPP sources (#2466)
    
    It seems we currently allow OCL to SPIR-V translation only for OpenCL C sources. This PR tries to extend this to OpenCL C++ and C++ for OpenCL sources as well.
    
    Signed-off-by: Arvind Sudarsanam <arvind.sudarsanam@intel.com>

commit 1a1b648cd191eb49d4aa5b95f9ace1c16fc700f2
Author: Sven van Haastregt <sven.vanhaastregt@arm.com>
Date:   Thu Mar 28 13:13:29 2024 +0100

    [NFC] Move enableAllExtensions out of header (#2459)
    
    The list of extensions has grown considerably, which makes this
    member function definition fairly large.  Move it out of the header.

commit 08384971f4021b2197978bf7b155b9ab445436c9
Author: bowenxue-intel <bowen.xue@intel.com>
Date:   Wed Mar 27 07:11:20 2024 -0700

    switch task sequence enum to new available enum (#2461)
    
    Task Sequence Specification was created without explicitly reserving the 6411 token enum. During spec review, that number was reserved by CooperativeMatrixPrefetchINTEL, but Task Sequence was not updated to use a new enum at that point in time, resulting in development with the old enum. 6199 is the newly (confirmed) reserved token enum.

commit 98729ef13ca970b98a149c18318746df8d921f20
Author: bwlodarcz <bertrand.wlodarczyk@intel.com>
Date:   Sun Mar 24 19:30:21 2024 +0100

    Regularization of uadd/usub_with_overflow intrinsics (#2419)
    
    The translation of uadd/usub with overflow were problematic.
    The returning type of these IR intrinsics are tuples
    with a second i1 type. These intrinsics were translated
    to OpIAddCarry and OpISubBorrow which, according to standard,
    should also return a two element tuple but in that case
    both types should be the same. IR i1 type is translated by
    default to BoolType which doesn't have the same properties
    as i1. There isn't also a possibility to exceptionally override the
    default behavior in current architecture.
    Finally the translation was implemented but without compliance
    with SPIR-V spec - the resulting type of two ops contained
    BoolType as second element.
    This commit fixes non compliant translation. Instrinsics
    uadd/usub_with_overflow are now translated to sequence of
    operations which repacks compliant return type into expected
    IR type with second element as BoolType.
    E.g for i32 uadd_with_overflow:
    
    %0 = alloca {i32, i32}, align 8
    call spir_func void @_Z17__spirv_IAddCarryii(ptr sret({i32, i32}) %0, i32 %a, i32 %b)
    %1 = load {i32, i32}, ptr %0, align 4
    %2 = extractvalue {i32, i32} %1, 0
    %3 = extractvalue {i32, i32} %1, 1
    %4 = icmp ne i32 %3, 0
    %5 = insertvalue {i32, i1} undef, i32 %2, 0
    %6 = insertvalue {i32, i1} %5, i1 %4, 1
    
    All uses of original intrinsic value are replaced with the
    repacked result (%6 above) which fixes type mismatch.

commit e8e06667df8f5f5807ea308ff2e17c819414aa27
Author: Justin Cai <justin.cai@intel.com>
Date:   Fri Mar 22 06:23:29 2024 -0700

    Update magic value used in named sub group size extension (#2420)
    
    * Update magic value used in named sub group size extension
    
    * Remove print

commit 848a6d7af70ba28cb96d95a3fe248e1ef3c79857
Author: Viktoria Maximova <viktoria.maksimova@intel.com>
Date:   Thu Mar 21 17:02:28 2024 +0100

    Fix handling of OpenCL convert_ builtins (#2443)
    
    This change fixes cases when the input function name does not match
    OpenCL spec but starts with `convert_` prefix, e.g. `convert_float_42`.

commit af06f03bb85c1f4fb9dc929b2290230bce9c9da7
Author: Victor Perez <victor.perez@codeplay.com>
Date:   Wed Mar 20 19:35:56 2024 +0100

    Insert `OpVariable` instructions after `OpPhi` (#2449)
    
    Although `OpPhi` and `OpVariable` instructions should not be in the
    same SPIR-V block in a valid module, take into account this case when
    inserting new `OpVariable` operations.
    
    Signed-off-by: Victor Perez <victor.perez@codeplay.com>

commit ee0b5605456a57bdf4d3f7b8a4303e4f1f6c8044
Author: Viktoria Maximova <viktoria.maksimova@intel.com>
Date:   Wed Mar 20 13:17:53 2024 +0100

    Fix translation of __spirv_TaskSequenceGetINTEL (#2418)
    
    This change adds support for void return-type of Get instruction and handles the case when Get instruction has 'sret' parameter.

commit 9fdddf081365a1bfb85d902d4b32309a1512d0ee
Author: Victor Perez <victor.perez@codeplay.com>
Date:   Tue Mar 19 18:12:08 2024 +0100

    Allow specialization constant length arrays (#2396)
    
    SPIR-V arrays can have their length specified via a specialization
    constant. In case an `alloca` instruction uses a specialization
    constant `s` as length, generate an array variable of length `s`.
    
    Signed-off-by: Victor Perez <victor.perez@codeplay.com>

commit 41dc96708bf1937239bf31dee3e98b34a0bdc0d8
Author: Sven van Haastregt <sven.vanhaastregt@arm.com>
Date:   Tue Mar 19 09:34:46 2024 +0100

    [CI] Upgrade to actions/checkout@v4 (#2438)
    
    Node.js 16 actions are deprecated, so update to v4 which uses Node 20.

commit 5f965be1a9a88c645626dafbc2c998c226ff67f2
Author: Victor Perez <victor.perez@intel.com>
Date:   Mon Mar 18 16:32:03 2024 +0100

    Always insert `OpVariable` instructions at the beginning of a block (#2439)
    
    According to the SPIR-V specification:
    
    > All `OpVariable` instructions in a function must be in the first
    block in the function. These instructions, together with any
    intermixed `OpLine` and `OpNoLine` instructions, must be the first
    instructions in that block. (Note the validation rules prevent `OpPhi`
    instructions in the first block of a function.)
    
    As forcing `OpVariable` insertion at the beginning of the first block
    might be too invasive by changing original semantics, inserting them
    at the beginning of the argument block would preserve semantics while
    always producing valid SPIR-V code.
    
    `llvm.memmove` lowering has been fixed to always generate valid SPIR-V
    code by inserting needed `alloca` instructions at the beginning of the
    function's entry block.
    
    Signed-off-by: Victor Perez <victor.perez@codeplay.com>

commit a7a36de0c88622bf810a021816e82c4a673174fc
Author: Maksim Shelegov <maksim.shelegov@intel.com>
Date:   Mon Mar 18 14:51:45 2024 +0100

    Fix globals' type deduction in TypeScavenger (#2431)
    
    If a global is initialized with a ConstantExpr returning a pointer
    (getelementptr), the right type has to be deduced instead of defaulting
    it to i8*.

commit 274e918b508c9935ff37635a7ddfcb0f6e0b0105
Author: LU-JOHN <111294400+LU-JOHN@users.noreply.github.com>
Date:   Mon Mar 18 08:15:36 2024 -0400

    Set WordCount for SPIRVVariable correctly (#2437)
    
    SPIRVVariable should have a WordCount of 4 + 1 (if optional Initializer is added).
    Set WordCount to 4 if Initializer is not added.
    
    Signed-off-by: Lu, John <john.lu@intel.com>

commit ed26b976b886eb70911a3ee01297e877650de364
Author: Sven van Haastregt <sven.vanhaastregt@arm.com>
Date:   Mon Mar 18 09:45:15 2024 +0100

    Update SPIRVToLLVMDbgTran after DIBuilder API changes (#2433)
    
    Update after llvm commit 9997e0397156 ("[RemoveDIs] Update DIBuilder
    to conditionally insert DbgRecords (#84739)", 2024-03-12).

commit d54f77c5dd695ccd2a4acf657a0fae74c64413d2
Author: bwlodarcz <bertrand.wlodarczyk@intel.com>
Date:   Mon Mar 11 17:51:27 2024 +0100

    [NFC] Split of SPT and SPIR-V in header parsing (#2316)
    
    Translator accepting two formats currently - SPIR-V and SPT.
    SPT is a textual format used internally for tests without any formal specification.
    Parsing a textual format is slower than binary format and SPT also is less strict
    in comparison to SPIRV. Because parsing in Translator is organized around
    iostream interfaces and implementations are mostly shared, the binary
    format is parsed much slower than it can be.
    The commit starts an effort of splitting implementations to
    make SPIR-V hot path faster and easier to read.
    In addition to that from both implementations the Decoder class
    is removed - it doesn't bring any important functionality which
    couldn't be solved by few lines of explicit simple code.

commit 63fd3515855469507e9531db68a834c2179ef4e1
Author: bwlodarcz <bertrand.wlodarczyk@intel.com>
Date:   Thu Mar 7 15:34:12 2024 +0100

    Add IAddCarry and ISubBorrow builtins (#2392)
    
    The fix adds support for IR builtin calls
    __spirv_IAddCarry and __spirv_ISubBorrow.
    It's also first part of fix which removes noncompliance of uadd/sub_with_overflow intrinsics.
    SPIRVUtil changes are needed to support situations where builtin don't have corresponding store instruction.

commit 3df5e38250a6d7c50b58fbb0393be81d909487ff
Author: Sven van Haastregt <sven.vanhaastregt@arm.com>
Date:   Wed Mar 6 11:30:45 2024 +0100

    Handle OpVectorShuffle with differing vector sizes (#2391)
    
    The SPIR-V to LLVM conversion would bail out when encountering an
    `OpVectorShuffle` whose vector operands differ in size.  SPIR-V
    allows differing vector sizes, but LLVM's `shufflevector` does not.
    
    Remove the assert and insert an additional `shufflevector` to align
    the vector operands when needed.

commit 1ff4a764cd0f97c69f9347d1a431bc7a774a27d5
Author: Wenju He <wenju.he@intel.com>
Date:   Tue Mar 5 21:07:27 2024 +0800

    [SPIRVToOCL20] Remove tail from atomic_compare_exchange_strong_explicit call (#2395)
    
    In translation from  __spirv_AtomicCompareExchange to OpenCL builtin
    atomic_compare_exchange_strong_explicit, a new alloca `expected` is
    created and read/written in the OpenCL builtin.
    The OpenCL builtin call can't have tail marker since the marker requires
    that callee doesn't access alloca from the caller.
    Otherwise llvm alias analysis deduces that the alloca isn't accessed by
    the call, and instcombine pass replaces the load from the alloca after
    the call with the value stored to the alloca before the call.

commit ff0206f025b03bd0c90849f1773eff7f2a5d2fcb
Author: Sven van Haastregt <sven.vanhaastregt@arm.com>
Date:   Tue Mar 5 13:53:00 2024 +0100

    [NFC] Remove extra semicolon (#2401)
    
    Fix the following compiler warning:
    
        .../SPIRVNameMapEnum.h:704:61: warning: extra ';' [-Wpedantic]

commit 22f9e3e67b36b363e7c74fc56beef52e994864b9
Author: Viktoria Maximova <viktoria.maksimova@intel.com>
Date:   Tue Mar 5 13:10:43 2024 +0100

    Fix TaskSequenceCreateINTEL instruction verification (#2384)
    
    This patch fixes verification of Get/Async Capacity literals making
    translator accept zero values which are valid by spec.

commit 56538038eda11b77be320b3354cf7e61717e3ca8
Author: LU-JOHN <111294400+LU-JOHN@users.noreply.github.com>
Date:   Mon Mar 4 09:50:53 2024 -0600

    [NFC] Use unordered_map for better performance (#2356)
    
    Use unordered_map instead of map for better performance.
    
    Signed-off-by: Lu, John <john.lu@intel.com>

commit 08d939609f186a43595e164ea402e4ed5d192eb7
Author: LU-JOHN <111294400+LU-JOHN@users.noreply.github.com>
Date:   Mon Mar 4 07:15:14 2024 -0600

    Implement lowering of llvm.bitreverse.* (#2345)
    
    If SPV_KHR_bit_instructions is not enabled lower llvm.bitreverse.* to a function in LLVM IR.
    
    Signed-off-by: Lu, John <john.lu@intel.com>

commit 7d7e0ac5303f93db804402b8c1f9c03da7eb2114
Author: Viktoria Maximova <viktoria.maksimova@intel.com>
Date:   Thu Feb 29 17:16:37 2024 +0100

    Remove internal values for SPV_INTEL_maximum_registers (#2387)
    
    The Headers for this extension were published so we should use them
    instead:
    https://github.com/KhronosGroup/SPIRV-Headers/commit/b73e168ca5e123dcf3dea8a34b19a5130f421ae1

commit 2cd8b788edc53ed144eb8644781b37a741071b09
Author: LU-JOHN <111294400+LU-JOHN@users.noreply.github.com>
Date:   Thu Feb 29 06:13:19 2024 -0600

    Add --spirv-ext-inst option (#2382)
    
    Add option --spirv-ext-inst=[none|OpenCL.std] to control what external instructions can be used when translating form LLVM IR to SPIR-V.

commit c621918b0e68e1655f9cdbd12e7e7b6e47e23c2e
Author: Dmitry Sidorov <dmitry.sidorov@intel.com>
Date:   Wed Feb 28 17:10:00 2024 +0100

    Fix GV initialized with undef translation (#2383)
    
    Previously the translator would create OpVariable with init field
    pointing to OpUndef. That is not conformant with the specification, so
    when LLVM GV is initialized with undef - we should skip initializer in
    SPIR-V.
    
    Later in the reader it's likely to become zero initialized, but it depends
    on the linkage and storage class. Checking correctness of this logic goes
    outside of this patch.
    
    Signed-off-by: Sidorov, Dmitry <dmitry.sidorov@intel.com>

commit 632c3f626990f367f7336ca888ecb9502f33fdb3
Author: Vyacheslav Levytskyy <89994100+VyacheslavLevytskyy@users.noreply.github.com>
Date:   Wed Feb 28 14:14:59 2024 +0100

    Out of bounds cooperative matrix load/store/fill work with legacy TypeJointMatrixINTEL (#2318)
    
    This PR is to ensure that CooperativeMatrixLoadCheckedINTEL, CooperativeMatrixStoreCheckedINTEL and CooperativeMatrixConstructCheckedINTEL instructions can correctly accept TypeJointMatrixINTEL as an input during both forward and reverse translation.

commit f71747917eb56ef8c6fd84c3c91b82f3a1f2dc8f
Author: Dmitry Sidorov <dmitry.sidorov@intel.com>
Date:   Tue Feb 27 20:24:00 2024 +0100

    Fix function with unused sret parameter (#2381)
    
    Usually sret parameters are accessed by a memory instruction, from which
    would tell SPIRVTypeScavenger which type to use for this function
    parameter. But if sret parameter is unused later in the module scavenger
    would fail attempting to deduce type from the mangled name.
    
    Signed-off-by: Sidorov, Dmitry <dmitry.sidorov@intel.com>

commit 64fe75e388dc3b75a56c6ff99bc38ee2e64bba55
Author: Sven van Haastregt <sven.vanhaastregt@arm.com>
Date:   Tue Feb 27 14:57:40 2024 +0100

    [SPIR-V 1.5] Fix OpGroupNonUniformBroadcast version requirement (#2378)
    
    undefinedFor SPIR-V 1.4 and earlier, the Id operand of OpGroupNonUniformBroadcast must come from a constant instruction.
    
    Ensure that any emitted SPIR-V module using a non-constant Id operand declares SPIR-V version 1.5. Bail out if the maximum SPIR-V version was restricted to < 1.5, to avoid producing invalid SPIR-V.

commit 92ea64b77207d28e0318950358276747220b6e22
Author: Viktoria Maximova <viktoria.maksimova@intel.com>
Date:   Mon Feb 26 18:37:25 2024 +0100

    Support SPV_INTEL_maximum_registers extension (#2344)
    
    Spec:
    KhronosGroup/SPIRV-Registry#235

commit 6b3ec4166a630393904c209fd382d3421e012351
Author: bwlodarcz <bertrand.wlodarczyk@intel.com>
Date:   Mon Feb 26 17:03:11 2024 +0100

    Struct as result type in OpGroupNonUniformShuffleDown translation fix (#2339)
    
    The contract between some frontends and Translator is that
    calls to functions which are matching to hardcoded name are
    converted to specific Ops in SPIR-V. The translation from LLVM to SPIR-V of
    OpGroupNonUnfiromShuffleDown call was done incorrectly. The struct member
    which is correct target for this op was left unwrapped which resulted in
    SPIR-V nonconforming with specification. The result of this were later problems
    with e.g. SPIR-V to LLVM translation.

commit 81f78d24db3662220d3c293f3ba0514fad3e0c94
Author: Sven van Haastregt <sven.vanhaastregt@arm.com>
Date:   Fri Feb 23 06:50:14 2024 +0100

    Include `LLVMSPIRVLib.h` in `SPIRVError.cpp` (#2377)
    
    The prototype for `getErrorMessage()` is declared in `LLVMSPIRVLib.h`,
    but `SPIRVError.cpp` defining that function did not include
    `LLVMSPIRVLib.h`.  This can be problematic for builds that use
    `-fvisibility=hidden`.
    
    Fixes https://github.com/KhronosGroup/SPIRV-LLVM-Translator/issues/2376

commit 747ef0f0ec03a25b5fb4edf5f5bf43e794503806
Author: Sven van Haastregt <sven.vanhaastregt@arm.com>
Date:   Thu Feb 22 12:06:11 2024 +0100

    Add SPIR-V 1.5 enum value (#2374)
    
    Recognize SPIR-V 1.5 modules and allow specifying the
    `--spirv-max-version=1.5` option.
    
    This does not implement any SPIR-V 1.5 functionality yet, so mark
    1.5 as "experimental".

commit cebf8ecc9ec099b6459c350984ff1c529aa37e4a
Author: Sven van Haastregt <sven.vanhaastregt@arm.com>
Date:   Wed Feb 21 09:45:55 2024 +0100

    Report unmet version requirement as error (#2372)
    
    When restricting the allowed SPIR-V version using
    `--spirv-max-version`, some constructs may not be translatable due to
    being unavailable in older SPIR-V versions.  Instead of asserting,
    report an error.
    
    It would be nice to also report the construct leading to the version
    conflict, but that information isn't readily available at this point.

commit 1ffd65f2b6d90bc176f4f3871832b0c652ee3c9b
Author: Sven van Haastregt <sven.vanhaastregt@arm.com>
Date:   Fri Feb 16 10:16:40 2024 +0000

    [NFC] Add missing EOL at end of files

commit fa16fd2b3465d04e6df7792942b1ac860d3b8c44
Author: Sven van Haastregt <sven.vanhaastregt@arm.com>
Date:   Fri Feb 16 09:51:54 2024 +0000

    [NFC] Remove execute bit from source and test files

commit b6dcc5c9a4843bb4f2ef5e0ae32a7be475fb662b
Author: Sven van Haastregt <sven.vanhaastregt@arm.com>
Date:   Mon Jan 8 09:04:04 2024 +0000

    [NFC] Remove unused getOperandTypes member function

commit 262395da9234fe45be8a0f87cd3e206d79c5f7af
Author: Dmitry Sidorov <dmitry.sidorov@intel.com>
Date:   Thu Feb 15 20:42:38 2024 +0100

    Map FPFastMathModeINTEL on SPV_INTEL_fp_fast_math_mode (#2360)
    
    Signed-off-by: Sidorov, Dmitry <dmitry.sidorov@intel.com>

commit 9ec969c1c379bde69522b3b9278e5f7aa1a2c9f9
Author: Sven van Haastregt <sven.vanhaastregt@arm.com>
Date:   Thu Feb 15 14:00:43 2024 +0100

    Fix allowed types for OpConstantNull (#2361)
    
    The SPIR-V Specification allows `OpConstantNull` types to be scalar or
    vector booleans, integers, or floats.  Update an assert for this and
    add a SPIR-V -> LLVM IR test.

commit 0e87aefecf7c5006e315427189bff87878e392c1
Author: Dmitry Sidorov <dmitry.sidorov@intel.com>
Date:   Wed Feb 14 12:58:55 2024 +0100

    [NFCI] Prepare for non-instrinsic debug info (#2362)
    
    For now just convert BB with convertFromNewDbgValues, will
    figure out something smarter a bit later.
    
    I've updated several tests with dbg.declare intrinsic
    adding --experimental-debuginfo-iterators=1 to check if it works.
    
    Signed-off-by: Sidorov, Dmitry <dmitry.sidorov@intel.com>

commit 7a37ea920f730e043e78dcf9433009dcc11e9626
Author: Dmitry Sidorov <dmitry.sidorov@intel.com>
Date:   Mon Feb 12 16:54:56 2024 +0100

    Fix BufferLocationINTEL decoration translation (#2335)
    
    There was an assumption, that ptr.annotation encoding buffer_location
    should be used by load or store instructions. But there is no such
    restriction in the specification.
    
    Signed-off-by: Sidorov, Dmitry <dmitry.sidorov@intel.com>

commit 513b9578d31028204f52eaa125da81f5a306121e
Author: bwlodarcz <bertrand.wlodarczyk@intel.com>
Date:   Mon Feb 12 16:54:05 2024 +0100

    Map to unordered_map for SPIRVIdToEntryMap (#2348)
    
    Small fix but yields around 30% speedup for translation
    SPIR-V to IR.

commit e0aef72fee42e0ae1425099bad59f1fbe4a31ed5
Author: Dmitry Sidorov <dmitry.sidorov@intel.com>
Date:   Mon Feb 12 16:53:44 2024 +0100

    [NFC] Fix DebugTypeVector test (#2347)
    
    It should have tested DebugInfoNone base type
    
    Signed-off-by: Sidorov, Dmitry <dmitry.sidorov@intel.com>

commit ec023805a0ce26f17421df33c4bf7e7141d298f3
Author: Dmitry Sidorov <dmitry.sidorov@intel.com>
Date:   Sat Feb 10 20:59:27 2024 +0100

    [DebugInfo] Fix SPIR-V consumption of DebugInfoNone for debug types (#2341)
    
    OpenCL and NonSemantic DebugInfo specifications are flexible in terms of allowing any debug information be replaced with DebugInfoNone, so various of SPIR-V producers follow that and generate it for base types of several debug instructions, leaving SPIR-V consumers to handle this. By default the translator replaces missing debug info with tag: null, which is in most cases correct. Yet, there are situations, where it's not allowed by both LLVM and DWARF, for example for DW_TAG_array_type DWARF spec sets, that DW_AT_type attribute is mandatory. For such cases new transNonNullDebugType wrapper function was added to the translator, generating "DIBasicType(tag: DW_TAG_unspecified_type, name: "SPIRV unknown type")" where DebugInfoNone was used as the type. This function doesn't replace all calls to transDebugInst<DIType> as there are cases, where we can generate null type, for example DWARF doesn't require it for DW_TAG_typedef, hence I'm not changing translation flow in this case. Additionally to this, while DWARF requires type attribute for DW_TAG_pointer_type, LLVM does not, hence I'm not changing translation flow in this case as well.
    
    Signed-off-by: Sidorov, Dmitry <dmitry.sidorov@intel.com>

commit 95d70a9ab4077ed3e8a2f4736433ff21a273b673
Author: Viktoria Maximova <viktoria.maksimova@intel.com>
Date:   Fri Feb 9 16:49:00 2024 +0100

    Remove internal values for SPV_INTEL_cache_controls (#2346)
    
    The Headers for this extension were published so we should use them
    instead:
    https://github.com/KhronosGroup/SPIRV-Headers/commit/a8af2ce341cfd73a44a37bf62642a2cdf45938df

commit fc9896b1fff005769801e8b4d58d60201523a4e0
Author: Viktoria Maximova <viktoria.maksimova@intel.com>
Date:   Fri Feb 9 16:02:14 2024 +0100

    Implement SPV_INTEL_task_sequence extension (#2340)
    
    Spec: KhronosGroup/SPIRV-Registry#192

commit 43acfefcbc513faa08b1ded3560e69b002e68d9a
Author: Justin Cai <justincai.lps@gmail.com>
Date:   Thu Feb 8 02:33:44 2024 -0800

    Add support for SPV_INTEL_subgroup_requirements (#2317)
    
    Spec: intel/llvm#11301
    
    More accurately, this PR adds support for the named subgroup related features of SPV_INTEL_subgroup_requirements to support implementation of sycl_ext_named_sub_group_sizes (also see intel/llvm#12335). The features related to subgroup lane mapping are not added yet.

commit a31a0a6c73f7cf4745afc2d312819db643b8bd00
Author: Wenju He <wenju.he@intel.com>
Date:   Mon Feb 5 18:37:04 2024 +0800

    [SPV-IR to OCL] Fix mutated builtin call attribute copying (#2208)
    
    * [SPV-IR to OCL] Fix mutated builtin call attribute copying
    
    When SPIRVToOCL20Pass translates following SPV IR
    ```
      %call = tail call spir_func noundef ptr @_Z42__spirv_GenericCastToPtrExplicit_ToPrivatePvi(ptr addrspace(4) noundef %Ptr, i32 noundef 0)
    declare spir_func ptr @_Z42__spirv_GenericCastToPtrExplicit_ToPrivatePvi(ptr addrspace(4), i32)
    ```
    to OCL IR:
    ```
      %call = tail call spir_func noundef ptr @__to_private(ptr addrspace(4) noundef %Ptr)
    declare spir_func ptr @__to_private(ptr addrspace(4))
    ```
    , there is error `Attribute after last parameter` at copying attribute
    to the new call because the old call has an additional AttributeSet for
    the last argument. The last argument is eliminated.
    
    Set tail call for new call if old call is tail call.
    
    Revert cafd7e0.

commit e329f2871247c7c5937d104e5ec9ad4cc9d954e1
Author: LU-JOHN <111294400+LU-JOHN@users.noreply.github.com>
Date:   Thu Feb 1 07:42:16 2024 -0600

    Guard DebugGlobalVariable's usage of Variable field with nonsemantic check (#2322)
    
    Guard placing a DIExpression in SPIR-V's DebugGlobalVariable's Variable field with a nonsemantic check.
    
    Signed-off-by: Lu, John <john.lu@intel.com>

commit a1b1f49825bdcd287bdf5383bcc30517c3900ea6
Author: Vyacheslav Levytskyy <89994100+VyacheslavLevytskyy@users.noreply.github.com>
Date:   Thu Feb 1 14:30:22 2024 +0100

    add initial support for CooperativeMatrixConstructCheckedINTEL (#2331)
    
    Add support for checked matrix construct instruction.
    Specification draft: https://github.com/intel/llvm/blob/2fa153ee852ea3d7d64df097f1f494cddacee90e/sycl/doc/design/spirv-extensions/SPV_INTEL_joint_matrix.asciidoc

commit 239fbd4e1790257e7c919b26870f23a23b0d39ef
Author: bwlodarcz <bertrand.wlodarczyk@intel.com>
Date:   Tue Jan 30 13:29:06 2024 +0100

    Fix SPIRVRegularizeLLVMBase::regularize fix for shl i1 and lshr i1 (#2288)
    
    The translator failed assertion with V->user_empty() during regularize function when shl i1 or lshr i1 result is used. E.g.
    
    %2 = shl i1 %0 %1
    store %2, ptr addrspace(1) @G.1, align 1
    
    Instruction shl i1 is converted to lshr i32 which arithmetic have the same behavior.

commit e8b20182e8cea72ae88bccd9733dc6c8c5b7cf32
Author: Viktoria Maximova <viktoria.maksimova@intel.com>
Date:   Mon Jan 29 18:32:55 2024 +0100

    Support llvm.frexp intrinsic translation (#2252)
    
    Map @llvm.frexp intrinsic to OpenCL Extended Instruction frexp builtin.
    
    The difference in signatures and return values is covered by extracting/combining values from and into composite type.
    
    LLVM IR:
    { float %fract, i32 %exp }  @llvm.frexp.f32.i32(float %val)
    SPIR-V:
    { float %fract } ExtInst frexp (float %val, i32 %exp)

commit afe1971bbc3241116469950d5fff8611166d6074
Author: Vyacheslav Levytskyy <89994100+VyacheslavLevytskyy@users.noreply.github.com>
Date:   Mon Jan 29 17:14:24 2024 +0100

    add API to query error message by an error code (#2304)
    
    The goal of the PR is to add API to SPIR-V LLVM Translator to query error message by an error code as discussed in #2298
    
    A need and possible application is a way to generate human-readable error info by error codes returned by other SPIRV Translator API calls, including getSpirvReport().

commit b62cb55e49984d121015b7614a41d954273d70e9
Author: Vyacheslav Levytskyy <89994100+VyacheslavLevytskyy@users.noreply.github.com>
Date:   Mon Jan 29 16:40:23 2024 +0100

    add support for out of bounds load/store (#2277)
    
    Add support for load/store operations for a cooperative matrix such that original matrix shape is known and implementations are able to reason about how to deal with the out of bounds.
    
    CapabilityCooperativeMatrixCheckedInstructionsINTEL = 6192
    CooperativeMatrixLoadCheckedINTEL = 6193
    CooperativeMatrixStoreCheckedINTEL = 6194

commit fd22f8e281d189d0d111228220ebad5e36628e22
Author: Sven van Haastregt <sven.vanhaastregt@arm.com>
Date:   Mon Jan 29 11:20:57 2024 +0100

    Update LLVM version from 18 to 19 (#2315)

commit 8c357de0dde425eb7d46810b354d143b790caba2
Author: LU-JOHN <111294400+LU-JOHN@users.noreply.github.com>
Date:   Wed Jan 24 04:45:49 2024 -0600

    [NFC] Test behavior of common global variables (#2306)
    
    Add tests to ensure that:
    
    A common global without addrspace is reported as an error
    A common addrspace global is not transformed to a locally allocated variable
    Updated error message from "can not" to "cannot". Otherwise this is a NFC.
    
    Signed-off-by: Lu, John <john.lu@intel.com>

commit 918036c6a25a979c93884161cd6ed9608c54446b
Author: Vyacheslav Levytskyy <89994100+VyacheslavLevytskyy@users.noreply.github.com>
Date:   Tue Jan 23 13:44:30 2024 +0100

    add API call to display general information about the module (#2298)
    
    Partially load SPIR-V from the stream and decode only selected for the report instructions, needed to retrieve general information about the module: capabilities, extensions, version, memory model and addressing model.
    
    In addition to immediately helpful for back-ends lists of capabilities and extensions declared in SPIR-V module, a general intent also is to extend report details in future by feedbacks about further potentially useful analysis, statistics, etc.

commit 7bf3fb4dbcef82ce1b5c24ed3f139c49a7851727
Author: LU-JOHN <111294400+LU-JOHN@users.noreply.github.com>
Date:   Mon Jan 22 04:23:18 2024 -0600

    [NFC] Revert change to Fortran array test (#2307)
    
    Revert change to Fortran array test. Also rewrite it to DAG checks to avoid output order problems in future.
    Previous change was in:
    
    > Author: Viktoria Maximova <viktoria.maksimova@intel.com>
    > Date:   Tue Jan 16 17:16:33 2024 +0100
    >
    >     Fix DebugInfo/NonSemantic/Shader200/FortranArray.ll (#2303)
    >
    >     The change is needed after llvm/llvm-project@fc6faa11
    >
    
    The LLVM change that motivated the change to FortranArray.ll has been reverted:
    
    > Author: Davide Italiano <davidino@fb.com>
    > Date:   Tue Jan 16 16:56:24 2024 -0800
    >
    >     Revert "[CloneFunction][DebugInfo] Avoid cloning DILocalVariables of inlined functions (#75385)"
    >
    >     This reverts commit fc6faa1113e9069f41b5500db051210af0eea843.

commit 10b0aab6698160959fd4693f01d48ba197cd85db
Author: Viktoria Maximova <viktoria.maksimova@intel.com>
Date:   Tue Jan 16 19:25:12 2024 +0100

    Add infrastructure for translating ExecutionModeId (#2297)
    
    This functionality was added in SPIR-V 1.2 and allows using an <id> to
    set the execution modes SubgroupsPerWorkgroupId, LocalSizeId, and
    LocalSizeHintI, and others.

commit 4dfbc85c98923bdcd703ba84f93f3eeb5e133cb5
Author: Karol Herbst <kherbst@redhat.com>
Date:   Tue Jan 16 19:24:39 2024 +0100

    Revert "Don't wrap kernels that are not being called in the module (#2119)" (#2301)
    
    kernels can be called from other translation units, so we can't know if a
    kernel is called or not. Reverting this so we get back `Export`
    Linkage declarations which are required to support linking of spirv files.
    
    This reverts commit 46285e43abcc606791a0dd18858fd88af2894294.

commit 519ea931290e8aa5b5a7c445c5489645fb2b5932
Author: Viktoria Maximova <viktoria.maksimova@intel.com>
Date:   Tue Jan 16 17:16:33 2024 +0100

    Fix DebugInfo/NonSemantic/Shader200/FortranArray.ll (#2303)
    
    The change is needed after llvm/llvm-project@fc6faa11

commit 2108fc53fbe714b7c0d6f574dc2cf970db09a5b6
Author: Viktoria Maximova <viktoria.maksimova@intel.com>
Date:   Mon Jan 15 14:43:19 2024 +0100

    Fix GEP generation for reverse translation of OpCompositeConstruct (#2300)

commit 0aab1249acbfb8d206c24988f0974638c290e931
Author: Wenju He <wenju.he@intel.com>
Date:   Fri Jan 12 18:31:46 2024 +0800

    [SPV-IR -> SPIRV] Fix image builtin unsigned type not preserved (#2286)
    
    This PR preserves unsigned return type of image read and unsigned texel
    type of image write builtins as ZeroExtend image operand in SPIRV.

commit 9edf71445c624ab4cc6c2213cef917d2e4906e54
Author: LU-JOHN <111294400+LU-JOHN@users.noreply.github.com>
Date:   Wed Jan 10 05:24:31 2024 -0600

    [DebugInfo] Preserve DIExpression in DIGlobalVariableExpression (#2285)
    
    Preserve DIExpression in DIGlobalVariableExpression.
    
    Preserving DIExpressions is necessary because of this change in LLVM:
    
    commit 638a8393615e911b729d5662096f60ef49f1c65e
    Author: Michael Buch michaelbuch12@gmail.com
    Date: Mon Nov 13 06:04:27 2023 +0000
    
    Reland "[clang][DebugInfo] Emit global variable definitions for static data members with constant initializers" (#71780)

commit 346b4cd1d6fdcffc15da139cc3154664a7c42d00
Author: Wenju He <wenju.he@intel.com>
Date:   Wed Jan 10 19:10:47 2024 +0800

    Add pass plugin for in-tree build with shared libs (#2290)
    
    The plugin registers llvm-spirv passes to llvm pass manager and enables
    LIT test for llvm-spirv passes using opt tool.

commit 4db768cf8ebc598545fec27e1ba7303a0492c5db
Author: Viktoria Maximova <viktoria.maksimova@intel.com>
Date:   Tue Jan 9 17:14:31 2024 +0100

    Fix reverse translation of non-constant values of OpCompositeConstruct pt.2 (#2296)
    
    This patch introduces a way to use runtime values for array and vector
    types. It continues #2256

commit 42788c2feb5941cf3f197e00e67fd6b087c5e33a
Author: LU-JOHN <111294400+LU-JOHN@users.noreply.github.com>
Date:   Tue Jan 9 04:26:17 2024 -0600

    [NFC] [DebugInfo] Test Value field in SPIRV TypeMember (#2289)
    
    Signed-off-by: Lu, John <john.lu@intel.com>

commit 9f29f97d75a3bbe0c8cfb323a81e99a92aa63067
Author: Henry Linjamäki <linehill@users.noreply.github.com>
Date:   Tue Jan 9 12:24:02 2024 +0200

    Use triple subarch to emit exact SPIR-V version (#2292)
    
    Use target triple's subarch component, if present, for setting exact
    SPIR-V version for the SPIR-V emission.
    
    Resolves #1509.

commit 01d7586f0e556fcba4f0f8b160928c836f8e39a0
Author: Sven van Haastregt <sven.vanhaastregt@arm.com>
Date:   Tue Jan 9 11:23:50 2024 +0100

    Remove more unused utility functions; NFC (#2294)

commit 93f2783317007343da7e8b00be0a363f2171d77f
Author: Vyacheslav Levytskyy <89994100+VyacheslavLevytskyy@users.noreply.github.com>
Date:   Mon Jan 8 14:48:59 2024 +0100

    Revert "Remove CoordX and CoordY arguments of OpCooperativeMatrixPrefetchINTEL" (#2293)
    
    This reverts commit c0e19d67eccf2f5b93568ff6eb0b9f363590b26d.

commit 4f0122b532a16581cf19be57d71f636b756275d0
Author: bwlodarcz <bertrand.wlodarczyk@intel.com>
Date:   Mon Jan 8 12:59:20 2024 +0100

    Added support for StallFreeINTEL (#2237)
    
    Commit also adds new extension metadata FPGAClusterAttributesV2INTEL.
    Specification:
    https://github.com/KhronosGroup/SPIRV-Registry/blob/main/extensions/INTEL/SPV_INTEL_fpga_cluster_attributes.asciidoc

commit 59f15de8d66500508b02fcc795f80d88dca2cdbf
Author: bwlodarcz <bertrand.wlodarczyk@intel.com>
Date:   Mon Jan 8 12:53:18 2024 +0100

    Memory leaks fix in SPIRVFunction::decodeBB (#2268)
    
    SPIRVEntry is created by function getEntry() but not deleted in a few
    frame ending branches.

commit 17a5d2dc350bda7461f576c9556e396ab6ba7071
Author: Sven van Haastregt <sven.vanhaastregt@arm.com>
Date:   Thu Jan 4 22:39:58 2024 +0100

    Never emit CapabilityShader for bitreverse (#2287)
    
    This translator currently only supports the OpenCL/compute "flavour"
    of SPIR-V, but for the `llvm.bitreverse` intrinsic it could produce
    SPIR-V modules declaring the `Shader` Capability.
    
    When translating `llvm.bitreverse` without having the
    `SPV_KHR_bit_instructions` extension enabled, avoid producing SPIR-V
    modules declaring the `Shader` Capability and report an error instead.

commit e66cfeaa23db19846947fec534f03d73dbe5975a
Author: Vyacheslav Levytskyy <89994100+VyacheslavLevytskyy@users.noreply.github.com>
Date:   Thu Jan 4 09:17:36 2024 -0800

    Document contract between LLVM IR producer and the translator wrt. global variable declarations (#2267)
    
    Global variable declarations are not permitted to have no address space or addrspace(0). This PR is to document this contract.

commit c0e19d67eccf2f5b93568ff6eb0b9f363590b26d
Author: Vyacheslav Levytskyy <89994100+VyacheslavLevytskyy@users.noreply.github.com>
Date:   Thu Jan 4 04:24:33 2024 -0800

    Remove CoordX and CoordY arguments of OpCooperativeMatrixPrefetchINTEL
    
    According to a new specification, CoordX and CoordY parameters are not needed for prefetch in CooperativeMatrixPrefetchINTEL(), only offset pointer is enough. This PR is to fix support for joint_matrix_prefetch in SPIRV according to the new specification.

commit 29d4cd35bb6083fe2d0f7307d89f43a660476bc5
Author: bwlodarcz <bertrand.wlodarczyk@intel.com>
Date:   Wed Jan 3 22:36:41 2024 +0100

    Access out of scope fix in OCLToSPIRVBase::visitCallReadWriteImage (#2265)
    
    ImageOpMask pointer was passed to closure as reference.
    Closure is executed outside of original stack frame which renders
    reference invalid. Fixes some ASan errors from issue #2233.

commit 006f56e6a9e4a7753595f3e8838175440c54aa23
Author: LU-JOHN <111294400+LU-JOHN@users.noreply.github.com>
Date:   Wed Jan 3 12:49:35 2024 -0600

    [SPIRV-V Extension] fpbuiltin-max-error w/o extension (#2279)
    
    Report an error if fpbuiltin-max-error attribute found without extension enabled
    
    Signed-off-by: Lu, John <john.lu@intel.com>

commit 3b6ff3ef4b03848eb2f5fe267e1f8dfb98d9ca3e
Author: Viktoria Maximova <viktoria.maksimova@intel.com>
Date:   Wed Jan 3 15:32:09 2024 +0100

    Revert "Allow cooperative matrix types for OpMatrixTimesScalar (#2124)" (#2276)
    
    Per discussion in Khronos and the spec itself, OpMatrixTimesScalar should not be used in OpenCL environment, as long as the same can be achieved either via an elementwise multiplication with a cooperative matrix object created from the scalar using OpConstantComposite or by iterating over the elements of the cooperative matrix to multiply each element by the scalar.
    
    Spec: https://github.com/KhronosGroup/SPIRV-Registry/blob/main/extensions/KHR/SPV_KHR_cooperative_matrix.asciidoc
    
    This reverts commit 6522c4ac4764cc1f251edd4266d06cba64549928.

commit e9b95fbc3f58c7d8084620fd58b8bd936c640d37
Author: Wenju He <wenju.he@intel.com>
Date:   Wed Jan 3 21:28:00 2024 +0800

    [SPV -> SPV-IR] Fix image builtin mangling of unsigned type (#2273)
    
    Return type of image read and Texel type of image write builtins may be
    unsigned. Before this PR, the builtin names in SPIR-V Friendly IR were
    always mangled with signed type.

commit f419513db3fcb52627c4c06819e85512fe8a111b
Author: Sven van Haastregt <sven.vanhaastregt@arm.com>
Date:   Wed Jan 3 14:15:22 2024 +0100

    Remove unused utility functions; NFC (#2275)

commit a682bb37393c99ad2b9823f16d357d90474bd302
Author: Wenju He <wenju.he@intel.com>
Date:   Wed Jan 3 20:52:44 2024 +0800

    Mark all passes as required in LLVM new pass manager (#2281)
    
    When these passes are used in LLVM new pass manager, they can't be
    skipped since they are not optimization passes which are optional.
    
    Before this PR I'm seeing crash in compiler when bisecting pass manager.

commit 1f9a8fbb07f978c7dfd9e91f424ffdd83ec7691f
Author: Sven van Haastregt <sven.vanhaastregt@arm.com>
Date:   Wed Jan 3 13:50:00 2024 +0100

    [NFC] Remove unused LLVMBuild.txt files (#2282)
    
    The llvm-build tool has been removed by upstream commit 9218ff50f930
    ("llvmbuildectomy - replace llvm-build by plain cmake", 2020-11-13),
    so these files no longer serve any purpose.

commit e63fdb866c8499bf6cac1da91e838ca2bbe5e5be
Author: Nick Sarnie <sarnex@users.noreply.github.com>
Date:   Tue Dec 19 10:01:46 2023 +0000

    Support forward translation of fpmath metadata (#2266)
    
    The Clang frontend uses the `fpmath` metadata to represent FP accuracy in some cases, right now for OpenCL and possibly SYCL in the near future. The long term plan is to expect the frontend to add the `fpbuiltin-max-error` attribute, but since `fpmath` is generated today and currently dropped, let's support it using the existing `SPV_INTEL_fp_max_error` extension.
    
    Upon reverse translation, we generate the same `fpbuiltin-max-error` attribute/metadata that we would generate if the frontend had added `fpbuiltin-max-error` originally, so anybody using the reverse translation result only needs to handle one case.
    
    Signed-off-by: Sarnie, Nick <nick.sarnie@intel.com>

commit b891a51a8b02d0f967900c3f18be929a07045557
Author: bwlodarcz <bertrand.wlodarczyk@intel.com>
Date:   Mon Dec 18 15:50:20 2023 +0100

    Memory leak fix in SPIRVDecoder::getSourceContinuedInstructions (#2259)
    
    SPIRVEntry created in function getEntry isn't deleted when
    it is ExtOp and isn't SourceContinued.

commit d48e3093f73cf8e01bc98fa034b747ad6006de40
Author: bwlodarcz <bertrand.wlodarczyk@intel.com>
Date:   Mon Dec 18 15:21:25 2023 +0100

    Change ConstantInt.getType to ConstantInt.getIntegerType (#2274)
    
    Due to change in LLVM IR in commit dea16ebd2613a4a218c53045270fc4fcc9b427ad.

commit adf1f524ac82f3206536ef6fc6fbc289a900e5d6
Author: Sven van Haastregt <sven.vanhaastregt@arm.com>
Date:   Mon Dec 18 10:59:32 2023 +0100

    Update for StringRef::{starts,ends}with deprecation (#2272)
    
    Replace with the {starts,ends}_with variants, after LLVM commit
    5ac12951b4e9 ("[ADT] Deprecate StringRef::{starts,ends}with (#75491)",
    2023-12-17).
    
    This is a mechanical change applied using:
    
      git grep -l startswith | xargs sed -i -e 's/startswith/starts_with/g'
      git grep -l endswith | xargs sed -i -e 's/endswith/ends_with/g'

commit 8e6f4677f342ccfc91df99cee0311dce91647002
Author: Sven van Haastregt <sven.vanhaastregt@arm.com>
Date:   Sat Dec 16 13:07:08 2023 +0100

    README.md: State Kernel capability restriction (#2270)
    
    Mention explicitly in the README that only SPIR-V modules that declare
    the Kernel capability are supported.  This is a key restriction for
    anyone looking to translate between (arbitrary) SPIR-V and LLVM IR, so
    mention it at the top of the README.

commit 28c8935821f2917aec5308ed6ef9c7253f098c49
Author: Vyacheslav Levytskyy <89994100+VyacheslavLevytskyy@users.noreply.github.com>
Date:   Fri Dec 15 13:53:48 2023 -0800

    Add validation and support for non-default address space in global variables, and fix tests by adding explicit address space (#2254)
    
    * report error when global variable has Function storage class
    * validate and support non-default address space in global variables and fix related tests to conform with spirv-val rules
    * fix order of checks
    * apply code review suggestions

commit a6f017afd003e7de415df66fc8e8d9996d57f74b
Author: Viktoria Maximova <viktoria.maksimova@intel.com>
Date:   Fri Dec 15 19:26:28 2023 +0100

    Fix reverse translation of non-constant values of OpCompositeConstruct (#2256)
    
    This patch introduces a way to use runtime values for structure fields.
    
    Co-authored-by: Arvind Sudarsanam <arvind.sudarsanam@intel.com>

commit 1a19f6f8eb6384f25c9ff0b5779a3c0dc5490ac8
Author: bwlodarcz <bertrand.wlodarczyk@intel.com>
Date:   Thu Dec 14 17:06:53 2023 +0100

    Memory leak fix in LLVMToSPIRVBase::transExecutionMode (#2269)
    
    Allocated SPIRVExecutionMode class wasn't added as dependant resource in
    SPIRVModule. Fix some ASan errors in issue #2233.

commit c7cd904579ae5e1ecf433ec459efc42d672ee301
Author: bwlodarcz <bertrand.wlodarczyk@intel.com>
Date:   Thu Dec 14 16:45:36 2023 +0100

    Access out of scope fix in OCLToSPIRVBase::visitCallAtomicCmpXchg (#2264)
    
    Pointer named Expected was taken by reference to closure to be executed
    later by Mutator. Mutator executes the closure in his destructor
    which happens after the destruction of Expected pointer stack frame.
    This fix clears some ASan errors from #2233.

commit 85a10e2a6b4322fe21bd849c933ecca684171e05
Author: bwlodarcz <bertrand.wlodarczyk@intel.com>
Date:   Thu Dec 14 16:43:33 2023 +0100

    Access out of scope fix in OCLToSPIRVBase::transBuiltin (#2262)
    
    OldRetTy pointer was passed to lambda by reference. This means that
    in lambda it's real C-like type was Value ** pointing to the stack
    within of the transBuiltin stack frame. Logic of lambda is executed in
    doConversion function executed in destructor of BuiltinCallMutator.
    The stack frame is unaccessible during the destructor call and
    it worked only as undfined behaviour.

commit 0166a0fb86dc6c0e8903436bbc3a89bc3273ebc0
Author: Viktoria Maximova <viktoria.maksimova@intel.com>
Date:   Wed Dec 13 16:46:33 2023 +0100

    Update LongConstantCompositeINTEL to LongCompositesINTEL capability after Headers change (#2258)
    
    * Bump SPIRV-Headers to 1c6bb2743599e6eb6f37b2969acc0aef812e32e3
    * replace internal SPV_INTEL_long_composites ext with the published SPV_INTEL_long_composites
    * don't rename extension for now
    This closes: https://github.com/KhronosGroup/SPIRV-LLVM-Translator/issues/2261
    
    Co-authored-by: Wlodarczyk, Bertrand <bertrand.wlodarczyk@intel.com>

commit 1e3ec59199c64f14ce9d8325af86e102c7bdb628
Author: Sven van Haastregt <sven.vanhaastregt@arm.com>
Date:   Tue Dec 12 09:39:46 2023 +0100

    README.md: Update status badge URLs (#2255)
    
    The previous badges were no longer reflecting the current status,
    always showing green.

commit aeeaf6c34dd5862cb1c0c21fdb37e55ca09a5897
Author: Vyacheslav Levytskyy <89994100+VyacheslavLevytskyy@users.noreply.github.com>
Date:   Thu Dec 7 02:37:59 2023 -0800

    add support for the 'fcmp false' instruction (#2251)
    
    * add support for the 'fcmp false' instruction
    * fcmp false: present vector of false values as ConstantNull

commit 0348aa34b7c7f6d775fabf388ba3911a8a81a98a
Author: Sven van Haastregt <sven.vanhaastregt@arm.com>
Date:   Tue Dec 5 11:11:02 2023 +0100

    Update after getInt8PtrTy LLVM API removal (#2250)
    
    Replace instances of `getInt8PtrTy` after llvm commit 6cd7500ae690
    ("[llvm][IR] Remove method IRBuilderBase::getInt8PtrTy (#74096)",
    2023-12-01).

commit 8155991fa577c213eb0d5c3555097dd1aa35fec9
Author: Maksim Sabianin <maksim.sabianin@intel.com>
Date:   Fri Dec 1 12:53:59 2023 +0100

    [NFC] Fix warning with variadic macro (#2249)
    
    The following warning used to appear:
    SPIRVInstruction.h:3745:23: warning: ISO C++11 requires at least one argument for the "..." in a variadic macro
    _SPIRV_OP(ReadClockKHR)

commit ff48393bd5cd27ae0c77940da0d1c82ded214b42
Author: Artem Radzikhovskyy <artem.radzikhovskyy@intel.com>
Date:   Thu Nov 30 12:33:45 2023 -0800

    Can apply MemoryINTEL annotation multiple times on same variable (#2230)
    
    According to SPIRV spec only one instance of a specific decoration can be on a SPIRV-Id, unless the decoration explicitly allows it.
    
    LLVM IR has no such limitation.
    
    MemoryINTEL can have two annotations on the same pointer in LLVM IR. When it comes to translating this to SPIRV, we can filter out the less precise annotation (DEFAULT) and only keep one that will be translated to a SPIRV decoration.

commit 3770469415248d847da4205f77a5b83aa5f0bc0b
Author: Artem Radzikhovskyy <artem.radzikhovskyy@intel.com>
Date:   Wed Nov 29 12:33:56 2023 -0800

    Fixing Intrinsic::ptr_annotation (#2235)
    
    There is a fundamental misalignment between when translating llvm.ptr.annotation to SPIRV's OpMemberDecorate.
    
    llvm.ptr.annotation is applied onto a pointer.
    
    OpMemberDecorate is applied on a type, which means that all variables of this type will have this Decoration.
    
    This change fixes this misalignment by translating llvm.ptr.annotation to SPIRV's OpDecorate instead, which instead places the decoration onto the pointer.

commit ef0165aecda8cc2f0207798f8028f5ffc4faa5c3
Author: Dmitry Sidorov <dmitry.sidorov@intel.com>
Date:   Tue Nov 28 16:19:15 2023 +0100

    Fix reverse translation for a decoration applied to a function parameter (#2232)
    
    This fixes reverse translation for SPV_INTEL_fpga_memory_accesses.
    Theoretically it fixes more, but seems like without the extension we
    don't generate UserSemantic decoration in this case at all. Will
    be investigated separately.
    
    Signed-off-by: Sidorov, Dmitry <dmitry.sidorov@intel.com>

commit 55966eec6ad181b689c6b2e90a1faaef998ff3e9
Author: Vyacheslav Levytskyy <89994100+VyacheslavLevytskyy@users.noreply.github.com>
Date:   Tue Nov 28 04:11:52 2023 -0800

    [NFC] Put args order for CooperativeMatrixLoadKHR in correspondence with the extension doc (#2239)

commit 4e1d3e0192de56b222567adbaee73983e8a4b108
Author: Vyacheslav Levytskyy <89994100+VyacheslavLevytskyy@users.noreply.github.com>
Date:   Mon Nov 27 06:21:58 2023 -0800

    Fix cooperative matrix prefetch test (scope parameter) (#2234)
    
    - change Scope argument to one of two available options: ScopeWorkgroup/ScopeWorkgroup
    - fix arguments order in calls to OpCooperativeMatrixLoadKHR()

commit 10d12851891bdd44d22aaf6a7d5dade6540d8996
Author: Viktoria Maximova <viktoria.maksimova@intel.com>
Date:   Fri Nov 24 16:12:20 2023 +0100

    Fix translation for static TypeMember for dwarf5 (#2231)
    
    This resolves #2224 and fixes #2229

commit 32786ff01b612846e5dbdd7c6de99814621ca834
Author: Viktoria Maximova <viktoria.maksimova@intel.com>
Date:   Fri Nov 24 16:10:24 2023 +0100

    Support both legacy and Khronos version of global variable extensions (#2228)
    
    This is done to provide smooth drivers transition to official
    extensions.
    Also updated tests for new extensions to use new tokens after
    https://github.com/KhronosGroup/SPIRV-Headers/commit/cca08c63cefa129d082abca0302adcb81610b465

commit f18e64da496cc836628b5a4a2dd7646084333267
Author: Dmitry Sidorov <dmitry.sidorov@intel.com>
Date:   Thu Nov 23 22:59:23 2023 +0100

    Add error checking for cooperative matrix use and scope parameters (#2223)
    
    Use should be: MatrixA, MatrixB or Accumulator.
    Scope must be at max Invocation (others are not supported
    by the translator).
    
    Signed-off-by: Sidorov, Dmitry <dmitry.sidorov@intel.com>

commit 08885516deabe3b51c8bc801fd8997b794e9d698
Author: Viktoria Maximova <viktoria.maksimova@intel.com>
Date:   Tue Nov 21 18:18:27 2023 +0100

    Support DWARF5 static member as DW_TAG_variable (#2229)
    
    This resolves https://github.com/KhronosGroup/SPIRV-LLVM-Translator/issues/2224

commit dd1f598c879f26106be6bd4049407b388b3f18d9
Author: Viktoria Maximova <viktoria.maksimova@intel.com>
Date:   Fri Nov 17 23:05:06 2023 +0100

    Support syncscope LLVM argument of atomic instructions (#2222)
    
    This fixes #1728

commit 467edf99c59756a7100793d46e5c692654469ede
Author: Vyacheslav Levytskyy <89994100+VyacheslavLevytskyy@users.noreply.github.com>
Date:   Fri Nov 17 20:32:57 2023 +0100

    Add OpCooperativeMatrixApplyFunctionINTEL instruction (#2214)
    
    This PR aims to introduce entities related to OpCooperativeMatrixApplyFunctionINTEL in llvm-spirv translator, according to https://github.com/intel/llvm/blob/sycl/sycl/doc/design/spirv-extensions/SPV_INTEL_joint_matrix.asciidoc.
    
    Co-authored-by: Sidorov, Dmitry <dmitry.sidorov@intel.com>

commit 1010efc8bd9e367597b2c677a0b0df0c14e7b051
Author: Dmitry Sidorov <dmitry.sidorov@intel.com>
Date:   Thu Nov 16 16:45:41 2023 +0100

    Enable BFloat16 and TensorFloat32 conversions for cooperative matrices (#2213)
    
    Previously added scalar/vector ConvertFToBF16INTEL, ConvertBF16ToFINTEL
    and RoundFToTF32INTEL conversions are now enabled for cooperative matrix
    type under SPV_INTEL_joint_matrix extension following the spec:
    https://github.com/intel/llvm/blob/sycl/sycl/doc/design/spirv-extensions/SPV_INTEL_joint_matrix.asciidoc
    
    Note, joint matrices are not allowed as input/output for these
    conversions as it is being deprecated.
    
    Signed-off-by: Sidorov, Dmitry <dmitry.sidorov@intel.com>

commit ae2d38bfbed44dd1c54067f4604e4398d948e118
Author: Dmitry Sidorov <dmitry.sidorov@intel.com>
Date:   Thu Nov 16 11:03:49 2023 +0100

    [CI] FIx clang-tidy in CI probably after 4294bca5e (#2220)
    
    The patch added exit code, so some adjustments are needed on our side.
    
    Signed-off-by: Sidorov, Dmitry <dmitry.sidorov@intel.com>

commit 865af5dca57d3ffae1b976c4f6e98e3ba4dafc4d
Author: Wenju He <wenju.he@intel.com>
Date:   Thu Nov 16 18:03:34 2023 +0800

    [NFC] Fix build after llvm commit d0ae2391 (#2219)
    
    d0ae2391 adds RunTimeLang parameter to createEnumerationType function.
    Use default value for the new parameter.

commit 4d65d2760a7c0317fdd6ddc5b0a496a64e2d810b
Author: bwlodarcz <bertrand.wlodarczyk@intel.com>
Date:   Thu Nov 16 10:58:10 2023 +0100

    Fix duplicate type declarations when using addXXXType api (#2216)
    
    Duplicate declarations are non conformant with spec which rendered
    current implementation of SPIRVModuleImpl::addXXXType useless for some types.
    This commit is an easy fix for bool, float and void.
    Integer is changed from std::map to SmallDenseMap with 4 inlined buckets.
    Most of the time Integer will only have 8, 16, 32 and 64 bitwidth so it's
    much more efficient to use this specialized map.

commit 52cc84e2bf610eb5b351a8bb205deee22a491e54
Author: Dmitry Sidorov <dmitry.sidorov@intel.com>
Date:   Thu Nov 16 10:25:33 2023 +0100

    [NFC] Fix clang format automation after 68d618f90 (#2218)
    
    The patch adds exit(1) in case if the clang-format reports an error
    and it breaks our pre-commit CI.
    
    Signed-off-by: Sidorov, Dmitry <dmitry.sidorov@intel.com>

commit 3cfffb29c0b8bba4282599ab1c3966a5d2756a45
Author: Vyacheslav Levytskyy <89994100+VyacheslavLevytskyy@users.noreply.github.com>
Date:   Thu Nov 16 01:42:35 2023 +0100

    support joint matrix prefetch (#2212)
    
    This PR aims to introduce CooperativeMatrixPrefetchINTEL capability and operation, and make initial introduction of entities in llvm-spirv translator.

commit b90bf05ab1860264d1b0ea359cd91a003d72e161
Author: Dmitry Sidorov <dmitry.sidorov@intel.com>
Date:   Wed Nov 15 16:10:41 2023 +0100

    [NFC] Fix build after da90fd7524 (#2217)
    
    The patch added extra parameter to StaticMemberType for differentiation
    between DW_TAG_variable and DW_TAG_member in DWARF5.
    
    Signed-off-by: Sidorov, Dmitry <dmitry.sidorov@intel.com>

commit 2075517bfb01ecc71d51bb66c40c0ff8d0b1cc48
Author: Dmitry Sidorov <dmitry.sidorov@intel.com>
Date:   Wed Nov 15 12:07:43 2023 +0100

    [NFC] Remove lshr-constexpr.ll test after 56c1d3018 (#2215)
    
    https://discourse.llvm.org/t/rfc-remove-most-constant-expressions/63179 is being implemented, and some tests become obsolete.
    
    Signed-off-by: Sidorov, Dmitry <dmitry.sidorov@intel.com>

commit fe088cd16fdab633c23f03cdf57c4369d7c45a31
Author: bwlodarcz <bertrand.wlodarczyk@intel.com>
Date:   Tue Nov 14 17:27:06 2023 +0100

    Support for llvm.vector.reduce.* intrinsics (#2198)
    
    A set of llvm.vector.reduce.* intrinsics doesn't have straight forward
    operation equivalent on the SPIRV side. The easiest solution to this
    problem is to use scalar operation on each pair of vector elements
    and repeat until there is only one value.

commit 1aae8db379349ff7bd491ca02ddb977ee43c1ece
Author: Vyacheslav Levytskyy <89994100+VyacheslavLevytskyy@users.noreply.github.com>
Date:   Tue Nov 14 16:55:37 2023 +0100

    add initial f16 type support for atomicrmw in llvm-spirv translator (#2210)
    
    This PR aims to add f16 type support for atomicrmw in llvm-spirv translator, with the reference to the extension documented in [1].
    There are two concerns related to the subject:
    
    SPIRVAtomicFAddEXTInst::getRequiredExtension() should return a list of required extension to support the requirement to list both SPV_EXT_shader_atomic_float16_add and SPV_EXT_shader_atomic_float_add extensions in the module (see "Extension Name" section of the ref [1]). However, the return type is std::optional<ExtensionID> and returning a vector would need a bigger rework.
    Including SPV_EXT_shader_atomic_float16_add into --spirv-ext argument of llvm-spirv doesn't result in producing the correspondent capability (AtomicFloat16AddEXT) and extension in a SPIRV output.
    $ llvm-spirv AtomicFAddEXT.ll.tmp.bc --spirv-ext=+SPV_EXT_shader_atomic_float_add,+SPV_EXT_shader_atomic_float16_add -o AtomicFAddEXT.ll.tmp.spv
    $ llvm-spirv -to-text AtomicFAddEXT.ll.tmp.spv -o /dev/stdout
    ...
    2 Capability AtomicFloat32AddEXT
    2 Capability AtomicFloat64AddEXT
    9 Extension "SPV_EXT_shader_atomic_float_add"
    ...
    This prevents extending the test case of AtomicFAddEXT.ll in EXT/SPV_EXT_shader_atomic_float.
    
    References:
    [1] https://github.com/KhronosGroup/SPIRV-Registry/blob/main/extensions/EXT/SPV_EXT_shader_atomic_float16_add.asciidoc

commit 1088aca0fd5ed0b855881bb52a199497dc86e952
Author: Dmitry Sidorov <dmitry.sidorov@intel.com>
Date:   Thu Nov 9 16:48:52 2023 +0100

    [NFC] Fix CHECKs FortranArray.ll (#2211)
    
    This version should be more much stable.
    
    Signed-off-by: Sidorov, Dmitry <dmitry.sidorov@intel.com>

commit 74b2540939df6b78b59d669ce8c0ad82b6e1d4b2
Author: Dmitry Sidorov <dmitry.sidorov@intel.com>
Date:   Thu Nov 9 13:26:25 2023 +0100

    [NFC] Remove Type::getInt8PtrTy after 7b9d73c2f90 (#2209)
    
    Signed-off-by: Sidorov, Dmitry <dmitry.sidorov@intel.com>

commit c60327f8082bbeba6b4ed8d41763975add8924cc
Author: Arvind Sudarsanam <arvind.sudarsanam@intel.com>
Date:   Thu Nov 9 05:53:16 2023 -0500

    [Builtin] Fix issue with attribute list update (#2192)
    
    When adding changes to support fpbuiltins in the translator, there was a bug that overwrote some attributes.
    This PR aims to fix that issue.
    
    Signed-off-by: Arvind Sudarsanam <arvind.sudarsanam@intel.com>

commit 5c1e2c771315235f0c73686f3766a096e5dfec83
Author: bwlodarcz <bertrand.wlodarczyk@intel.com>
Date:   Wed Nov 8 02:13:11 2023 +0100

    Support for new SPV_INTEL_fpga_memory_attributes (#2196)
    
    This commit adds StridesizeINTEL, WordsizeINTEL and TrueDualPortINTEL
    support to translator.

commit 88eff5835fbce6c2d7f6aba458f522d41e3d8b51
Author: Dmitry Sidorov <dmitry.sidorov@intel.com>
Date:   Tue Nov 7 11:29:30 2023 +0100

    [NFC] Align FortranArray.ll test (#2199)
    
    Added -DAG to CHECK for DebugFunction. It's better not to relax order of
    checks for debug info instructions, but in this case it should be OK as
    the main purpose of the test is not about DebugFunction.
    
    Signed-off-by: Sidorov, Dmitry <dmitry.sidorov@intel.com>

commit 0706af8fb71e220e681226b35f878d2f700e2635
Author: Dmitry Sidorov <dmitry.sidorov@intel.com>
Date:   Tue Nov 7 11:28:08 2023 +0100

    [NFC] Remove constexpr_icmp.ll test after (#2200)
    
    It's still possible to rewrite it, but it (as well as the problem it
    addresses) will become obsolete when
    https://discourse.llvm.org/t/rfc-remove-most-constant-expressions/63179
    is fully implemented.
    
    Signed-off-by: Sidorov, Dmitry <dmitry.sidorov@intel.com>

commit 723663b3517dce4a1ef38179ca8445066a1b11a5
Author: bwlodarcz <bertrand.wlodarczyk@intel.com>
Date:   Thu Nov 2 15:47:07 2023 +0100

    Bump spirv-headers-tag.conf (#2197)
    
    Due to new update of SPIRV-Headers download commit tag should be updated.

commit a76f24e5274de813f935e96427e9803a10c54de0
Author: Nikita Kornev <nikita.kornev@intel.com>
Date:   Thu Oct 26 18:07:29 2023 +0200

    Support sycl_ext_oneapi_prefetch (#2189)
    
    SYCL part: https://github.com/intel/llvm/pull/11458
    https://github.com/intel/llvm/pull/11597
    
    Handle new properties and decorate prefetch's arg.

commit 587443c9e9094f37ac4e185fb4f889913c6992a9
Author: Dmitry Sidorov <dmitry.sidorov@intel.com>
Date:   Thu Oct 26 04:36:07 2023 -0700

    do not rely on version of compiler being $VER.0.0 (#2194)
    
    Co-authored-by: Stanley Gambarin <stanley.gambarin@intel.com>

commit 538005a8d601e4a93e982b877caf409af3add90e
Author: Viktoria Maximova <viktoria.maksimova@intel.com>
Date:   Mon Oct 16 15:50:36 2023 +0200

    Update decorations for global variables (#2174)
    
    This change is basically an update of #1389 for spec changes.
    
    Implementation of the feature was based on Intel extension which was not officially published to Khronos.
    Now it has been split, updated, and published to Khronos by KhronosGroup/SPIRV-Registry#205
    
    Summary of the things that have changed:
    
    Capability names and a new capability was added
    Values for decorations have been updated to enums
    Decoration names and IDs have been changed
    Specs:
    https://github.com/KhronosGroup/SPIRV-Registry/blob/main/extensions/INTEL/SPV_INTEL_global_variable_fpga_decorations.asciidoc https://github.com/KhronosGroup/SPIRV-Registry/blob/main/extensions/INTEL/SPV_INTEL_global_variable_host_access.asciidoc

commit d009cd45ad56b162796a7662cc2b5b570b21ab3d
Author: bwlodarcz <bertrand.wlodarczyk@intel.com>
Date:   Fri Oct 13 12:33:06 2023 +0200

    Add support for ISubBorrow SPIRV instruction (#2168)
    
    This commit implements bidirectional translation of the llvm.usub.with.overflow and the ISubBorrow intrinsic.
    Intrinsic llvm.usub.with.overflow returns struct which second element have a type of i1.
    The llvm type i1 is, in llvm-spirv, directly translated to BoolType.
    SPIRV specification requires that the composite which returns from ISubBorrow needs to have both elements of the same type.
    In result, current implementation is not compliant and should be considered temporary.

commit a6b06cd354dc90e0fb36426e84e82d6fd60e1c05
Author: bwlodarcz <bertrand.wlodarczyk@intel.com>
Date:   Thu Oct 12 17:13:50 2023 +0200

    Add support for IAddCarry SPIRV instruction (#2167)
    
    This commit implements bidirectional translation of the llvm.uadd.with.overflow and the IAddCarry intrinsic.
    Intrinsic llvm.uadd.with.overflow returns struct which second element have a type of i1.
    The llvm type i1 is, in llvm-spirv, directly translated to BoolType.
    SPIRV specification requires that the composite which returns from IAddCarry needs to have both elements of the same type.
    In result, current implementation is not compliant and should be considered temporary.

commit e68ddf71512a77a6bae4b281578d52e0ab98ab2f
Author: bowenxue-intel <bowen.xue@intel.com>
Date:   Mon Oct 9 03:05:30 2023 -0700

    Refactor translation and reverse translation of PipelineEnableINTEL for loops and functions (#2171)
    
    Refactor SPIRVWriter to accept !disable_kernel_pipelining instead of !disable_loop_pipelining for function metadata, and !llvm.loop.intel.pipelining.disable instead of !llvm.loop.intel.pipelining.enable for loop metadata.
    
    Refactor SPIRVReader to emit !disable_kernel_pipelining instead of !disable_loop_pipelining for function metadata, and !llvm.loop.intel.pipelining.disable instead of !llvm.loop.intel.pipelining.enable for loop metadata.
    
    Relevant/Related intel/llvm PR: intel/llvm#11372

commit deb6ee9ec4c28382ec1ff7827b8fa454b7a79b6a
Author: Viktoria Maximova <viktoria.maksimova@intel.com>
Date:   Wed Oct 4 16:25:38 2023 +0200

    Reverse translation of access + load/store operations for cooperative matrix (#2165)
    
    Implement translation via SPIR-V friendly calls, as:
    
    the LLVM instructions are not capable to accept target extension types;
    cooperative matrix is an opaque object and accessing elements is implementation defined, hence we can't use GEP to which AccessChain naturally maps, since GEP has a different meaning.
    As for now some BE would need to recognize and define what to do with a call to __spirv_AccessChain(matrix, index). Better option is to map such SPIR-V to an intrinsic or define an appropriate type in LLVM (hence defining rules for GEP and other instructions) , but it's off the table now.

commit fdc961f4d681ef8b325f9982f6cc9cdd4df1880a
Author: Viktoria Maximova <viktoria.maksimova@intel.com>
Date:   Wed Oct 4 16:25:18 2023 +0200

    Reverse translation of arithmetic instructions for cooperative matrixes (#2166)
    
    Implement translation via SPIR-V friendly calls, as:
    
    the LLVM instructions are not capable to accept target extension types;
    matrix arithmetic instructions require additional carry additional rules, which LLVM can not perform (for example while technically Add for vectors and (flattened) matrices is the same - yet for matrices we need to perform extra checks, also mul instruction is complitely different).
    As for now some BE would need to recognize and define what to do with a call to __spirv_FMul(matrixA, matrixB). Better option is to map such SPIR-V to an intrinsic or define an appropriate type in LLVM (hence defining rules for GEP and other instructions) , but it's off the table now.

commit 21cc1d0e2adc63b6715561713c1415bd3923ae28
Author: bwlodarcz <bertrand.wlodarczyk@intel.com>
Date:   Mon Oct 2 20:50:36 2023 +0200

    Remove unnecessary prefix check in LLVMToSPIRVBase::getFPBuiltinType (#2169)
    
    Definition of StringRef.consume_front also performs prefix check.
    It makes additional check redundant.

commit c7ec63ad18e3a89d745f858e93ea0da44ebdae97
Author: Nick Sarnie <sarnex@users.noreply.github.com>
Date:   Fri Sep 29 21:12:44 2023 +0000

    Fix SPIR-V global to function replacement for differing load types (#2160)
    
    In some cases, we will see IR with the following
    
    @__spirv_BuiltInGlobalInvocationId = external dso_local local_unnamed_addr addrspace(1) constant <3 x i64>, align 32
    
    ...
    
    %0 = load <6 x i32>, ptr addrspace(1) @__spirv_BuiltInGlobalInvocationId, align 32
    %1 = extractelement <6 x i32> %0, i64 0
    Note the global type and load type are different. Change the handling of vector loads from vector globals to reconstruct the global vector type and then bitcast to the load type.
    
    Thanks to @jcranmer-intel for helping me find the simplest solution.

commit 3d28e5279de632657114b58ff4987f211f71e37b
Author: bwlodarcz <bertrand.wlodarczyk@intel.com>
Date:   Fri Sep 22 16:38:58 2023 +0200

    Ignore llvm.ubsantrap intrinsic (#2161)
    
    It's the similar case as llvm.trap intrinsic - the preferred
    way is to ignore it in the translator.

commit aab0dac9225808840f1c8dbed33ce8b20549ca6e
Author: LU-JOHN <111294400+LU-JOHN@users.noreply.github.com>
Date:   Mon Sep 18 11:14:34 2023 -0500

    Translate llvm.fpto[s|u]i.sat.* intrinsics (#2149)
    
    Signed-off-by: Lu, John <john.lu@intel.com>

commit 9bd7ced1516f6049ea4f331b77fa41195afd4ee7
Author: Sven van Haastregt <sven.vanhaastregt@arm.com>
Date:   Mon Sep 18 11:21:57 2023 +0100

    Convert remaining transcoding tests to opaque pointers (#2155)

commit 1b305325e5ef89b5bfdbaf4c5b5780b9f2549f06
Author: Viktoria Maximova <viktoria.maksimova@intel.com>
Date:   Mon Sep 18 11:59:21 2023 +0200

    Test arithmetic instructions for TypeCooperativeMatrixKHR (#2156)
    
    Spec:
    https://github.com/KhronosGroup/SPIRV-Registry/blob/main/extensions/KHR/SPV_KHR_cooperative_matrix.asciidoc

commit 1c154fff7156e3fcc46ed7cfdb17f8199287eaac
Author: Arvind Sudarsanam <arvind.sudarsanam@intel.com>
Date:   Wed Sep 13 12:57:33 2023 -0400

    Fix check for (neg) zero for fpclass emulation (#2154)
    
    We should compare not only to zero integer, but also 'negated' zero.

commit b6c49e377c1ecebec42fd770673818fc53b1ec04
Author: Sven van Haastregt <sven.vanhaastregt@arm.com>
Date:   Wed Sep 13 16:53:45 2023 +0100

    Manually convert tests to opaque pointers (#2152)

commit 89ffe391907a11054e1de2454060e5ba5018c3af
Author: Arvind Sudarsanam <arvind.sudarsanam@intel.com>
Date:   Fri Sep 8 14:06:31 2023 -0400

    Fix ldexp builtin prototype in one of LIT tests (#2150)
    
    Signed-off-by: Sudarsanam, Arvind <arvind.sudarsanam@intel.com>

commit c6fe12b96e2ec221b8fcce976ad7e43109fd5f3b
Author: Arvind Sudarsanam <arvind.sudarsanam@intel.com>
Date:   Tue Sep 5 13:15:13 2023 -0400

    [SPIR-V Extension] fpbuiltin-max-error support (#2056)
    
    This changes add SPIR-V translator support for the SPIR-V extension documented here: KhronosGroup/SPIRV-Registry#193.
    This extension adds one decoration to represent maximum error for FP operations and adds the related Capability.
    SPIRV Headers support for representing this in SPIR-V: KhronosGroup/SPIRV-Headers#363
    
    intel/llvm#8134 added a new call-site attribute associated with FP builtin intrinsics. This attribute is named 'fpbuiltin-max-error'.
    Following example shows how this extension is supported in the translator. The input LLVM IR uses new LLVM builtin calls to represent FP operations. An attribute named 'fpbuiltin-max-error' is used to represent the max-error allowed in the FP operation.
    Example
    Input LLVM:
    %t6 = call float @llvm.fpbuiltin.sin.f32(float %f1) #2
    attributes #2 = { "fpbuiltin-max-error"="2.5" }
    
    This is translated into a SPIR-V instruction (for add/sub/mul/div/rem) and OpenCl extended instruction for other instructions. A decoration to represent the max-error is attached to the SPIR-V instruction.
    
    SPIR-V code:
    4 Decorate 97 FPMaxErrorDecorationINTEL 1075838976
    6 ExtInst 2 97 1 sin 88
    
    No new support is added to support translating this SPIR_V back to LLVM. Existing support is used. The decoration is translated back into named metadata associated with the LLVM instruction. This can be readily consumed by backends.
    
    Based on input from @andykaylor, we emit attributes when the FP operation is translated back to a call to a builtin function and emit metadata otherwise.
    
    Translated LLVM code for basic math functions (add/sub/mul/div/rem):
    %t6 = fmul float %f1, %f2, !fpbuiltin-max-error !7
    !7 = !{!"2.500000"}
    
    Translated LLVM code for other math functions:
    %t6 = call spir_func float @_Z3sinf(float %f1) #3
    attributes #3 = { "fpbuiltin-max-error"="4.000000" }
    
    Signed-off-by: Arvind Sudarsanam <arvind.sudarsanam@intel.com>

commit 613f5365d1192d9197bafb086cdc0e6a2059b5c5
Author: Sven van Haastregt <sven.vanhaastregt@arm.com>
Date:   Mon Sep 4 13:58:59 2023 +0100

    Convert tests to opaque pointers, preserving metadata (#2142)
    
    Bulk-convert some of the remaining tests using the migration script,
    while manually ensuring that kernel argument metadata is left
    unchanged.

commit 387841b0c5d8e8b651b7c5d71a9cfb2ce5a3d915
Author: Andrzej Ratajewski <andrzej.ratajewski@intel.com>
Date:   Mon Sep 4 13:29:38 2023 +0200

    Support for SPV_INTEL_cache_controls (#2140)
    
    Specification: https://github.com/KhronosGroup/SPIRV-Registry/pull/216

commit 5b78b0dc7924196c15bd8852c9e831da7d1bb935
Author: Sven van Haastregt <sven.vanhaastregt@arm.com>
Date:   Sat Sep 2 19:41:16 2023 +0100

    [NFC] Update Travis references to GitHub Actions (#2144)
    
    We have been using GitHub Actions on the `main` branch for a while
    now, but there were still some dangling references to Travis.

commit 436c4972ad94810783ae1529800c64d660be7c6a
Author: Dmitry Sidorov <dmitry.sidorov@intel.com>
Date:   Fri Sep 1 17:25:46 2023 +0300

    Fix TopologicalSort for Joint and Cooperative matrices (#2143)
    
    visit method of the sort relies on getNonLiteralOperands method of the
    SPIRVType which is being inserted in the module. Without it dependent
    types can be inserted in the module in incorrect order.
    
    For example:
    TypeCooperativeMatrixKHR %ID%
    TypeStruct ... %ID%
    is the correct order, but without the patch in some cases the translator
    could generate the opposite order.
    
    Signed-off-by: Sidorov, Dmitry <dmitry.sidorov@intel.com>

commit 87012791cf271f5d14bc6a225c7bdf3a9a20c39e
Author: Sven van Haastregt <sven.vanhaastregt@arm.com>
Date:   Thu Aug 31 15:09:26 2023 +0100

    Only require Shader capability if unavoidable (#2141)
    
    Requiring the `Shader` capability for any module that uses
    `llvm.bitreverse` is problematic for OpenCL execution environments.
    Only require the `Shader` capability if we cannot use the
    `BitInstructions` capability.
    
    Fixes https://github.com/KhronosGroup/SPIRV-LLVM-Translator/issues/2139

commit 8564fd4c17ed053395cf7a896c754a7242d0b90b
Author: Sven van Haastregt <sven.vanhaastregt@arm.com>
Date:   Thu Aug 31 10:07:51 2023 +0100

    Add SPV_EXT_image_raw10_raw12 writer support (#2132)
    
    Add basic LLVM-to-SPIR-V support for the SPV_EXT_image_raw10_raw12
    extension, enabling the extension if constants from the extension are
    found in the LLVM IR.
    
    The extension adds 2 new return values for `OpImageQueryFormat`, which
    are integer constants that may appear anywhere in LLVM IR.
    Distinguishing between the extension's constants and arbitrary
    constants that happen to have the same value as the extension's
    constants is not possible in general.  Hence this patch only covers
    some common use cases, where the result of `OpImageQueryFormat` is
    directly used in an integer comparison or switch instruction.

commit 5d4ebd153649feac1b68281f9198196daffd353b
Author: Viktoria Maximova <viktoria.maksimova@intel.com>
Date:   Fri Aug 25 16:09:21 2023 +0200

    Test conversion instructions for TypeCooperativeMatrixKHR (#2137)

commit f5ab11d8db309f3ba258519b4bc16c38d02ef674
Author: Sven van Haastregt <sven.vanhaastregt@arm.com>
Date:   Thu Aug 24 19:02:32 2023 +0100

    Fix kernel arg metadata in tests after opaque pointer conversion (#2136)
    
    During previous bulk conversion of tests, occurrences of `half*`,
    `float*`, and `double*` in kernel metadata were inadvertently updated
    to `ptr`.  Restore the original types.

commit df5f897003dceeb8a885708ddbe4cd998fd44a74
Author: Viktoria Maximova <viktoria.maksimova@intel.com>
Date:   Thu Aug 24 20:01:59 2023 +0200

    Test OpCooperativeMatrixLengthKHR (#2135)
    
    For now we are violating the specification by passing Matrix Id instead
    of Matrix Type Id.
    
    Place for improvement - to come up with the way to translate only the
    type.

commit 2c9f60f57463ce1b3ce3a093721d77bc04551cb0
Author: Sven van Haastregt <sven.vanhaastregt@arm.com>
Date:   Thu Aug 24 16:16:36 2023 +0100

    Convert tests to opaque pointers (#2134)
    
    This completes the initial bulk conversion of tests using the
    migration script.
    
    There are more tests to be converted; however they will need manual
    fixups, so leave them out of this bulk conversion.

commit e7e8c093d1d4eb0dd1a8f16f60e63bd8f136ca9b
Author: LU-JOHN <111294400+LU-JOHN@users.noreply.github.com>
Date:   Tue Aug 22 17:21:44 2023 -0500

    [OpaquePointers] Correctly find leader of EC in type scavenger (#2133)
    
    Signed-off-by: Lu, John <john.lu@intel.com>

commit e6eae8676a7cd72e08dd6f93cf701c38462ef6df
Author: Sven van Haastregt <sven.vanhaastregt@arm.com>
Date:   Tue Aug 22 09:56:15 2023 +0100

    Convert extension tests to opaque pointers (#2131)
    
    This is a bulk conversion done using the migration script.
    
    There are more extension tests to be converted; however they will need
    manual fixups, so leave them out of this bulk conversion.

commit d021f7535060ab7fc548a1446036c171f490d311
Author: Dmitry Sidorov <dmitry.sidorov@intel.com>
Date:   Sun Aug 20 17:26:41 2023 +0300

    Fix is.fpclass intrinsic emulation (#2130)
    
    After bitcast float to integer we should use not SAbs but UAbs call. But since
    UAbs is a bit useless - we shouldn't generate *Abs at all.
    
    Signed-off-by: Sidorov, Dmitry <dmitry.sidorov@intel.com>

commit 8d8c66bb3790180c20b4cdae527b6c6ffe667f20
Author: Sven van Haastregt <sven.vanhaastregt@arm.com>
Date:   Fri Aug 18 14:07:25 2023 +0100

    Convert SpecConstants+intrinsics tests to opaque pointers (#2129)

commit 6522c4ac4764cc1f251edd4266d06cba64549928
Author: Viktoria Maximova <viktoria.maksimova@intel.com>
Date:   Thu Aug 17 15:53:18 2023 +0200

    Allow cooperative matrix types for OpMatrixTimesScalar (#2124)
    
    Spec:
    https://github.com/KhronosGroup/SPIRV-Registry/blob/main/extensions/KHR/SPV_KHR_cooperative_matrix.asciidoc

commit 76fcc393e40d85bef5426e5a78b844f3fbfcc0a6
Author: Sven van Haastregt <sven.vanhaastregt@arm.com>
Date:   Thu Aug 17 13:02:27 2023 +0100

    Convert transcoding tests to opaque pointers (#2127)
    
    This is a bulk conversion done using the migration script.
    
    There are more transcoding tests to be converted; however they will
    need manual fixups, so leave them out of this bulk conversion.

commit 2e917c9a3729879275013935f8caac61f08b827d
Author: Sven van Haastregt <sven.vanhaastregt@arm.com>
Date:   Thu Aug 17 10:12:47 2023 +0100

    Report disallowed extensions in metadata (#2125)
    
    When translating the `spirv.Extension` metadata of an LLVM Module,
    report an error when encountering an extension that has been
    explicitly disabled.

commit 36936afbe4a0368947c407f9278a3ba7db3640cd
Author: Sven van Haastregt <sven.vanhaastregt@arm.com>
Date:   Wed Aug 16 10:00:14 2023 +0100

    Convert DebugInfo tests to opaque pointers (#2126)
    
    This is a bulk conversion done using the migration script.

commit 2bb5fed77b55a4add8772a80bf9fd8c838a176cc
Author: Sven van Haastregt <sven.vanhaastregt@arm.com>
Date:   Fri Aug 11 22:33:12 2023 +0100

    [CI] Explicitly set clang-format binary (#2123)
    
    Ensure the correct clang-format binary is picked up, as
    `clang-format-diff.py` currently seems to look for clang-format-17
    while we install clang-format-18.

commit 3239d1e5b66994452e24b3055a59adf8b088f74e
Author: Dmitry Sidorov <dmitry.sidorov@intel.com>
Date:   Fri Aug 11 18:14:52 2023 +0200

    Update stacksave and stackrestore after 25bc999d (#2122)
    
    Signed-off-by: Sidorov, Dmitry <dmitry.sidorov@intel.com>

commit bb2196b4902cf5e0dbc05afe5144d360197fcbc8
Author: Sven van Haastregt <sven.vanhaastregt@arm.com>
Date:   Thu Aug 10 15:14:55 2023 +0100

    Add SPV_EXT_image_raw10_raw12 reader support (#2113)
    
    Add basic support for the SPV_EXT_image_raw10_raw12 extension [1]
    such that SPIR-V modules using the extension can be consumed.
    
    [1] https://github.com/KhronosGroup/SPIRV-Registry/blob/main/extensions/EXT/SPV_EXT_image_raw10_raw12.asciidoc

commit 3eeb3bffc1eb62223e211e854636f2a75a2f4800
Author: Sven van Haastregt <sven.vanhaastregt@arm.com>
Date:   Thu Aug 10 14:29:08 2023 +0100

    Remove the -emit-opaque-pointers flag (#2121)
    
    We no longer need this flag as only opaque pointers are supported now.

commit 167728905292fa5fdb6a7fc6ee001d8af1831aec
Author: Viktoria Maximova <viktoria.maksimova@intel.com>
Date:   Wed Aug 9 19:03:21 2023 +0200

    Test access and store operations for cooperative matrix (#2117)
    
    For now, the reverse translation is not resolved properly, so we test
    only forward translation here.

commit 46285e43abcc606791a0dd18858fd88af2894294
Author: Dmitry Sidorov <dmitry.sidorov@intel.com>
Date:   Wed Aug 9 17:46:33 2023 +0200

    Don't wrap kernels that are not being called in the module (#2119)
    
    * Don't wrap kernels that are not being called in the module
    
    This patch is a result of a reflection about previously merged PR
    https://github.com/KhronosGroup/SPIRV-LLVM-Translator/pull/1149
    "add an entry point wrapper around functions (llvm pass)"
    and is enspired by various reported translator, clang (OpenCL) and Intel
    GPU drivers issues (see
    https://github.com/KhronosGroup/SPIRV-LLVM-Translator/issues/2029 for
    reference).
    
    While SPIR-V spec states:
    ===
    *OpName*
    --//--. This has nosemantic impact and can safely be removed from a module.
    ===
    yet having EntryPoint function and a function that shares the name via
    OpName might be confusing by both (old) drivers and programmers, who
    read the SPIR-V file.
    
    This patch prevents generation of the wrapper function when it's not
    necessary to generate it aka if a kernel function is not called by other kernel.
    
    We can do better in other cases as well, for example I have experiments
    of renaming a wrapped function adding a previx, so it could be
    distinguished from the actual kernel/entry point, but for now it doesn't
    pass validation for E2E OpenCL tests.
    
    Signed-off-by: Sidorov, Dmitry <dmitry.sidorov@intel.com>
    
    * prevent a copy
    
    Signed-off-by: Sidorov, Dmitry <dmitry.sidorov@intel.com>
    
    This patch is a result of a reflection about previously merged PR #1149 "add an entry point wrapper around functions (llvm pass)" and is enspired by various reported translator, clang (OpenCL) and Intel GPU drivers issues (see
    #2029 for reference).
    
    While SPIR-V spec states:
    OpName
    --//--. This has nosemantic impact and can safely be removed from a module.
    yet having EntryPoint function and a function that shares the name via OpName might be confusing by both not-up-to-date drivers and programmers, who read the SPIR-V file.
    
    This patch prevents generation of the wrapper function when it's not necessary to generate it aka if a kernel function is not called by other kernel.
    
    Signed-off-by: Sidorov, Dmitry <dmitry.sidorov@intel.com>

commit 4f7efd3bcb85893cb0dffe78fdbf04d0934f5779
Author: Nick Sarnie <sarnex@users.noreply.github.com>
Date:   Tue Aug 8 12:05:43 2023 -0400

    Add assert for kernel arg metadata not matching kernel signature (#2116)
    
    There was a case where Intel's SYCL compiler was optimizing out
    a kernel argument but not updating the metadata. This meant the
    metadata had more operands than the number of kernel arguments.
    
    We use the number of metadata operands to iterate, so we did
    an out of bounds access.
    
    We can't fix this by instead using the function arguments to iterate
    because we still don't know which argument was removed, so just assert
    the metadata is valid.
    
    Signed-off-by: Sarnie, Nick <nick.sarnie@intel.com>

commit aa9226ece82601727bdc8c87a57a18bded96a2bd
Author: Sven van Haastregt <sven.vanhaastregt@arm.com>
Date:   Tue Aug 8 17:05:21 2023 +0100

    [NFC] Use `auto *` for pointer types (#2115)
    
    Change `auto` to `auto *` when the type is a pointer.  This makes the
    code comply with the clang-tidy `llvm-qualified-auto` check.  That
    check is already enabled, but the code base wasn't fully compliant
    yet.

commit dcd3052ed9bb94c58e7762ea1d65e49bfb154e27
Author: Viktoria Maximova <viktoria.maksimova@intel.com>
Date:   Tue Aug 8 16:40:40 2023 +0200

    [NFC][DebugInfo] Remove unused code
    
    `TransOperand` is never called for StrideIdx (3), because the loop ends
    at MinOperandCount (3).

commit aea1ac74ed4301df12adbffff535f72f37d0bb13
Author: Wenju He <wenju.he@intel.com>
Date:   Thu Aug 3 18:42:46 2023 +0800

    Fix delete of functions that becomes unused (#2109)
    
    After the first loop of deleting instructions in ValuesToDelete, deleted
    instructions in ValuesToDelete are in an unstable state. Then in the
    second loop of deleting, dyn_cast to GlobalValue could return true for
    an instruction and double eraseFromParent causes crash.
    
    Global values in ValuesToDelete are functions. Unused functions are
    deleted by eraseUselessFunctions anyway.

commit f80988fe9cc8018faae125b47948f237f04da889
Author: Sven van Haastregt <sven.vanhaastregt@arm.com>
Date:   Wed Aug 2 15:31:28 2023 +0100

    Revert "[CI] Use llvm-toolchain-focal-17/ on the main branch (#2104)"
    
    This reverts commit 93b6d57759a12875810a215ef781ccb0e928f374.

commit 3b3e903c49ebd26380eea823581f37b2df7a5147
Author: Sven van Haastregt <sven.vanhaastregt@arm.com>
Date:   Tue Jul 25 13:50:19 2023 +0100

    Update LLVM version from 17 to 18

commit e0c9de83cc289f60072b8e3c80d3ae9dc98af363
Author: Viktoria Maximova <viktoria.maksimova@intel.com>
Date:   Wed Aug 2 00:37:14 2023 +0200

    Initial implementation of SPV_KHR_cooperative_matrix extension (#2099)
    
    The intention is to replace existing SPV_INTEL_joint_matrix extension to the Khronos one in future.
    
    Spec:
    https://github.com/KhronosGroup/SPIRV-Registry/blob/main/extensions/KHR/SPV_KHR_cooperative_matrix.asciidoc

commit eb051c7499b43d4917a824fd7fbb644742cbd224
Author: Mateusz Chudyk <mateusz.chudyk@intel.com>
Date:   Tue Aug 1 18:40:33 2023 +0200

    Adjust "Source Lang Literal" logic to support multiple CompileUnits (#2098)
    
    This commit changes "Source Lang Literal" flag from simple a scalar value
    to a vector of pairs: (compile unit, source language).

commit b0142afc2d3309254503781c6ee564ef8edef0b9
Author: Dmitry Sidorov <dmitry.sidorov@intel.com>
Date:   Mon Jul 31 18:29:41 2023 +0200

    [NFC] Remove uses of supportsTypedPointers() (#2106)
    
    Also fix 'unused variable' warning.
    
    Signed-off-by: Sidorov, Dmitry <dmitry.sidorov@intel.com>

commit 42d7c59b424411bafd8d89b5e17c2f55253c031f
Author: asudarsa <arvind.sudarsanam@intel.com>
Date:   Mon Jul 31 09:10:43 2023 -0400

    [OpaquePointers] Remove deprecated functions: setOpaquePointer, isOpaqueOrPointeeTypeMatches (#2108)
    
    Removes use of
    
    setOpaquePointer --> Can be removed without any side effect.
    isOpaqueOrPointeeTypeMatches --> is always true.
    Thanks
    
    Signed-off-by: Arvind Sudarsanam <arvind.sudarsanam@intel.com>

commit 668a97d4b636372da24800856c38ecfaadafc2af
Author: Dmitry Sidorov <dmitry.sidorov@intel.com>
Date:   Mon Jul 31 14:23:59 2023 +0200

    [DebugInfo] Fix parent scope index for ImportedEntity (#2095)
    
    Should be more cautious with inline namespaces
    
    Signed-off-by: Sidorov, Dmitry <dmitry.sidorov@intel.com>

commit d24b9c645c637ff54027a528a29e5fe1d4582459
Author: Nick Sarnie <sarnex@users.noreply.github.com>
Date:   Mon Jul 31 08:22:20 2023 -0400

    Fix AttrKind attributes with --spirv-preserve-auxdata (#2107)
    
    For AttrKind attributes, we need to convert them to the AttrKind
    enum before checking if it exists or adding it, otherwise it gets
    added as a string.
    
    Signed-off-by: Sarnie, Nick <nick.sarnie@intel.com>

commit d498f485cbcb242ff19c74b8fcd8ef28a6328b53
Author: Nick Sarnie <sarnex@users.noreply.github.com>
Date:   Thu Jul 27 16:08:38 2023 -0400

    Don't preserve debug metadata with --spirv-preserve-auxdata (#2102)
    
    It's duplicating existing information in the SPIR-V and it has complex structure.
    
    Signed-off-by: Sarnie, Nick <nick.sarnie@intel.com>

commit c7a0b9b34ecfde724d04b81cfb292650ff1cdde1
Author: asudarsa <arvind.sudarsanam@intel.com>
Date:   Thu Jul 27 15:56:30 2023 -0400

    [OpaquePointers][NFC] Replace use of isOpaquePointerTy with isPointerTy (#2091)
    
    'bool llvm::Type::isOpaquePointerTy() const' has been removed.
    We need to use isPointerTy() instead.
    
    This PR handles all uses except one (lib/SPIRV/SPIRVWriter.cpp:279) which is handled in a different PR (#2089)
    
    Thanks

commit 93b6d57759a12875810a215ef781ccb0e928f374
Author: Dmitry Sidorov <dmitry.sidorov@intel.com>
Date:   Thu Jul 27 16:14:51 2023 +0200

    [CI] Use llvm-toolchain-focal-17/ on the main branch (#2104)
    
    It is a temporary change to enable back CI until we change LLVM version
    
    Signed-off-by: Sidorov, Dmitry <dmitry.sidorov@intel.com>

commit 201b782ce1661599cb9373bafeb2e230d1e4b484
Author: LU-JOHN <111294400+LU-JOHN@users.noreply.github.com>
Date:   Tue Jul 25 11:54:30 2023 -0500

    [NFC] Fix checks with incorrect labels (#2093)
    
    Signed-off-by: Lu, John <john.lu@intel.com>

commit 28e24089fcea5852656a29eceaaaa034c1c3d9ff
Author: Viktoria Maximova <viktoria.maksimova@intel.com>
Date:   Tue Jul 25 18:53:11 2023 +0200

    Remove use of deprecated getWithSamePointeeType() (#2096)

commit ed25856e53918ef9e482f254d7572377a1bcbb40
Author: LU-JOHN <111294400+LU-JOHN@users.noreply.github.com>
Date:   Mon Jul 24 09:45:36 2023 -0500

    Workaround unsupported freeze insn (#2087)
    
    Workaround unsupported freeze insn by:
    
    replacing uses of freeze's result with freeze's source or a random (but compilation reproducible) constant if freeze's source is undef/poison
    deleting freeze insn.
    Long term solution is to add a freeze instruction extension in SPIR-V. Issue is tracked in (#1140)
    
    Signed-off-by: Lu, John <john.lu@intel.com>

commit ff8c3e74255740410b33ff3d4b57ec3bc110f39a
Author: Sven van Haastregt <sven.vanhaastregt@arm.com>
Date:   Mon Jul 24 12:16:52 2023 +0100

    [NFC] Remove last -opaque-pointers flag from test (#2092)
    
    The -opaque-pointers flag is no longer supported.

commit 465eb3c68a1bc0063799ebed2a8c2564d2460bd6
Author: Dmitry Sidorov <dmitry.sidorov@intel.com>
Date:   Sun Jul 23 15:00:03 2023 +0200

    [OpaquePointers] Rewrite joint_matrix tests (#2088)
    
    This patch adds joint_matrix reverse translation to
    target extension type and starts rewriting all of the tests.
    
    Some tests are being removed as outdated
    
    Remaining tests to add after the patch:
    1. tf32 test
    2. element wise operations test
    
    Signed-off-by: Sidorov, Dmitry <dmitry.sidorov@intel.com>

commit e661cb71929270f948c4b84bd89a5de24a3b1287
Author: Joshua Cranmer <joshua.cranmer@intel.com>
Date:   Thu Jul 20 10:51:07 2023 -0700

    [OpaquePointers] Fix translation of PipeStorage
    
    As far as I can tell, the original translation creating two
    OpTypePipeStorage instructions was actually a bug; they should always
    have been translated using a single instruction.
    
    The SPIR-V representation of PipeStorage as a target extension type has
    been changed to a pointer to a struct named spirv.PipeStorage instead.
    At the current time, target extension types don't support constant
    initializers, which would be necessary for these types. Instead, they're
    represented as structs with integers, with necessary bitcasting to these
    types for use in initializer.
    
    There is still a latent bug that OpTypePipeStorage is getting bitcast
    instead.

commit 224fed86fc1e2317ad82f25d38fe6570322547f5
Author: Joshua Cranmer <joshua.cranmer@intel.com>
Date:   Thu Jul 20 10:50:32 2023 -0700

    [OpaquePointers] Fix translation of llvm.index.group in opaque pointers.

commit 952b5232bc32ccb449ecbeec26d858322c13baa6
Author: Joshua Cranmer <joshua.cranmer@intel.com>
Date:   Thu Jul 20 10:49:31 2023 -0700

    [OpaquePointers] Fix the AVC motion estimation tests.
    
    There is a bug uncovered by these tests that, when exposed as target
    extension types, these weren't properly adding necessary capabilities.

commit b6207b86d7051db94b64b5ddf1ae9e5aba89423b
Author: Joshua Cranmer <joshua.cranmer@intel.com>
Date:   Tue Jul 18 08:59:05 2023 -0700

    [NFC] Convert tests to use opaque pointers.
    
    Most of the changes in these tests are adjusting the way test checks
    work to match the output in opaque pointer mode (in particular, opaque
    struct names aren't getting generated anymore).
    
    In the case of cl_types.ll and spirv_types.ll, the tests are deleted
    entirely because they would require much more invasive changes to keep
    checking the same thing (since the opaque struct names aren't generally
    available, and all of the types would have to be used more directly in
    an intrinsic name to be available for translation.

commit 3b9f9a6090f6732b8ef44a2cb7da291aadbcdbab
Author: Dmitry Sidorov <dmitry.sidorov@intel.com>
Date:   Fri Jul 21 08:50:27 2023 +0200

    [OpaquePointers][NFC] Remove 3 calls of getNonOpaquePointerElementType (#2089)
    
    getNonOpaquePointerElementType is deprecated. This patch
    removes 3 calls to it where it's no longer require functional
    changes.
    
    Signed-off-by: Sidorov, Dmitry <dmitry.sidorov@intel.com>

commit 0e3404e75d1af138fc65a12732432a6a0092ba14
Author: Dmitry Sidorov <dmitry.sidorov@intel.com>
Date:   Wed Jul 19 15:46:51 2023 +0200

    [OpaquePointers] XFAIL annotation_dbg_info_drop.ll (#2083)
    
    It should be compiltely rewritten
    
    Signed-off-by: Sidorov, Dmitry <dmitry.sidorov@intel.com>

commit 5d400f8b26b714267ee08dea3f5a5b9b29bc3b4a
Author: Joshua Cranmer <joshua.cranmer@intel.com>
Date:   Fri Jul 14 12:10:05 2023 -0700

    [OpaquePointers] Handle ndrange parameter not being a GEP.

commit cbac39fe5d39983c8d511b1cc2372b722aaa86c5
Author: Joshua Cranmer <joshua.cranmer@intel.com>
Date:   Fri Jul 14 10:54:05 2023 -0700

    [NFC] Convert many tests to use opaque pointers.

commit 2bd25cfee6296752d52a2777faf1685d3779ea2d
Author: Joshua Cranmer <joshua.cranmer@intel.com>
Date:   Fri Jul 14 07:44:00 2023 -0700

    [NFC] Remove tests that only make sense under typed pointers.

commit 8dcd16c4884c90faf14e79b9b8d0d3458dcf1e19
Author: Dmitry Sidorov <dmitry.sidorov@intel.com>
Date:   Mon Jul 17 14:38:25 2023 +0200

    [DebugInfo] Correctly use cached DICompilationUnit (#2080)
    
    Followup for
    https://github.com/KhronosGroup/SPIRV-LLVM-Translator/pull/2072
    
    Signed-off-by: Sidorov, Dmitry <dmitry.sidorov@intel.com>

commit 0dc80bed9f8e6d5dcbf9d3a88f925183fae431bd
Author: Joshua Cranmer <joshua.cranmer@intel.com>
Date:   Mon Jul 17 08:26:05 2023 -0400

    [NFC] Convert tests to use -emit-opaque-pointers (#2084)
    
    This fixes most of the tests to use -emit-opaque-pointers. There are a few tests not yet converted for various reasons:
    
    Several tests only have check lines for opaque struct declarations. These are not emitted in opaque pointer mode, so the tests need deeper rewrites.
    A few tests check both typed and opaque pointer output.
    A few tests only make sense with typed pointer output (ForwardPtr.ll and RecursiveType.ll in particular).
    One test has a crash in reverse translation.
    Outside of these cases, all tests should now be using opaque pointer for testing reverse translation.

commit 066514b61caed4beea068093654dc97aac44b8f3
Author: Sven van Haastregt <sven.vanhaastregt@arm.com>
Date:   Fri Jul 14 10:16:12 2023 +0100

    Update for StringExtras.h include change
    
    Update after llvm-project commit 3900860b386a ("[Support] Move
    StringExtras.h include from Error.h to Error.cpp", 2023-07-13).

commit 60ac5793590f23365a697b16d1dbb572a3171a9e
Author: Joshua Cranmer <joshua.cranmer@intel.com>
Date:   Wed Jul 12 09:50:24 2023 -0700

    [NFC][OpaquePointers] Use -emit-opaque-pointers for SPIR-V-friendly IR.
    
    There are a couple of tests that use some magic to reuse the checks
    between opencl-flavored IR and SPIR-V-friendly IR; these tests are not
    yet ported to make diffs smaller.

commit 15e0aa9f8095b4ee6dce35e58e76346835bbdfeb
Author: Joshua Cranmer <joshua.cranmer@intel.com>
Date:   Wed Jul 12 09:48:02 2023 -0700

    [OpaquePointers] Emit target extension types for SPIR-V friendly IR.
    
    The ABI name mangling of target extension types is tweaked to be like a
    pointer-to-a-struct, which maintains somewhat better compatibility with
    the typed pointer representation for name mangling.

commit 81ffaafbb451307340a25aa9927f8a8a959b2d87
Author: Sven van Haastregt <sven.vanhaastregt@arm.com>
Date:   Thu Jul 13 13:26:17 2023 +0100

    Update DebugInfo tests for op-index addition (#2079)
    
    Update tests for llvm-project commit 6aa94c64a532 ("[DWARF] Add
    printout for op-index", 2023-07-12).

commit fca2a3a3babead9ff38060549e38d0109ce23579
Author: Dmitry Sidorov <dmitry.sidorov@intel.com>
Date:   Wed Jul 12 22:17:19 2023 +0200

    [DebugInfo] Fix DebugTypeSubrange parameters order (#2076)
    
    Count should be the 3rd parameter.
    
    Signed-off-by: Sidorov, Dmitry <dmitry.sidorov@intel.com>

commit 2cea8449c3a2a721a5869c6e672a54815a9d7382
Author: Sven van Haastregt <sven.vanhaastregt@arm.com>
Date:   Tue Jul 11 10:25:22 2023 +0100

    .clang-tidy: disable misc-include-cleaner (#2077)
    
    This check was recently added to clang-tidy, but the code base doesn't
    quite comply to it, so disable it for now.

commit b447263dc7e71502f39e0ac6879f4fa53a9c5afd
Author: Sven van Haastregt <sven.vanhaastregt@arm.com>
Date:   Mon Jul 10 11:08:18 2023 +0100

    [OpaquePointers] Migrate queue argument tests (#2075)
    
    Remove `opencl.queue_t.ll` as it would be identical to
    `spirv.Queue.ll` after migrating.

commit 10b135475484a589ab25832d1e7e0d754d674865
Author: Joshua Cranmer <joshua.cranmer@intel.com>
Date:   Fri Jul 7 08:07:33 2023 -0400

    Switch the default of reverse translation to emitting opaque pointers. (#2074)
    
    Most of the changes are adding -emit-opaque-pointers=0 lines to test
    code. The code generally works in the forward translation at this point,
    although there is still substantial work that needs to be done to finish
    porting the tests.

commit 803e528e1ec5587a9f3e08e7699d5ee0dcb78df6
Author: Viktoria Maximova <viktoria.maksimova@intel.com>
Date:   Fri Jul 7 09:32:44 2023 +0200

    [DebugInfo] Cache CU value translated outside of usual flow (#2072)
    
    Compilation unit can be translated earlier, e.g. in `transEntryPoint()`.
    We should save the translated LLVM value to be used further.

commit b045a91b35f114826ef8339e49a1b84eac83d731
Author: Sven van Haastregt <sven.vanhaastregt@arm.com>
Date:   Thu Jul 6 16:12:41 2023 +0100

    [NFC] Remove unnecessary semicolons (#2071)

commit 574b0c6d0368bdd5f1147ac1a01d75718462e3ec
Author: Viktoria Maximova <viktoria.maksimova@intel.com>
Date:   Mon Jul 3 11:11:45 2023 +0200

    [DebugInfo] Fix translation of SPV_INTEL_debug_module extension
    
    When NonSemantic.Shader.100 debug info is enabled.
    The related tests cases are enabled back.

commit e4dfa92a3b1bd57ebfdcfeed4d48dfe260387032
Author: jgstarIntel <joey.genfi@intel.com>
Date:   Thu Jun 29 11:59:08 2023 -0400

    Implement support for SPV_KHR_shader_clock (#2026)
    
    Link to the spec: https://github.com/KhronosGroup/SPIRV-Registry/blob/main/extensions/KHR/SPV_KHR_shader_clock.asciidoc

commit 34487407835afc1a8b7ad277935bf950c5adecde
Author: Joey Genfi <joey.genfi@intel.com>
Date:   Tue Jun 27 09:38:56 2023 -0700

    optimizing away pair type object copy in spv writer

commit f751ba148f33997380cc3d478f301dede1754558
Author: Joshua Cranmer <joshua.cranmer@intel.com>
Date:   Fri Jun 23 01:51:47 2023 -0400

    [OpaquePointers] Fix @llvm.annotation translation with opaque pointers enabled. (#2035)

commit 9823690a9ef43655e6d3fb7818c586bf57cf8091
Author: Nick Sarnie <sarnex@users.noreply.github.com>
Date:   Mon Jun 19 04:57:33 2023 -0400

    Fix crash with --spirv-preserve-auxdata and removed function (#2052)
    
    In SPIRVReader, we erase unused functions pretty late, but we were applying
    the ExtInst for `--spirv-preserve-auxdata` after that, causing us to try
    to work on a deleted function which lead to a crash.
    
    This isn't a problem for the SPIRVWriter case because the unused function
    deletion happens way earlier.
    
    Signed-off-by: Sarnie, Nick <nick.sarnie@intel.com>

commit b1782bfb9686417f9ddd2ad8a54dd633494b900a
Author: Viktoria Maximova <viktoria.maksimova@intel.com>
Date:   Sat Jun 17 10:26:36 2023 +0200

    Update DebugInfo/FortranArray test after DWARF emission fix (#2054)
    
    Update test for llvm-project commit llvm/llvm-project@d80fdc6fc1a6

commit 07acfc373da9a6bf38fb00df3e916af7cea8a747
Author: Sven van Haastregt <sven.vanhaastregt@arm.com>
Date:   Fri Jun 16 13:25:35 2023 +0100

    Update DebugInfo tests after DWARF emission fix
    
    Update tests for llvm-project commit d80fdc6fc1a6
    ("[DebugMetadata][DwarfDebug] Fix DWARF emisson of function-local
    imported entities (3/7)", 2023-06-15).

commit beea2491397d74aa25db12c318ca28bc8032518d
Author: Kenneth Benzie (Benie) <k.benzie@codeplay.com>
Date:   Thu Jun 8 15:52:03 2023 +0100

    cmake: Fix using spirv-tools package on Ubuntu 22.04
    
    When using the `spirv-tools` system package on Ubuntu 20.04 the
    `SPIRV-Tools-shared` CMake target, which represents
    `/usr/lib/x86_64-linux-gnu/libSPIRV-Tools.so`, is imported and used for
    linking and include directories. However, on Ubuntu 22.04 it does not
    exist which results in the following error:
    
    ```
    CMake Error at /builds/SPIRV-LLVM-Translator/CMakeLists.txt:124 (get_target_property):
      get_target_property() called with non-existent target "SPIRV-Tools-shared".
    ```
    
    Instead, on Ubuntu 22.04 the `SPIRV-Tools-static` CMake target is
    imported, which represents `/usr/lib/x86_64-linux-gnu/libSPIRV-Tools.a`,
    which suggests the project or package maintainers changed the default
    library type being compiled.
    
    This patch updates the `CMakeLists.txt` to check if either of these
    targets exists, preferring the shared library, before attempting to get
    properties from the target or use it as a link library. If neither
    target exists it is treated as a fatal error.

commit 8ea20af677c3fa1f252d64a6143a1ed0c7c27077
Author: Sven van Haastregt <sven.vanhaastregt@arm.com>
Date:   Wed Jun 14 09:29:10 2023 +0100

    Update DebugInfo tests after retainedNodes change
    
    Update tests for llvm-project commit 4418434c6de7 ("[DebugMetadata]
    Simplify handling subprogram's retainedNodes field. NFCI (1/7)",
    2023-06-07).

commit a4485242a4f4becbee02fc992ef952531e03a403
Author: Sven van Haastregt <sven.vanhaastregt@arm.com>
Date:   Tue Jun 13 11:23:08 2023 +0100

    Update for expandMemMoveAsLoop API change
    
    Add a TargetTransformInfo argument after llvm-project commit
    ee19fabc9847 ("LowerMemIntrinsics: Handle inserting addrspacecast for
    memmove lowering", 2023-06-12).

commit a3cd75d4b861fc602d8846bddad68e9ce343c838
Author: asudarsa <arvind.sudarsanam@intel.com>
Date:   Tue Jun 13 15:23:31 2023 -0400

    [DebugInfo] Add debug info for bitfield members (#1907)
    
    Signed-off-by: Arvind Sudarsanam <arvind.sudarsanam@intel.com>

commit 0dc04d514fa36be6cc546dcf2270cc81d5688045
Author: Viktoria Maximova <viktoria.maksimova@intel.com>
Date:   Sun Jun 11 13:39:02 2023 +0200

    [DebugInfo] Add Column parameter to DebugInlinedAt instruction (#2042)
    
    The change is done as a part of NonSemantic.Shader.200 spec, and the new
    arguments for the instructions will look like:
    
    | \<id\> Line| \<id\> Column| \<id\> Scope| Optional\<id\> Inlined|
    |--------|--------|--------|--------|

commit 6bd34c88a808a04995889cbc7463167963ffaf0e
Author: Viktoria Maximova <viktoria.maksimova@intel.com>
Date:   Fri Jun 9 14:05:37 2023 +0200

    [DebugInfo] Adjust TypeInheritance for NonSemantic spec (#2039)
    
    It does not have Child parameter comparing to OpenCL specification.
    https://github.com/KhronosGroup/SPIRV-Registry/blob/main/nonsemantic/NonSemantic.Shader.DebugInfo.100.asciidoc#DebugTypeInheritance

commit 3f6d94a0ed736ed120ab72c26c9085448e36b08d
Author: LU-JOHN <111294400+LU-JOHN@users.noreply.github.com>
Date:   Fri Jun 9 07:05:17 2023 -0500

    Implement DebugLine and DebugNoLine (#2012)
    
    Implement DebugLine/DebugNoLine for NonSemantic.Shader.DebugInfo.100 and NonSemantic.Shader.DebugInfo.200.
    Updated test/DebugInfo/NonSemantic/Shader200/DebugInfoStringType.ll to test these changes.

commit 0946e5347b33402e946ac4a89d8cce44ec5ac7b5
Author: Joshua Cranmer <joshua.cranmer@intel.com>
Date:   Fri Jun 9 05:52:27 2023 -0400

    [NFC] Adjust several lit tests to use opaque pointers. (#2037)
    
    These tests generally require adjustments to their check lines to match opaque pointer output, or extra bitcasts, or the like correctly. For the function pointer tests in particular, some adjustments to the input IR have been made to minimize the impact on existing checks.

commit 9e112de55989c6d7ee09825446a47cf76288d9e2
Author: LU-JOHN <111294400+LU-JOHN@users.noreply.github.com>
Date:   Fri Jun 9 04:23:38 2023 -0500

    Only generate BuildIdentifier if non-semantic debug is enabled (#2040)
    
    Only generate BuildIdentifier and StoragePath if non-semantic debug is enabled

commit 4bd744702977e786e69ab01d6c205b126ae92ecf
Author: Joshua Cranmer <joshua.cranmer@intel.com>
Date:   Fri Jun 2 16:14:47 2023 -0400

    [NFC] Port lit tests to stop using clang -no-opaque-pointers.

commit c55505a8e0979407cb01bacfc37407c64a4d2afe
Author: Viktoria Maximova <viktoria.maksimova@intel.com>
Date:   Wed Jun 7 13:42:29 2023 +0200

    Update DebugInfo/X86/split-dwarf-omit-empty.ll after commit e731a267 (#2041)
    
    llvm/llvm-project@e731a26

commit 0c951b64f2bcea3cdef3483efd634726cd34340d
Author: jgstarIntel <joey.genfi@intel.com>
Date:   Wed Jun 7 05:57:44 2023 -0400

    Fixing issues in type scavenger related to copy efficiency (#2030)

commit b97824cd6fc8074bf3600aad5bcdee7b92d37c93
Author: LU-JOHN <111294400+LU-JOHN@users.noreply.github.com>
Date:   Wed Jun 7 04:27:21 2023 -0500

    [NFC] Remove unnecessary vector (#2038)
    
    Implement boolean function allowDecorateWithBufferLocationOrLatencyControlINTEL without a vector.
    
    Signed-off-by: Lu, John <john.lu@intel.com>

commit e0d01fd86962b57d47cb3cd834b6e4261eb5997a
Author: Joshua Cranmer <joshua.cranmer@intel.com>
Date:   Sun Jun 4 14:47:21 2023 -0400

    [NFC] Drop -opaque-pointers=0 lines from several lit tests. (#2036)

commit 9434a720bbdd21bbe661350c00ea7b0b742e848a
Author: Brox Chen <brox.chen@intel.com>
Date:   Sat Jun 3 01:18:04 2023 -0700

    Fix ptr.annotation generation with llvm.memcpy (#2032)
    
    For a memcpy call, there also could be ptr.annotation generated before the src and dest pointer. Update the code to check ptr.annotation for OpCopyMemorySized and update lit test

commit 40e2d1db1c7f0323314fa6ec3ad44ab04f19560b
Author: Mateusz Chudyk <mateuszchudyk@gmail.com>
Date:   Fri Jun 2 16:15:57 2023 +0200

    Fix SPIRV Friendly IR mangling for opcodes from cl_khr_integer_do_product (#2014)

commit 01679cea01c746281edf89becc535f0b5beeb740
Author: Dmitry Sidorov <dmitry.sidorov@intel.com>
Date:   Fri Jun 2 15:23:28 2023 +0200

    [DebugInfo] Adjust TypeMember for NonSemantic spec (#2033)
    
    It no longer has a Scope (parent) parameter. It results in several changes including how to determine DIBuilder to use for debug info generation.
    
    The patch also fixes a bug of incorrect debug info assignment in case of recursion DebugInfo inst generation.
    
    Signed-off-by: Sidorov, Dmitry <dmitry.sidorov@intel.com>

commit 7a54cdeb03f5d3e622321424a087143ef847a8c2
Author: Viktoria Maximova <viktoria.maksimova@intel.com>
Date:   Fri Jun 2 11:50:45 2023 +0200

    [DebugInfo] Add Flags operand for DebugTypeBasic for NonSemantic spec (#2034)
    
    Flags operand is not optional, fill it with DebugInfoNone value (see #1965
    for clarifications why it could not be generated by clang or by LLVM
    environment).

commit c2ff406f8cedf2cb2b0f8f6e7fe2d4a3effb2a1e
Author: Sven van Haastregt <sven.vanhaastregt@arm.com>
Date:   Wed May 31 12:47:07 2023 +0100

    [CI] Use clang to generate compile_commands (#2031)
    
    Ensure the code-formatting job uses clang to generate
    compile_commands.json, to avoid passing GCC-specific flags to
    clang-format or clang-tidy.

commit 89d658c2ebf41ec514bdc6c09e8f8aa117cae46f
Author: Nick Sarnie <sarnex@users.noreply.github.com>
Date:   Tue May 30 06:42:59 2023 -0400

    Skip spirv decoration metadata with --spirv-preserve-auxdata (#2013)
    
    It's already explicitly handled for forward and reverse translation,
    and it's a bit complicated to handle MDNode metadata. Just skip it so we don't assert.
    
    If I see this come up in more cases I will add support for MDNode metadata.
    
    Signed-off-by: Sarnie, Nick <nick.sarnie@intel.com>

commit 8cbf72634d507560f968ed830da16250d96fe46e
Author: Dmitry Sidorov <dmitry.sidorov@intel.com>
Date:   Sun May 28 18:41:04 2023 +0200

    [DebugInfo] Relax consumer checks for checksum info (#2011)
    
    It's a follow up for
    https://github.com/KhronosGroup/SPIRV-LLVM-Translator/pull/1996
    since I couldn't update the PR
    
    Signed-off-by: Sidorov, Dmitry <dmitry.sidorov@intel.com>

commit c794def412bba687e0a010240cf9e2e5bd6cb1f8
Author: Dmitry Sidorov <dmitry.sidorov@intel.com>
Date:   Fri May 19 22:06:06 2023 +0200

    [DebugInfo] Fix DebugTypeVector Component Count (#2006)
    
    It should be OpConstant
    
    Signed-off-by: Sidorov, Dmitry <dmitry.sidorov@intel.com>

commit 7ebb38937029bf02fd03282e15e6652c40260922
Author: LU-JOHN <111294400+LU-JOHN@users.noreply.github.com>
Date:   Fri May 19 15:05:37 2023 -0500

    [DebugInfo] Support translation of DebugBuildIdentifier/DebugStoragePath instruction (#1977)
    
    LLVM compileUnit dwoId is translated to/from DebugBuildIdentifier.
    LLVM compileUnit splitDebugFilename is translated to/from DebugStoragePath.
    
    Specification:
    https://github.com/KhronosGroup/SPIRV-Registry/blob/main/nonsemantic/NonSemantic.Shader.DebugInfo.100.asciidoc#DebugBuildIdentifier
    https://github.com/KhronosGroup/SPIRV-Registry/blob/main/nonsemantic/NonSemantic.Shader.DebugInfo.100.asciidoc#DebugStoragePath

commit 47b162812e08804f49c44efcc5c0995e3c8b9dca
Author: Dmitry Sidorov <dmitry.sidorov@intel.com>
Date:   Fri May 19 15:24:12 2023 +0200

    [DebugInfo] Fix CU translation when GV goes before CU (#2010)
    
    Translation of DebugInfo compilation units and entry points
    moved before translation of GVs.
    
    In other case we might end up in a situation when while
    quering for CUs we find none of them.
    
    Signed-off-by: Sidorov, Dmitry <dmitry.sidorov@intel.com>

commit 31d5db3d38a89a0fdb22e76e997afc2a31488438
Author: Viktoria Maximova <viktoria.maksimova@intel.com>
Date:   Fri May 19 06:16:07 2023 -0700

    [DebugInfo] Translate checksum info inside DebugSource instruction (#1996)
    
    It's done in scope of NonSemantic.Shader.200.DebugInfo spec to have a
    proper solution for translation of checksum info (instead of the W/A
    done for OpenCL DebugInfo spec in #936)

commit 4879ebe131cc5f7cb9b9ebc6d1b30f8ed67522c6
Author: Joshua Cranmer <joshua.cranmer@intel.com>
Date:   Thu May 18 19:10:26 2023 -0400

    [OpaquePointers] More typing rule issues found during testing. (#2009)

commit 772c7beb3875950a3a92d999f203d389e71b76dd
Author: Dmitry Sidorov <dmitry.sidorov@intel.com>
Date:   Tue May 16 01:10:07 2023 +0200

    [NFC][DebugInfo] Add nonsemantic-shader-100/200 to X86 tests (#2005)
    
    Currently only to DebugInfo/X86
    
    Currently failing tests can be noticed by RUNx line
    
    Signed-off-by: Sidorov, Dmitry <dmitry.sidorov@intel.com>

commit 60746d54a5b9af6dd791dfcc90398e06b60c46bc
Author: Nick Sarnie <sarnex@users.noreply.github.com>
Date:   Thu May 11 19:45:29 2023 -0400

    Support the spirv.BufferSurfaceINTEL target extension type (#1995)
    
    This target extension type is created here: https://github.com/intel/vc-intrinsics/blob/master/GenXIntrinsics/lib/GenXIntrinsics/GenXSPIRVWriterAdaptor.cpp#L245
    
    As with other target extension types, reverse translation is not yet supported.
    
    Signed-off-by: Sarnie, Nick <nick.sarnie@intel.com>
    Co-authored-by: Victor Mustya <victor.mustya@intel.com>

commit 730eaf05ff98859588538421328fa1855e9ce96b
Author: Nick Sarnie <sarnex@users.noreply.github.com>
Date:   Thu May 11 08:14:22 2023 -0400

    Add option to control builtin format for reverse translation (#1986)
    
    Currently, we always convert SPIR-V bultins to globals for forward translation and to functions for reverse translation.
    
    I have a use case where I want to keep them as globals for reverse translation, so I added this mode.
    
    Implementations for both cases already existed, I just consolidated them and added the option.
    
    Signed-off-by: Sarnie, Nick <nick.sarnie@intel.com>

commit 8632153b0b6f86fd3491b5bc385ddcfe1fa7268d
Author: Joshua Cranmer <joshua.cranmer@intel.com>
Date:   Thu May 11 04:52:29 2023 -0400

    [NFC] Avoid use-after-free in translating Constant* types. (#2007)
    
    The key used for uniquing the SPIR-V opaque types in
    transSPIRVOpaqueType uses a StringRef. The main use of
    transSPIRVOpaqueType call it on the name of the LLVM struct type, which
    lives for as long as the LLVM context is live. But the uses here were
    relying on a method that returns a std::string, which means the string
    is freed at the end of the function call, and the value stored in the
    map is therefore a use-after-free if there is ever another call to
    translate said type.

commit ba965cd72da533f2239512cc6849f4973ce4d3de
Author: Michał Górny <mgorny@gentoo.org>
Date:   Tue May 9 19:41:00 2023 +0200

    [test] Use LD_LIBRARY_PATH to ensure that a new lib is used (#1989) (#1990)
    
    Add the library `BINARY_DIR` to `LD_LIBRARY_PATH` to ensure that
    the freshly built `libLLVMSPIRVLib.so` is tested.  Otherwise, llvm-spirv
    spawned by the test suite may use the previously installed
    `libLLVMSPIRVLib.so`.
    
    I have noticed the problem after rebuilding LLVM with
    `-DLLVM_ENABLE_ASSSERTIONS=ON`.  This meant that the previous version
    of `libLLVMSPIRVLib.so` now crashed, effectively causing the test suite
    to fail incorrectly.
    
    Signed-off-by: Michał Górny <mgorny@gentoo.org>

commit 4dca3f4d01726c64c81a52003cd830b4b6d31709
Author: Dmitry Sidorov <dmitry.sidorov@intel.com>
Date:   Tue May 9 19:40:44 2023 +0200

    Revert "[TRY] Remove OpenMP install" (#2002)
    
    This reverts commit b378140863da53bd9fdc313514e00d8c8f45a98f.
    
    Adjustment after commit e87e4cfc1

commit bde3b51ea4f383db1fed3dbab215ae37a317d97e
Author: Viktoria Maximova <viktoria.maksimova@intel.com>
Date:   Tue May 9 10:40:14 2023 -0700

    [DebugInfo] Fix translation of DebugSource Text argument (#2003)
    
    Handle the case when we have `DebugInfoNone` for the Text argument
    which is usually expected to be `OpString`.

commit aabcaf84281295b17cb8542b2e64eed35d5b6800
Author: Viktoria Maximova <viktoria.maksimova@intel.com>
Date:   Fri May 5 02:29:41 2023 -0700

    [DebugInfo] Support translation of DebugSourceContinued (#1993)
    
    Max length of SPIRV instruction is 65535 words by specification.
    DebugSourceContinued helps to overcome the limitation and specify full source code text by continuing the string from the previous DebugSource(Continued)instruction.
    
    Spec:
    https://github.com/KhronosGroup/SPIRV-Registry/blob/main/nonsemantic/NonSemantic.Shader.DebugInfo.100.asciidoc#DebugSourceContinued

commit d9afed4a41d5d9e7bce827f66d2a087fd4b61ccb
Author: Dmitry Sidorov <dmitry.sidorov@intel.com>
Date:   Thu May 4 15:13:02 2023 +0200

    [DebugInfo] Translate DW_OP_LLVM_arg with more then one parameter (#1987)
    
    DebugOperation is updated adding:
    If Operation is Arg, the DebugOperation has only
    one optional operand, which is <id> of a non-debug instruction whose
    value is used as an argument of a debug expression.
    
    Signed-off-by: Sidorov, Dmitry <dmitry.sidorov@intel.com>

commit 535afc15fd042a87c4e708486f4afaf0bf263f72
Author: Viktoria Maximova <viktoria.maksimova@intel.com>
Date:   Wed May 3 11:57:55 2023 -0700

    Fix DebugFunction test (#1988)
    
    It fails in out-of-tree build because the debug info producer looks different
    for pre-installed LLVM compiler, e.g.:
    `Ubuntu clang version 17.0.0 (++20230502031405+3e850a6`

commit 4645b06743f3c4d240d3cb2b23626d4f49651513
Author: Dmitry Sidorov <dmitry.sidorov@intel.com>
Date:   Tue May 2 14:39:37 2023 +0200

    [DebugInfo] Fix missing 2nd operand for DebugImportedEntity (#1983)
    
    It will be still missing for OpenCL debug info, but for
    NonSemantic the correct behavior is preserved.
    
    Signed-off-by: Sidorov, Dmitry dmitry.sidorov@intel.com

commit c150b88fb65cc633a454cea7961638d004d3f4ea
Author: Nick Sarnie <sarnex@users.noreply.github.com>
Date:   Tue May 2 05:38:46 2023 -0400

    [NFC] Update missed comment/doc with rename of -spirv-target-env (#1985)
    
    In https://github.com/KhronosGroup/SPIRV-LLVM-Translator/commit/667bf137eeda7af93b482552c8959376e9565fc1 we renamed
    
    `-spirv-ocl-builtins-version` to `-spirv-target-env` but we missed updating a couple of spots.
    Signed-off-by: Sarnie, Nick <nick.sarnie@intel.com>

commit b91a397c5277a8acb0cb367c4499b4fb7712e308
Author: Viktoria Maximova <viktoria.maksimova@intel.com>
Date:   Fri Apr 28 07:29:16 2023 -0700

    [NFC][DebugInfo] Rewrite NonSemantic/DebugInfoProducer test
    
    There is a bug in -r -spirv-text mode in translation of Strings with spaces.
    Temporary avoid running such pipeline until proper fix is delivered.

commit cb6de0439d93270004bdba0df68b81216a37fe89
Author: Joshua Cranmer <joshua.cranmer@intel.com>
Date:   Fri Apr 28 06:25:11 2023 -0400

    [OpaquePointers] Rewrite the type scavenger. (#1957)
    
    This is a massive change, which consists of the following pieces that are not so easily seperable (why this is a large, single commit instead of many smaller ones):
    
    Use typed pointer types in the external interface of the scavenger.
    Use target extension types in lieu of DeferredType to represent types not yet known. These types are now target("typevar", N), where N is some integer.
    Use TypedPointerType in lieu of DeducedType. This makes multi-level pointer types simpler to use.
    Replace std::pair<unsigned, DeducedType> with a more generalized TypeRule class, which simplifies some of the rules for the typing procedure.
    Make computePointerElementType and correctUseTypes both rely on the same list of type rules, removing duplication.
    Add support for vectors of pointers, arrays of pointers, and function pointers in the type scavenger.
    Allow global variables to have scavenged types.
    Allow return types to not be i8*.
    Add more documentation of the type scavenger process.
    More tests!
    Miscellaneous type rule fixes.
    Overall, the logic of the type scavenger largely remains unchanged (albeit with increased functionality), but the way that logic is expressed has changed very significantly, and the easier functionality for handling a few cases causes shifting of expected bitcast placements in existing tests.

commit f990940d8f04b3b10ba9e2066326ab07488e7aeb
Author: Viktoria Maximova <viktoria.maksimova@intel.com>
Date:   Thu Apr 27 11:36:13 2023 -0700

    [DebugInfo] Fix translation of Target Function operand (#1982)
    
    Before reading Target function name operand of `DebugFunction` we need
    to make sure it's the translation of appropriate debug extension.
    Otherwise, we can get in a situation, where we do have 11 operands, but
    the last one is not a `String` with name, but the `DebugFunctionDeclaration`.

commit 9729086d8566141f1cb8a2d88a3766303e3a48a5
Author: Viktoria Maximova <viktoria.maksimova@intel.com>
Date:   Thu Apr 27 03:00:08 2023 -0700

    [DebugInfo] Translate inline namespace debug info (#1978)
    
    In NonSemantic.Shader.DebugInfo.200 DebugLexicalBlock has Inline
    namespace parameter, which specifies if C/C++ namespace is inline or not.
    It allows us to save `exportSymbols` field of `DINamespace` metadata.
    
    Spec:
    https://github.com/KhronosGroup/SPIRV-Registry/pull/186/

commit 4f27d4ad478e444cdf9b32e185bdb75aa8d52a4c
Author: Michal Paszkowski <michal@paszkowski.org>
Date:   Thu Apr 27 03:51:25 2023 +0200

    Preserve invalid SPIRV source lang literal in module metadata (#1951)
    
    Some SPIR-V producers generate invalid source language value (invalid =
    other than the enum values defined in spv::SourceLanguage). While in
    many cases this is rightly translated to DW_LANG_OpenCL, the original
    source language value should be preserved in LLVM module metadata for
    later use by LLVM IR consumers.

commit ce123ddc89a27f1033d86139cc1bfb95108fb784
Author: Dmitry Sidorov <dmitry.sidorov@intel.com>
Date:   Wed Apr 26 20:34:24 2023 +0200

    [NFC] Add gather/scatter intrinsics to 'known' (#1974)
    
    It prevents their declaration from generation in case if
    SPV_INTEL_masked_gather_scatter and -spirv-allow-unknown-intrinsics
    are both enabled.
    
    Signed-off-by: Sidorov, Dmitry <dmitry.sidorov@intel.com>

commit 80f7817f00e98bb6c2e4e9eef84b89a6d63ee98f
Author: Dmitry Sidorov <dmitry.sidorov@intel.com>
Date:   Wed Apr 26 20:34:10 2023 +0200

    [DebugInfo] Add NonSemantic.Shader.200 debug operations (#1976)
    
    Spec:
    https://github.com/KhronosGroup/SPIRV-Registry/pull/186
    
    The patch also adds Constantness requirement for operands
    
    Signed-off-by: Sidorov, Dmitry <dmitry.sidorov@intel.com>

commit 85653811b1c23659b958698713f898cca07d43a5
Author: Viktoria Maximova <viktoria.maksimova@intel.com>
Date:   Wed Apr 26 04:25:30 2023 -0700

    [DebugInfo] Support translation of DebugEntryPoint instruction (#1973)
    
    This instruction is generated for DWARF `DISPFlagMainSubprogram` flag of
    function as well as for `spir_kernel` functions.
    
    Spec:
    https://github.com/KhronosGroup/SPIRV-Registry/blob/main/nonsemantic/NonSemantic.Shader.DebugInfo.100.asciidoc#DebugEntryPoint

commit d43a4e8525e69b07e3c3971f22574042cb120196
Author: Dmitry Sidorov <dmitry.sidorov@intel.com>
Date:   Wed Apr 26 12:20:30 2023 +0200

    [DebugInfo] Add Flag parameter to DebugTypeBasic (#1965)
    
    It can only be FlagUnknownPhysicalLayout. There is no way we can
    generate it LLVM environment and get use of it, hence the patch just
    ignores it if it come from another SPIR-V generator.
    
    In general, there are following possible debug flags for DIBasicType:
    BigEndian, LittleEndian and Artificial. There is not way that clang will
    ever generate them, but that can be produced by manually writing
    assembly and transforming it to LLVM IR. While it can be potential
    improvement for the future - I don't see it useful to add to the spec
    and implementation right now.
    
    Signed-off-by: Sidorov, Dmitry <dmitry.sidorov@intel.com>

commit 408713f31f75a4e62b149ece7499d89aefc56d8b
Author: Dmitry Sidorov <dmitry.sidorov@intel.com>
Date:   Tue Apr 25 22:17:50 2023 +0200

    [DebugInfo] Fix Composite type translation for NonSemantic spec (#1975)
    
    Tag should be OpConstant, not Literal.
    
    Signed-off-by: Sidorov, Dmitry <dmitry.sidorov@intel.com>

commit 48882dbe13ec4e6b3a35bc6ed2e859614871c32b
Author: Wenwan Xing <wenwan.xing@intel.com>
Date:   Tue Apr 25 17:38:56 2023 +0800

    Fix relationals builtin translation bug (#1962)
    
    According OpenCL spec, the relationals builtin function shall return a '1' if the specified relation is true for scalar argument types. The functions shall return a '-1' (i.e. all bits set) if the specified relation is true for vector argument types.

commit 858ca370dd2f3445a08d0ec98be1af7878312de6
Author: Dmitry Sidorov <dmitry.sidorov@intel.com>
Date:   Sat Apr 22 22:28:37 2023 +0200

    [NFC] Fix windows build after 7c59e8 (#1970)
    
    patch by
    Artur Gainullin <artur.gainullin@intel.com>
    
    Signed-off-by: Sidorov, Dmitry <dmitry.sidorov@intel.com>

commit 18ced39f92472ea346d99599adb03f95fdf153d5
Author: Dmitry Sidorov <dmitry.sidorov@intel.com>
Date:   Sat Apr 22 00:02:48 2023 +0200

    [NFC] Use typed pointers for null function pointers debug info (#1969)
    
    `PointerType::get(Context` will return typeless/opaque pointer. While it
    is OK for KHR translator since it's being built on top of LLVM trunk,
    where opaque pointers are enabled by default - it won't work for
    intel/llvm, where their generation is disabled.
    
    Upstream of https://github.com/intel/llvm/pull/9118
    
    Signed-off-by: Sidorov, Dmitry <dmitry.sidorov@intel.com>

commit 1646ff633414363583b7ffe52d659e90a3453932
Author: Viktoria Maximova <viktoria.maksimova@intel.com>
Date:   Fri Apr 21 08:18:00 2023 -0700

    [DebugInfo] Add module producer info for NonSemantic.Shader.DebugInfo.200 (#1968)
    
    Keep existing W/A for other debug info specs, except
    NonSemantic.Shader.DebugInfo.100

commit a4cdee9091ee94a87096c27511d3922061f1f170
Author: Sven van Haastregt <sven.vanhaastregt@arm.com>
Date:   Fri Apr 21 13:29:10 2023 +0100

    Update for llvm::StringView removal (#1966)
    
    Fix the build after llvm-project commit 7c59e8001a3b ("Reland:
    [Demangle] replace use of llvm::StringView w/ std::string_view",
    2023-04-20).

commit 55ce223fe01ace9bbaff4e4704a9ee758273d799
Author: Viktoria Maximova <viktoria.maksimova@intel.com>
Date:   Thu Apr 20 14:22:52 2023 -0700

    [DebugInfo] Support translation of DebugFunctionDefinition instruction (#1961)
    
    DebugFunction does not have an Function Id operand in NonSemantic.Shader debug info specification. It's been replaced by the whole new DebugFunctionDefinition instruction to avoid forward references.
    
    This instruction must appear in the entry basic block of an OpFunction.
    
    Specification:
    https://github.com/KhronosGroup/SPIRV-Registry/blob/main/nonsemantic/NonSemantic.Shader.DebugInfo.100.asciidoc#DebugFunctionDefinition

commit c3004052457a7604744be107bba2bf1d0bad93c0
Author: Dmitry Sidorov <dmitry.sidorov@intel.com>
Date:   Wed Apr 19 15:34:06 2023 +0200

    [DebugInfo] Support multiple CompileUnits (#1950)
    
    It's possible for LLVM IR module to contain multiple CU in case if this module is a result
    of llvm-link between two modules compiled for different languages and or compiled with
    different options.
    
    This patch introduces handling of such modules.
    std::unordered_map<SPIRVId, std::unique_ptr> BuilderMap was introduced
    to SPIR-V consumption part and
    std::unordered_map<const DICompileUnit *, SPIRVExtInst *> SPIRVCUMap was introduced
    to SPIR-V generation part to preserve Scope relations between DI metadata in SPIR-V and vice versa.
    
    Note, that DIBuilder has a single CU field and this class is not trivially copiable.
    
    Signed-off-by: Sidorov, Dmitry <dmitry.sidorov@intel.com>

commit 548fc2d6cbcf5630035b8243b1b51329501d30e3
Author: LU-JOHN <111294400+LU-JOHN@users.noreply.github.com>
Date:   Tue Apr 18 12:39:33 2023 -0500

    [NFC] Fix misuse of dyn_cast (#1959)
    
    Signed-off-by: Lu, John <john.lu@intel.com>

commit 0ed22868264063f33a411d51d33bf16dc2ed19d6
Author: Dmitry Sidorov <dmitry.sidorov@intel.com>
Date:   Mon Apr 17 16:21:00 2023 +0200

    [NFC] Remove unnecessary code for joint matrix (#1954)
    
    Signed-off-by: Sidorov, Dmitry <dmitry.sidorov@intel.com>

commit cf5a5a41324f6d6ea4a9d916d3dfe11e06f6f263
Author: Tulio Magno Quites Machado Filho <tuliom@quites.com.br>
Date:   Mon Apr 17 08:29:59 2023 -0300

    Fix standalone builds with LLVM_LINK_LLVM_DYLIB=ON (#1889)
    
    Move the LLVM components to LINK_COMPONENTS because the DEPENDS list has the same semantics as add_dependencies(). In this
    case it doesn't include the LLVM components when calling the linker.
    
    It's almost complete revert of #1543

commit 093814af9ac10647c66f94f5332d328166d70928
Author: Dmitry Sidorov <dmitry.sidorov@intel.com>
Date:   Fri Apr 14 17:03:07 2023 +0200

    [DebugInfo] Handle null value of DW_TAG_template_value_parameter (#1956)
    
    It might be set as null in case if a function pointer is passed as auto
    template parameter.
    
    The patch also adds a test for a 'good' DW_TAG_template_value_parameter
    value for function pointers, just because this case was untested.
    
    Signed-off-by: Sidorov, Dmitry <dmitry.sidorov@intel.com>

commit 373d46ce51aa1e8134fd4d3be5d31a8665d7003d
Author: asudarsa <arvind.sudarsanam@intel.com>
Date:   Thu Apr 13 12:04:17 2023 -0400

    Remove assert statement to allow for multiple decorations on a given pointer (#1952)
    
    Signed-off-by: Arvind Sudarsanam <arvind.sudarsanam@intel.com>

commit 664097fa2ba998783d453ad3162c5e22fa1e217a
Author: Nick Sarnie <sarnex@users.noreply.github.com>
Date:   Thu Apr 13 11:16:43 2023 -0400

    [NFC] Update comment (#1955)
    
    I forgot to update this in https://github.com/KhronosGroup/SPIRV-LLVM-Translator/commit/0ef30a3dfeec433b6d4de4e9cc2a6817032b93e3
    
    Signed-off-by: Sarnie, Nick <nick.sarnie@intel.com>

commit 0617edd5b3b018d396b83415eee85331fb862a87
Author: Dmitry Sidorov <dmitry.sidorov@intel.com>
Date:   Wed Apr 12 23:46:25 2023 +0200

    Add translation of fpclass llvm intrinsic (#1922)
    
    Optimized LLVM IR started to contain this intrinsic recently after InstCombine updates, like:
    "Fold and/or of fcmp into class" ( 08f03887 )
    There is no direct counterpart for it in SPIR-V, so testing is mapped on a sequence of SPIR-V instructions:
    
    test for both qnan and snan -> OpIsNan
    test for either of qnan and snan -> isquiet(V) ==> abs(V) >= (unsigned(Inf) | quiet_bit)
    issignaling(V) ==> isnan(V) && !isquiet(V)
    test for neg/pos inf -> OpIsInf + OpSignBitSet
    test for neg/pos normal -> OpIsNormal + OpSignBitSet
    test for neg/pos subnormal -> issubnormal(V) ==> unsigned(abs(V) - 1) < (all mantissa bits set)
    test for neg/pos zero -> compare bitcasted to int float with 0 + OpSignBitSet
    
    
    Signed-off-by: Sidorov, Dmitry <dmitry.sidorov@intel.com>

commit 66b761880d378f4e38c012f95f41d860fe1f2551
Author: Dmitry Sidorov <dmitry.sidorov@intel.com>
Date:   Wed Apr 12 16:24:16 2023 +0200

    [DebugInfo] Add DW_ATE_complex_float translation (#1946)
    
    It's mapped on new Encoding value for DebugBasicType in NonSemantic.Shader.DebugInfo.200 spec.
    If another DebugInfo instruction set is specified - it's mapped to DW_TAG_unspecified_type
    
    Spec:
    KhronosGroup/SPIRV-Registry#186
    
    Signed-off-by: Sidorov, Dmitry <dmitry.sidorov@intel.com>

commit 954202d319424be9640253c5054a512db98c3eff
Author: LU-JOHN <111294400+LU-JOHN@users.noreply.github.com>
Date:   Wed Apr 12 07:12:12 2023 -0500

    Allow ICmpInst in transValue assert (#1948)
    
    Fix assertion failure in transValue when ICmpInst is hit when icmp is used in constexpr.
    
    Signed-off-by: Lu, John <john.lu@intel.com>

commit 0ef30a3dfeec433b6d4de4e9cc2a6817032b93e3
Author: Nick Sarnie <sarnex@users.noreply.github.com>
Date:   Thu Apr 6 13:14:31 2023 -0400

    Support 0 value of Intel-specific RegisterAllocMode MD (#1947)
    
    We are planning on using this in the backend.
    
    Signed-off-by: Sarnie, Nick <nick.sarnie@intel.com>

commit a6fcade17ab06f4ec674c4b5258a1bf4e275436c
Author: Dmitry Sidorov <dmitry.sidorov@intel.com>
Date:   Tue Apr 4 16:26:15 2023 +0200

    Start preparing for TypeJointMatrixINTEL switch (#1935)
    
    The patch adds TypeJointMatrixINTELv2 which maps to new type OpCode
    6184. Under new OpCode matrix type no longer has Layout parameter. The patch also moved 'scope' to optional matrix muladd instruction.
    
    The changes are done only in the consumer part to prepare the switch and make E2E switch backward compatible by preparing consumers ahead of time.
    
    Unfortunately there is no way to add a test foe this unless it's binary test, but it seems to be a bit unsafe to add this, so the patch was tested locally.
    
    Spec change:
    intel/llvm#8175
    
    Signed-off-by: Sidorov, Dmitry <dmitry.sidorov@intel.com>

commit f729c493a48d547fed2cd4f1fc38e8df77bfdbea
Author: Nick Sarnie <sarnex@users.noreply.github.com>
Date:   Tue Apr 4 06:34:47 2023 -0400

    Add ability to preserve all function metadata and attributes from LLVM-IR
    
    Initial implementation of function metadata and attribute preservation
    
    In Intel's SYCL compiler, we have a use case where we need to convert to SPIR-V and then back to LLVM-IR and preserve all function metadata and attributes. The metadata and attributes we need to preserve have no value outside an internal stage of Intel's SYCL compiler and are not good fits for SPIR-V extensions. The list of what is needed is very volatile as well.
    
    To implement generic support in the translator, the general approach is to use SPV_KHR_non_semantic_info to add a new nonsemantic EIS, named NonSemantic.AuxData
    
    This new instruction set has two instructions:
    NonSemanticAuxDataFunctionMetadata
    and
    NonSemanticAuxDataFunctionAttribute
    
    Both instructions will be placed outside of the function CFG and take in what function to target as an operand, similar to debuginfo. We do this to support function declarations.
    
    The operands after the function to target are either strings or values describing the metadata or attribute. Specific information can be found in the SPIRVWriter.cpp changes.
    
    I also added a new option, --spirv-preserve-auxdata to preserve these.
    
    If a flag is passed for translation to SPIR-V the respective information will be preserved as described above. The flag is also required for reverse translation. If it not provided, it will be dropped as allowed in the spec.
    
    In order to handle the case of some metadata/attributes being handled manually (maybe we have metadata "foo=bar" in LLVM-IR, but we translate to "foo=oof" for some reason in SPIR-V (and thus reverse translation)), we process these new instructions very late in reverse translation, and if the metadata or attribute already exists, we skip it.
    
    Signed-off-by: Sarnie, Nick <nick.sarnie@intel.com>

commit b30a2d2a5f3a0311b0b2cf8364dee1332294ed15
Author: LU-JOHN <111294400+LU-JOHN@users.noreply.github.com>
Date:   Fri Mar 31 11:53:15 2023 -0500

    Check for nullptr from getDbgInst (#1919)
    
    Ensure that ExprLB is non-NULL before using it.
    
    Signed-off-by: Lu, John <john.lu@intel.com>

commit 6a581e1fd5170ec63a7514cfdf4549312afdf21b
Author: Brox Chen <brox.chen@intel.com>
Date:   Fri Mar 31 06:27:23 2023 -0700

    Fix the ptr.annotation generation in reverse translator (#1899)
    
    Fix the ptr.annotation in reverse translator such that the generated pointer annotation call is being used properly in the IR.
    
    The IR generated from the previous code base is:
    
    %0 = xxx
    %1 = ptr.annotation %0 ...  (left unused)
    %2 = load %0 ...
    while the expected form is:
    
    %0 = xxx
    %1 = ptr.annotation %0 ...
    %2 = load %1 ...

commit c14ade42969587d1daaeac98347f0adc18c0679c
Author: jgstarIntel <joey.genfi@intel.com>
Date:   Fri Mar 31 09:26:32 2023 -0400

    Static analyzer fixes: dereference null return values (#1924)

commit 7160516b884a35b6ea0742c626d6b9ead3be3247
Author: Sven van Haastregt <sven.vanhaastregt@arm.com>
Date:   Fri Mar 31 09:55:37 2023 +0100

    Update spirv-as invocations
    
    After SPIRV-Tools commit 2e0f4b52 ("tools: refactorize tools flags
    parsing. (#5111)", 2023-02-27), spirv-as needs to be told explicitly
    when reading from stdin.

commit 49110676a622bb90e55e64cedbfb5c023deb53bb
Author: Joshua Cranmer <joshua.cranmer@intel.com>
Date:   Fri Mar 31 06:09:48 2023 -0400

    [OpaquePointers] Adjust builtin variable tracking to support i8 geps. (#1892)
    
    The existing logic for the replacement of builtin variables with calls to
    functions relies on relatively brittle tracking that is broken when opaque
    pointers is turned on, and will be even more thoroughly broken if/when typed
    geps are replaced with i8 geps or ptradd. This patch replaces that logic with a
    less brittle variant that is able to handle any sequence of bitcast, gep, or
    addrspacecast instructions between the global variable and the ultimate load
    instruction.
    
    It still will error out if the variable is used in too insane of a fashion (say,
    trying to load an i32 out of the i64, or a misaligned vector type).

commit 68855f60b26fd630175b4c8696d2a6a7939f21f5
Author: Dmitry Sidorov <dmitry.sidorov@intel.com>
Date:   Tue Mar 28 21:58:02 2023 +0200

    Rename ConvertFToTF32INTEL to RoundFToTF32INTEL (#1913)
    
    Extension name will be preserved for a while for binary compatibility.
    
    Signed-off-by: Sidorov, Dmitry <dmitry.sidorov@intel.com>

commit 0933ebb253ce9e7fc368d3eae9899952108ab52c
Author: asudarsa <arvind.sudarsanam@intel.com>
Date:   Thu Mar 23 19:12:54 2023 -0400

    Add support for fpga latency control extension (#1893)
    
    This change adds SPIRV-LLVM-Translator changes for SPV_INTEL_fpga_latency_control extension.
    The extension can be found here: KhronosGroup/SPIRV-Registry#179
    The SPIR-V headers changes are here: KhronosGroup/SPIRV-Headers#321
    
    Annotated pipes are not supported yet.
    
    Thanks
    
    Signed-off-by: Arvind Sudarsanam <arvind.sudarsanam@intel.com>

commit 4355f70dc4c4f6040cb35d395422f971d6d707d4
Author: asudarsa <arvind.sudarsanam@intel.com>
Date:   Thu Mar 23 12:30:06 2023 -0400

    Fix static analyzer issues (#1865)
    
    This change fixes the following issues:
    
    Unchecked return value
    Explicit NULL dereferenced
    Thanks
    
    Signed-off-by: Arvind Sudarsanam <arvind.sudarsanam@intel.com>

commit 9a1cce02f00c80e18284cfc1bf5c11734bad2b83
Author: Daniel Woodworth <daniel.woodworth@intel.com>
Date:   Thu Mar 23 12:22:04 2023 -0400

    [OpaquePointers] Fix translation of EnqueueKernel and block functions (#1857)
    
    This specifies the right parameter types for EnqueueKernel and for block
    functions (with mangled names of the form {__*,}_block_invoke{_*,}{_kernel,}),
    so that SPIR-V code is generated for these as expected. This fixes a
    crash in the Intel OpenCL CPU backend, and likely other SPIR-V
    consumers.

commit 84e48b0026467085f2042cc559ff063207073403
Author: Viktoria Maximova <viktoria.maksimova@intel.com>
Date:   Thu Mar 23 09:20:42 2023 -0700

    Translate annotation string with the braces for UserSemantic decoration (#1895)
    
    Decoration's handling is done alike to other decorations. However, we
    should preserve the braces so we save the input string after reverse
    translation.

commit 8b1e7f2c03214aa9942703d8a87db8ef371e8bef
Author: Viktoria Maximova <viktoria.maksimova@intel.com>
Date:   Thu Mar 23 09:20:23 2023 -0700

    [DebugInfo] Align Instruction names to the specification (#1896)
    
    This patch fixes the discovered typos in Debug Instruction names, so we
    can generate spec-conformant SPIR-V module.
    https://registry.khronos.org/SPIR-V/specs/unified1/DebugInfo.html

commit 3fe439333601c24d5e8f07862874a369854469be
Author: Dmitry Sidorov <dmitry.sidorov@intel.com>
Date:   Tue Mar 21 23:20:39 2023 +0100

    [DebugInfo] Start adopting debug info instructions for NonSemantic set (#1887)
    
    List of changes:
    
    All Literal parameters of instructions in OpenCL.DebugInfo.100
    are OpConstants in NonSemantic.Shader.DebugInfo.100 and
    NonSemantic.Shader.DebugInfo.200;
    SPV_KHR_non_semantic_info is being implicitly added for nonsemantic
    debug info;

commit 1b2423b8eb2b84a0a262e575716e8537a4f8832a
Author: Viktoria Maximova <viktoria.maksimova@intel.com>
Date:   Tue Mar 21 13:13:51 2023 -0700

    [DebugInfo] Add more source languages and align to spec changes (#1894)
    
    Spec: KhronosGroup/SPIRV-Registry#186

commit aaa52609eeb5f70e27646c6b477c182fe13506b4
Author: Dmitry Sidorov <dmitry.sidorov@intel.com>
Date:   Mon Mar 20 13:42:49 2023 +0100

    [DebugInfo] Rename NonSemantic.Kernel.DebugInfo.100 (#1891)
    
    To NonSemantic.Shader.DebugInfo.200
    
    Signed-off-by: Sidorov, Dmitry <dmitry.sidorov@intel.com>

commit 676017eca01aceca836075b145cbb2e689ea0f57
Author: Dmitry Sidorov <dmitry.sidorov@intel.com>
Date:   Mon Mar 20 11:28:42 2023 +0100

    [NFC] Add NOLINTNEXTLINE for static_cast (#1876)
    
    Despite multiple inheritance static_cast from 'SPIRVEntry *' to
    'SPIRV::SPIRVFunction *' should be safe. Replacing static_cast with
    dynamic_cast would be even safer, but it would add extra runtime
    overhead. So add ignore this clang-tidy check.
    
    Signed-off-by: Sidorov, Dmitry <dmitry.sidorov@intel.com>

commit 3da4d02a32d6e4e6448d2156e50b4ed3bd14139e
Author: Dmitry Sidorov <dmitry.sidorov@intel.com>
Date:   Mon Mar 20 10:08:48 2023 +0100

    [NFC] Remove XFAIL from pipe_builtins.cl (#1890)
    
    Signed-off-by: Sidorov, Dmitry <dmitry.sidorov@intel.com>

commit fed835227f84fd902c68c2437caac141ce6b6ec5
Author: Sven van Haastregt <sven.vanhaastregt@arm.com>
Date:   Fri Mar 17 16:55:36 2023 +0000

    [CI] Upgrade to actions/checkout@v3 (#1888)
    
    Node.js 12 actions are deprecated, so update to v3 which uses Node 16.

commit ae1702f701040ece9a6caa4e3add74a5567c5f05
Author: Dmitry Sidorov <dmitry.sidorov@intel.com>
Date:   Thu Mar 16 21:56:41 2023 +0100

    [NFC] Update complex-constexpr.ll (#1885)
    
    bbfb13a5ffbc "[ConstExpr] Remove select constant expression"
    forbids select constant expression
    
    Signed-off-by: Sidorov, Dmitry <dmitry.sidorov@intel.com>

commit ee03f5f458c549c150a37bc8a281efacc0cfadda
Author: Dmitry Sidorov <dmitry.sidorov@intel.com>
Date:   Thu Mar 16 12:37:58 2023 +0100

    [OpaquePointers] Add support for JointMatrixINTEL target ext type (#1852)
    
    The expected representation is:
    target("spirv.JointMatrixINTEL", %element_type, %rows%, %cols%, %scope%,
    %use%, (optional) %element_type_interpretation%)
    
    TODO: figure out, how to deal with the switch from old API (Matrix has Layout) to new API (Layout was removed)
    
    Depends on:
    #1799
    intel/llvm#8343

commit b0c6c7023390a61227be669768b5d69b1049520c
Author: Joshua Cranmer <joshua.cranmer@intel.com>
Date:   Thu Mar 16 07:32:28 2023 -0400

    [OpaquePointers] Add support for target extension types to OpenCL type checks. (#1880)

commit 9c0a802dc0444d0ae56595c1959269b1fdf29b3a
Author: jgstarIntel <joey.genfi@intel.com>
Date:   Tue Mar 14 06:23:29 2023 -0400

    updates spirv instructions generated for atomic_compare_exhange_weak (#1830)
    
    Updating atomic compare exchange weak SPIRV instructions given OpAtomicCompareExchangeWeak is deprecated starting from SPIR-V 1.4 and has the same semantics as OpAtomicCompareExchange

commit 951a6ad8ea92b4cf52681f65703608268a6cbde5
Author: Joshua Cranmer <joshua.cranmer@intel.com>
Date:   Mon Mar 13 11:18:17 2023 -0400

    [OpaquePointers] Add support for translating target extension types. (#1799)
    
    The target extension type for SPIR-V is essentially
    target("spirv.TypeName", <image type>, <int params>).
    
    Most of the work to support translation of these types has already happened
    beforehand, so the primary step here is to enable translation work in
    SPIRVWriter as well as making the SPIRVBuiltinHelpers work with target types as
    well.
    
    Constructing LLVM IR from SPIR-V using these types is not yet supported, mainly
    out of uncertainty of the proper interface to let the resultant consumers
    indicate that they wish to support these types.

commit 6a0368fc47ee77ea8f8134953c70ba02390127c6
Author: Viktoria Maximova <viktoria.maksimova@intel.com>
Date:   Mon Mar 13 06:15:51 2023 -0700

    [DebugInfo] Support translation of DIModule (#1878)
    
    This entity represents a module in the programming language, for example a Fortran module.
    Spec:
    KhronosGroup/SPIRV-Registry#186
    
    The implementation is the same as for SPV_INTEL_debug_module extension. Spec for extension:
    https://github.com/intel/llvm/blob/sycl/sycl/doc/design/spirv-extensions/SPV_INTEL_debug_module.asciidoc

commit beecd9d3abcfb6b56d4b2e8b68731dc33adf404f
Author: Viktoria Maximova <viktoria.maksimova@intel.com>
Date:   Fri Mar 10 03:19:02 2023 -0800

    [DebugInfo] Support translation of DIStringType (#1877)
    
    This type instruction describes a string, mostly for Fortran 90.
    
    Spec:
    KhronosGroup/SPIRV-Registry#186

commit 7906823ab821ad19f5d5aa9235e726dc36331784
Author: Dmitry Sidorov <dmitry.sidorov@intel.com>
Date:   Wed Mar 8 19:22:53 2023 +0100

    [DebugInfo] Add DebugTypeArrayDynamic translation (#1871)
    
    This instruction describes a dynamic array, mostly for Fortran 90.
    
    Unlike DebugTypeArray it has Data Location, Associated, Allocated
    and Rank parameters. If the appropriate metadata parameters
    appear in LLVM IR in DW_TAG_array_type metadata, then such
    debug type becomes treated as dynamic array by the translator
    (of course if the appropriate extended instruction set is enabled).
    
    Spec:
    https://github.com/KhronosGroup/SPIRV-Registry/pull/186
    
    Signed-off-by: Sidorov, Dmitry <dmitry.sidorov@intel.com>

commit a9f4f259d4daee4ef4ca8a3726a243039e9dc2ae
Author: Abhishek Tiwari <abhishek2.tiwari@intel.com>
Date:   Wed Mar 8 07:26:07 2023 -0800

    Implement RegisterMapInterfaceINTEL execution mode (#1774)
    
    This PR adds the new execution mode RegisterMapInterfaceINTEL, see the Khronos
    SPIRV spec here: KhronosGroup/SPIRV-Registry#176
    This execution mode allows specifying a 'register' based interface for FPGA kernels.
    
    The RegisterMapInterfaceINTEL execution mode is added with a 0/1 literal based on
    the kernel metadata. When the metadata is:
    
    !ip_interface !N
    !N = !{!"csr"}
    The translator emits RegisterMapInterfaceINTEL 0, and when the metadata is:
    
    !ip_interface !N
    !N = !{!"csr", !"accept_downstream_stall"}
    The translator emits RegisterMapInterfaceINTEL 1
    
    NOTE
    The new mode is under capability FPGAKernelAttributesv2INTEL which implicitly defines the capability FPGAKernelAttributesv2INTEL.
    This PR is very similar to Implement StreamingInterfaceINTEL execution mode #1218

commit b7c5218b8a3db7af8d85d6f31275d802cd181e4f
Author: Dmitry Sidorov <dmitry.sidorov@intel.com>
Date:   Tue Mar 7 13:57:00 2023 +0100

    Add ComponentTypeInterpretation for joint matrix type (#1835)
    
    It specifies how to interpret 'Component Type' when components of a joint matrix are storages for values of different types, for example float for TF32, unsigned short for bfloat16.
    
    At this point only tf32 type interpretation is added during SPIR-V generation. Adding it to bf16 is a breaking change and
    requires adaptation across drivers.
    
    Spec update:
    intel/llvm#8175
    
    Signed-off-by: Sidorov, Dmitry dmitry.sidorov@intel.com

commit 9858104e503e99e8755188effe436e5178d7514a
Author: Andrzej Ratajewski <andrzej.ratajewski@intel.com>
Date:   Tue Mar 7 13:51:36 2023 +0100

    Fix mangling of opcodes from SPV_KHR_bit_instructions in SPV-IR (#1869)

commit 8bf8022df4b91f7992491c0f3a2595dabdddda47
Author: Joshua Cranmer <joshua.cranmer@intel.com>
Date:   Mon Mar 6 05:34:46 2023 -0500

    [OpaquePointers] Demangle _Float* correctly for determining argument types. (#1849)
    
    Itanium name mangling gives different type names for the _Float16, _Float32,
    etc. types than the more common half/float/double names. This adds support for
    people who use these types in SPIR-V kernels.

commit 32721e8d0bc6d205a5da74b785326bab124a434c
Author: asudarsa <arvind.sudarsanam@intel.com>
Date:   Fri Mar 3 13:09:12 2023 -0500

    Fix static analyzer issues (#1864)
    
    Signed-off-by: Arvind Sudarsanam <arvind.sudarsanam@intel.com>

commit a8c3ba2ab713da9cadaddc14bd93fe16078005ab
Author: Dmitry Sidorov <dmitry.sidorov@intel.com>
Date:   Wed Mar 1 19:23:49 2023 +0100

    [DebugInfo] Add an option for NonSemantic.Shader.DebugInfo.100 (#1855)
    
    Under this option this extended instruction set will be implemented
    Spec:
    https://github.com/KhronosGroup/SPIRV-Registry/blob/main/nonsemantic/NonSemantic.Shader.DebugInfo.100.asciidoc
    
    TODO: to rename NonSemantic.Kernel.DebugInfo.100 to
    NonSemantic.Shader.DebugInfo.200 when the name is stable
    
    Signed-off-by: Sidorov, Dmitry <dmitry.sidorov@intel.com>

commit 02d37bbd5090356d59e27d9161ca1f0aad988fcb
Author: Dmitry Sidorov <dmitry.sidorov@intel.com>
Date:   Thu Feb 23 19:11:30 2023 +0100

    [DebugInfo] Add Target Function optional parameter to DebugFunction (#1853)
    
    It's being added in
    KhronosGroup/SPIRV-Registry#186
    
    In DWARF it's used in 'trampoline' functions generated for Fortran external function calls.

commit f7e68fb321c1f8863c683e7ee0d4efba28a89bbd
Author: Viktoria Maximova <viktoria.maksimova@intel.com>
Date:   Thu Feb 23 10:10:43 2023 -0800

    [DebugInfo] Add new Source Languages table used in DebugCompilationUnit  (#1854)
    
    This extended source language table is used by DebugCompilationUnit instruction when the extension is enabled. It enables support for more languages than exists in a core specification.
    Spec: KhronosGroup/SPIRV-Registry#186
    
    Enabling of Fortran language also allowed to fix FortranArray test that was originally XFAIL-ed in 9e234d9.

commit dd8b2176414e40b60b49a68c0e10c2efb1baa77b
Author: Dmitry Sidorov <dmitry.sidorov@intel.com>
Date:   Tue Feb 21 12:24:02 2023 +0100

    Add JointMatrixGetElementCoordINTEL instruction (#1834)
    
    The instruction returns (Row, Column) coordinate of dynamically selected
    element of a matrix
    
    Updated version of the spec is here
    intel/llvm#8175
    
    Instruction correctness checks will be added later among non-backward
    compatible changes.
    
    Signed-off-by: Sidorov, Dmitry dmitry.sidorov@intel.com

commit daad38256c88564bfca64f63cb864eab5a4e6178
Author: Viktoria Maximova <viktoria.maksimova@intel.com>
Date:   Mon Feb 20 14:22:05 2023 -0800

    Initial support NonSemantic.Kernel.DebugInfo.100 (#1846)
    
    This patch implements the initial support for the new debug specification NonSemantic.Kernel.DebugInfo.100.
    It also introduces support for the new debug instruction DISubrange.
    
    Spec: KhronosGroup/SPIRV-Registry#186

commit 4af277cb42bf5c88c7e23ec3bdafef6330a581c0
Author: Joshua Cranmer <joshua.cranmer@intel.com>
Date:   Mon Feb 20 07:01:02 2023 -0500

    Fix potential pointer lifetime issue in the type scavenger. (#1850)
    
    As computerPointerElementType is recursive, it's possible for the hash table to
    be resized during the call to the function. If this happens, then the reference
    to the value is no longer a valid reference, and may overwrite memory (or just
    plain segfault).

commit 9ccf154f3c87922942a14f88ff12deaaeb4b106a
Author: Brox Chen <brox.chen@intel.com>
Date:   Wed Feb 15 19:10:18 2023 -0500

    Decorate the pointer argument of OpLoad and Opstore with BufferLocationINTEL (#1801)
    
    This PR is regarding spec KhronosGroup/SPIRV-Registry#185
    
    This patch parse the string in a "ptr.annotation" call, extracting buffer location information and create a SPIRV decoration on the pointer using the buffer location information. This applies only on the pointer argument of OpLoad/Opstore

commit a7a1d2f7ac07aab0559d6539a172ec3df011c2b3
Author: Dmitry Sidorov <dmitry.sidorov@intel.com>
Date:   Wed Feb 15 19:49:45 2023 +0100

    Split JointMatrixMadINTEL instruction into 4 (#1833)
    
    JointMatrixMadINTEL will stand for signed/signed Matrix type
    JointMatrixSUMadINTEL will stand for signed/signed Matrix type
    JointMatrixUSMadINTEL will stand for unsigned/signed Matrix type
    JointMatrixUUMadINTEL will stand for unsigned/unsigned Matrix type
    
    Spec update:
    intel/llvm#8175
    
    Signed-off-by: Dmitry Sidorov dmitry.sidorov@intel.com

commit f0366a6a3ecf7632944b38d829c0266888b4ee50
Author: Daniel Woodworth <daniel.woodworth@intel.com>
Date:   Wed Feb 15 06:20:27 2023 -0500

    [OpaquePointers] Fix translation of kernel query instructions (#1848)
    
    This specifies the right operand types for GetKernelWorkGroupSize,
    GetKernelPreferredWorkGroupSizeMultiple,
    GetKernelNDrangeMaxSubGroupSize,
    and GetKernelNDrangeSubGroupCount to fix a function signature mismatch
    bug on reverse translation.

commit bdd765263a0a7184dbd18fe5396313802f731e25
Author: Joshua Cranmer <joshua.cranmer@intel.com>
Date:   Mon Feb 13 06:50:42 2023 -0500

    [OpaquePointers] Handle llvm.memset intrinsic mangling mismatches. (#1845)
    
    Non-constant @llvm.memset calls are presently lowered by generating synthetic
    functions with the mangled name of memset. However, the reader tries to use this
    name to generate the intrinsic call again. This causes verification issues if
    the SPIRVWriter and SPIRVReader do not agree on whether or not to use opaque
    pointers. This change uses the actual type of the function (which will take into
    account whether or not it is in opaque pointer mode) to generate the LLVM
    intrinsic name, fixing the mismatch issues.

commit 963337307db4ed45eea5b3742ffbc620f5a62fca
Author: Sven van Haastregt <sven.vanhaastregt@arm.com>
Date:   Fri Feb 10 13:45:45 2023 +0000

    Update alloca DebugInfo test (#1844)
    
    Update a test after llvm-project commit c65b4d64d4b0 ("[SelectionDAG]
    Do not second-guess alignment for alloca", 2023-02-09).

commit 5eee59b5bf43df13a6191130ee2b4231ff7d6b18
Author: Sven van Haastregt <sven.vanhaastregt@arm.com>
Date:   Wed Feb 8 11:22:56 2023 +0000

    Update for removal of ADT/Triple.h (#1843)
    
    Update includes after llvm-project commit 62c7f035b439
    ("[NFC][TargetParser] Remove llvm/ADT/Triple.h", 2023-02-07).

commit 35f8b4d9ce8974dabd4e7ef1c48874a301343212
Author: Sidorov, Dmitry <dmitry.sidorov@intel.com>
Date:   Thu Jan 26 04:34:49 2023 -0800

    [NFC] Remove -no-opaque-pointers flag from 2 .cl tests and XFAIL them
    
    Non-opaque pointers are (almost) not supported in LLVM passes
    so with higher than O0 optimization level will result in assertions
    firing.
    
    To avoid this there are 2 options:
    1. Pass -O0 to the tests and update checks;
    2. Remove the flag and XFAIL the tests.
    
    Short term option 1. is better, long term - 2. is better.
    
    By this patch I vote for 2.
    
    Signed-off-by: Sidorov, Dmitry <dmitry.sidorov@intel.com>

commit 77ee97a807d3ee8b8adc8ca1f452aeaa8f10acb8
Author: Sven van Haastregt <sven.vanhaastregt@arm.com>
Date:   Mon Jan 30 21:13:46 2023 +0000

    Update LLVM version from 16 to 17 (#1826)

commit 296cb645e184864afd28136e453ca161a35728ae
Author: asudarsa <arvind.sudarsanam@intel.com>
Date:   Fri Jan 27 09:25:36 2023 -0500

    Fix static analysis issues (#1827)
    
    In some cases, return value of consume_front is ignored. This change fixes the issue.
    
    Signed-off-by: Arvind Sudarsanam <arvind.sudarsanam@intel.com>

commit 308daff4d501398bea592d0485b62d0982fe806a
Author: Viktoria Maximova <viktoria.maksimova@intel.com>
Date:   Thu Jan 26 12:40:16 2023 +0100

    Fix reverse translation of ptr.annotation for multiple UserSemantic decorations (#1723)
    
    It was found that the decorated variables (results of ptr.annotation intrinsic) are not used in further instructions unlike the input source. The issue is present for the reverse translation of multiple UserSemantic decorations.
    
    This change fixes the reverse translation of multiple ptr.annotation intrinsics on the same class field. With this, the result of intrinsic is not lost and actually reused in further intrinsics and instructions.

commit adb62c1ce5e81f67e47497d46a42cd4ac01dea32
Author: Sven van Haastregt <sven.vanhaastregt@arm.com>
Date:   Tue Jan 24 14:55:56 2023 +0000

    Update for getPrefTypeAlignment API deprecation (#1825)
    
    Update for llvm-project commit 89427bb7cbd1 ("[NFC] Deprecate
    DataLayout::getPrefTypeAlignment", 2023-01-24).

commit 3bc3d69c2816eda8048d835b979343013272923a
Author: Brox Chen <broxigarchen@outlook.com>
Date:   Tue Jan 24 09:23:48 2023 -0500

    added translator support for SPIRV_INTEL_argument_interfaces capability (#1632)

commit ac7a7596c01e7821e2ab881ba3f6a5e4a8db80c1
Author: Viktoria Maximova <viktoria.maksimova@intel.com>
Date:   Sat Jan 21 21:45:36 2023 +0100

    Deprecate SPV_INTEL_non_constant_addrspace_printf extension (#1818)
    
    This change continues #1749.
    We are removing SPV_INTEL_non_constant_addrspace_printf extension in
    favor of SPV_EXT_relaxed_printf_string_address_space, which are
    basically the same.

commit 3ff87c3d67b82074f31db1fd6df1677ef7a317b0
Author: Sven van Haastregt <sven.vanhaastregt@arm.com>
Date:   Wed Jan 18 21:22:30 2023 +0000

    Update test for typed pointer auto-detection removal (#1812)
    
    Update a test for llvm-project commit 9ed2f14c8717 ("[AsmParser]
    Remove typed pointer auto-detection", 2023-01-18).

commit 76bf0b2d73957fdbb021ef7fc6867035c56638b5
Author: Sven van Haastregt <sven.vanhaastregt@arm.com>
Date:   Wed Jan 18 10:20:08 2023 +0000

    Update for getSourceAlignment/getDestAlignment API deprecation
    
    Update for llvm-project commit 135f23d67bf5 ("Deprecate
    MemIntrinsicBase::getDestAlignment() and
    MemTransferBase::getSourceAlignment()", 2023-01-16).

commit 389836e174e585ed021640ac6ca1df3fcdfed873
Author: Daniel Woodworth <daniel.woodworth@intel.com>
Date:   Tue Jan 17 14:05:41 2023 -0500

    Update for another parseIR LLVM API change
    
    The parseIR API has been updated again in b56df190b013 to require a
    ParserCallbacks object which is not implicitly convertible from a
    lambda. This change adds an explicit conversion to fix the build
    failure.

commit 037839315406072f6a2e0abdd90a909b86a08acc
Author: Daniel Woodworth <daniel.woodworth@intel.com>
Date:   Fri Jan 13 19:11:52 2023 -0500

    Translate aliases to aliasee value in more contexts (#1809)
    
    Currently llvm-spirv crashes with an assert when translating uses of
    aliases which are not the callee of a function call instruction. This
    change remedies this by handling these uses of aliases the same way
    function call callees are handled: by using the value of their aliasee.
    
    Uses SPV_INTEL_function_pointers when the alias is used as a function pointer

commit 79cd99d946ba586f2baa79aeef27861ce9786c05
Author: Sven van Haastregt <sven.vanhaastregt@arm.com>
Date:   Thu Jan 12 17:09:57 2023 +0000

    Update for parseIR LLVM API change (#1808)
    
    Update for llvm-project commit df1a74ac3c64 ("[IR] Support importing
    modules with invalid data layouts.", 2023-01-12).

commit ced105f899b8aa7e8322b0e9acc4ef1f433f03d5
Author: Sven van Haastregt <sven.vanhaastregt@arm.com>
Date:   Thu Jan 12 16:52:12 2023 +0000

    Update tests for vector splat insertelement LLVM change (#1807)
    
    Update FileCheck patterns for llvm-project commit eae26b6640af
    ("[IRBuilder] Use canonical i64 type for insertelement index used by
    vector splats.", 2023-01-11).

commit 22fe28551b1987df1cff435d077572c0ffb9e454
Author: Maksim Sabianin <maksim.sabianin@intel.com>
Date:   Wed Jan 11 17:20:24 2023 +0100

    Translate saturation addition and substraction LLVM intrinsics into OpenCL instructions (#1797)

commit e06e46d20869220ed29bee39e66ada0f57828db6
Author: asudarsa <arvind.sudarsanam@intel.com>
Date:   Tue Jan 10 15:51:18 2023 -0500

    Fix issue due to ignoring return value (#1778)
    
    Signed-off-by: Arvind Sudarsanam <arvind.sudarsanam@intel.com>

commit 56b3936f62fd9715a4beb1d9644308347613b133
Author: Dmitry Sidorov <dmitry.sidorov@intel.com>
Date:   Mon Jan 9 18:35:58 2023 +0100

    Translate runtime-known barrier's MemScope from SPV-IR to OCL2.0 IR (#1804)
    
    This partially addresses #1805
    
    Signed-off-by: Sidorov, Dmitry <dmitry.sidorov@intel.com>

commit 365fcc59f2edfa7654034df9e09131e999960bb9
Author: Joshua Cranmer <joshua.cranmer@intel.com>
Date:   Thu Jan 5 11:20:48 2023 -0500

    [OpaquePointers] Port several tests to use opaque pointers.

commit 2439639ed8e572c372d0db8e8c10c5fc80e61c53
Author: Nick Sarnie <sarnex@users.noreply.github.com>
Date:   Thu Jan 5 08:09:49 2023 -0500

    Translate Intel-specific RegisterAllocMode metadata (#1800)
    
    Frontends can use the RegisterAllocMode metadata can be used to configure
    the register allocation mode. Here we translate into a form that
    Intel Graphics Compiler can use to actually apply the configuration.
    
    This is only a temporary solution, we intend to introduce
    an extension in the future
    
    Signed-off-by: Sarnie, Nick <nick.sarnie@intel.com>

commit cafd7e08fb8b56d51d2e5ea9b03755172cc648bc
Author: Haonan Yang <haonan.yang@intel.com>
Date:   Thu Jan 5 21:09:11 2023 +0800

    Do not use AttributeList::removeParamAttributes (#1795)
    
    AttributeList::removeParamAttributes function sets attribute at specified
    index empty so that return value of AttributeList::getNumAttrSet() keeps
    unchanged after that call. When call BuiltinCallMutator::removeArg function,
    there is assert failure on BuiltinCallMutator::doConversion() since new CallInst
    removed arg but still holds attribute of that removed arg.

commit af06b97ba33374a5a75303970fd3e6e9170d1903
Author: Dmitry Kazakov <dimula73@gmail.com>
Date:   Fri Dec 16 13:41:34 2022 +0300

    Link to SPIRV-Tools via CMake package when pkgconfig is not available

commit df51179d46651b2e6fa1b211357e997fe44e4b29
Author: Joshua Cranmer <joshua.cranmer@intel.com>
Date:   Wed Jan 4 05:40:47 2023 -0500

    [OpaquePointers] Improvements to the type scavenger. (#1775)
    
    The main improvement is to enable intrinsics with more complex typing rules to
    be described. For example, memcpy's requirement that its two pointer arguments
    have the same type.
    
    There is still a larger rewrite of the type scavenger to use TypedPointerType
    coming down the line. However, this rewrite also needs opaque types to represent
    the deferred type concept, which is why it hasn't been done yet. This is an
    intermediate step in the rewrite which better supports some of the other
    intrinsics with current issues.

commit 74681f614748fced23c79f753b13d61eccfaab96
Author: Alex <alejandro.duran@intel.com>
Date:   Sat Dec 24 17:17:08 2022 +0100

    Fix issues reported by static analyzer tool (#1787)

commit c18de44f0ccae6ae42a904ebe108549daf7c0abb
Author: Sven van Haastregt <sven.vanhaastregt@arm.com>
Date:   Thu Dec 22 15:17:42 2022 +0000

    [NFC] Fix typos in test/ExtendBitBoolArg.ll (#1790)

commit c884a0126ef743e8c878846b5c750bf2853ba8c0
Author: Joshua Cranmer <joshua.cranmer@intel.com>
Date:   Fri Dec 16 10:33:43 2022 -0500

    [OpaquePointers] Avoid infinite cycles in scavenging the types of PHIs.
    
    PHI instructions have their type scavenged from one of their incoming values.
    Originally, this used solely the first one, but it is possible for this to
    generate an infinite cycle (consider a pointer-swapping loop). This fixes the
    logic to detect such infinite cycles and to consider other incoming values
    instead.

commit f95a6d78f9a313b7aaaae21d735d38de8dbf8005
Author: Nick Sarnie <sarnex@users.noreply.github.com>
Date:   Thu Dec 22 04:47:24 2022 -0500

    Translate atomicrmw fsub into FNegate and AtomicFAddEXT (#1780)
    
    Signed-off-by: Sarnie, Nick <nick.sarnie@intel.com>

commit a8b0c8ee36c8e6fbccdd858526cfa9c7ef8a520c
Author: asudarsa <arvind.sudarsanam@intel.com>
Date:   Thu Dec 22 03:49:49 2022 -0500

    [NFC] Fix some static analyzer issues (#1789)
    
    Signed-off-by: Arvind Sudarsanam <arvind.sudarsanam@intel.com>

commit 582dc3ba3d6d0ca1e68d1981f5e37bdc73aebdce
Author: Mark Mendell <mark.p.mendell@intel.com>
Date:   Wed Dec 21 14:13:07 2022 -0500

    Use the official StreamingInterfaceINTEL enums (#1784)
    
    Now that the official enums have been added, replace the internal uses
    with the official ones.
    Update the commit for the Headers to get the enums defined

commit b0c2bb186f615b4c5f74436101d1cdfdb26bd19c
Author: aarongreig <aarongreig01@gmail.com>
Date:   Wed Dec 21 19:12:10 2022 +0000

    Report spec constant types when they are queried with --spec-const-info (#1758)
    
    Also allow binary float spec constant input by passing a hex value with
    0x prefix.

commit a326355829f7f714885e5757eeced34b233050bc
Author: Sven van Haastregt <sven.vanhaastregt@arm.com>
Date:   Wed Dec 21 15:18:27 2022 +0000

    Add `-opaque-pointers=0` to remaining failing tests (#1788)
    
    Fix the remaining tests that started failing after llvm-project commit
    e45cf479231f ("[Bitcode] Remove auto-detection for typed pointers",
    2022-12-14).
    
    This was done by mechanically adding `-opaque-pointers=0` to the
    `llvm-as`, `llvm-dis`, and `llvm-spirv %t.bc` `RUN` lines of the
    failing tests and then manually fixing up the `RUN` lines for any
    remaining failures.

commit d6c1f36279a3fb5b0c0b9dd3f52ae55958f37d46
Author: Sven van Haastregt <sven.vanhaastregt@arm.com>
Date:   Tue Dec 20 14:47:45 2022 +0000

    Run llvm-as and llvm-dis with -opaque-pointers=0
    
    Update some of the tests that started failing after llvm-project
    commit e45cf479231f ("[Bitcode] Remove auto-detection for typed
    pointers", 2022-12-14).
    
    This commit only updates tests that pass again after mechanically
    adding `-opaque-pointers=0` to their `llvm-as` and `llvm-dis`
    commands.  Many more tests are still failing due to the opaque-pointer
    auto-upgrade happening when llvm-spirv reads the LLVM IR.

commit 1ebb6ca77282ed98ce10758161746048dee675e0
Author: Sven van Haastregt <sven.vanhaastregt@arm.com>
Date:   Tue Dec 20 17:55:22 2022 +0000

    [CMake] Link against LLVMTargetParser
    
    Update CMakeLists.txt after llvm-project commit f09cf34d0062
    ("[Support] Move TargetParsers to new component", 2022-12-20).

commit 4a7804bc45ada92b8365c82b99387726382b5d7d
Author: Daniel Woodworth <daniel.woodworth@intel.com>
Date:   Tue Dec 13 15:53:00 2022 -0500

    [NFC] Member initialization and code cleanup
    
    This is a collection of small fixes to make the code more static
    analyzer-friendly:
    
    * Added initialization to some previously-uninitialized fields to make
      sure they have sensible "null" values even when the full constructor
      isn't called.
    * Removed the CU member from SPIRVToLLVMDbgTran since its only use was
      effectively as a local variable in
      SPIRVToLLVMDbgTran::transCompileUnit and so it didn't need to be a
      member variable.
    * Removed the unnecessary initialize method from
      LLVMParallelAccessIndices in SPIRVWriter and moved initialization
      logic to the constructor.

commit 441aa408a676984a4bc31a4d188df32b67f931a0
Author: Sven van Haastregt <sven.vanhaastregt@arm.com>
Date:   Tue Dec 13 12:15:37 2022 +0000

    Use std::optional instead of llvm::Optional
    
    The LLVM project is migrating away from `llvm::Optional` to
    `std::optional`.  Update the translator to use `std::optional`.

commit 832b8a7ce7f09757d19ffda783f825ef4e525a6b
Author: Sven van Haastregt <sven.vanhaastregt@arm.com>
Date:   Mon Dec 12 17:22:37 2022 +0000

    Update multiline DebugInfo test
    
    Update test after llvm-project commit 6b2829dd8772 ("Allow
    epilogue_begin to be emitted when generating DWARF", 2022-12-09).

commit b9475f7ea4d981b3b2e85e43d5e216b268246d31
Author: Sven van Haastregt <sven.vanhaastregt@arm.com>
Date:   Mon Dec 12 17:18:05 2022 +0000

    Update for removal of llvm::None
    
    Update after llvm-project commit f7dffc28b3f8 ("Don't include None.h
    (NFC)", 2022-12-10).

commit 1d5694629aad23ef343f9f6a29c0b24f03aaca91
Author: Dmitry Sidorov <dmitry.sidorov@intel.com>
Date:   Fri Dec 9 16:32:09 2022 +0100

    [NFC] Remove Intel Op codes that are being upstreamed (#1657)
    
    Unstreamed in https://github.com/KhronosGroup/SPIRV-Headers/pull/298
    
    Signed-off-by: Sidorov, Dmitry <dmitry.sidorov@intel.com>

commit cad518213f94c109e25463477d8a153fe0080f9b
Author: Nick Sarnie <sarnex@users.noreply.github.com>
Date:   Fri Dec 9 07:49:07 2022 -0500

    Translate atomicrmw fmin/fmax into OpAtomicFMinEXT/OpAtomicFMaxEXT (#1768)
    
    Signed-off-by: Sarnie, Nick <nick.sarnie@intel.com>

commit 46623fc21f483f0041344cab32f90045d51ce94a
Author: Maksim Sabianin <maksim.sabianin@intel.com>
Date:   Thu Dec 8 16:30:06 2022 +0100

    Reorder invocations of fixType, ReplaceTypeInOperands and mergeType (#1766)
    
    The issue is that SPIRVTypeScavenger::fixType method
    performs `delete &Ty` at the end. Then this freed
    pointer is used later just as value (not dereferenced).
    Nevertheles, Coverity claims use-after-free warning.
    This commit reorders function's invocations to mitigate this issue.

commit 41d205650fd411e9e3362829ee11c98b6e4d05ee
Author: Alexander Richardson <Alexander.Richardson@cl.cam.ac.uk>
Date:   Thu Dec 8 13:06:02 2022 +0000

    Catch up with llvm/llvm-project@9114ac67a986400155b8b82013d09a9e4f48e534 (#1765)
    
    The ptr_annotation/var_annotation/annotation intrinsics gained
    additional overloads which means we have to update calls to
    Intrinsic::getDeclaration()/Builder.CreateIntrinsic().

commit 84cb09a13705b65a97b0c970538005d99ee8de14
Author: Nick Sarnie <sarnex@users.noreply.github.com>
Date:   Wed Dec 7 17:59:17 2022 -0500

    Translate atomicrmw fadd into AtomicFAddEXT (#1757)
    
    Signed-off-by: Sarnie, Nick <nick.sarnie@intel.com>

commit 94df3c89461176f9be374e66d7e7333120741795
Author: Mariya Podchishchaeva <mariya.podchishchaeva@intel.com>
Date:   Mon Dec 5 05:43:38 2022 -0500

    Fix build with llvm trunk
    
    `std::optional` is used instead of `Optional`.

commit a9391f71c5a175bd330eff60a058835d07f54741
Author: Dmitry Sidorov <dmitry.sidorov@intel.com>
Date:   Fri Dec 2 14:05:05 2022 +0100

    Add SPV_EXT_relaxed_printf_string_address_space extension (#1749)
    
    The extension was added in https://github.com/KhronosGroup/SPIRV-Registry/pull/148
    
    Starting from this PR SPV_INTEL_non_constant_addrspace_printf will
    be step by step deprecated.
    
    Signed-off-by: Sidorov, Dmitry <dmitry.sidorov@intel.com>

commit cff010d4397c18f3b03b0efe8a5f4906e8081d7c
Author: Joshua Cranmer <joshua.cranmer@intel.com>
Date:   Tue Nov 29 19:05:50 2022 -0500

    [NFC] Add a safety assert to BuiltinCallMutator. (#1748)

commit a3fc26fd92bf3681a9216111a3ec4b9c26f973d7
Author: Dmitry Sidorov <dmitry.sidorov@intel.com>
Date:   Tue Nov 29 18:04:09 2022 +0100

    [NFC] Remove dead code related to Intel's JointMatrix extension (#1747)
    
    Signed-off-by: Sidorov, Dmitry <dmitry.sidorov@intel.com>

commit b95227e980fd632e478c1faa2fc1544d42b4c355
Author: Dmitry Sidorov <dmitry.sidorov@intel.com>
Date:   Tue Nov 29 12:55:12 2022 +0100

    Put memory(none) attribute instead of readnone (#1746)
    
    Instead of creating readnone attributes on each parameter of
    a function it's better to put just memory(none) which was recently
    introduced.
    
    See https://reviews.llvm.org/D135780
    
    Co-authored by: Zou, Feng <feng.zou@intel.com>
    
    Signed-off-by: Sidorov, Dmitry <dmitry.sidorov@intel.com>

commit e52f5d97977c04688d81561a690fba5fc02e346d
Author: Dmitry Sidorov <dmitry.sidorov@intel.com>
Date:   Mon Nov 28 13:39:59 2022 +0100

    Fix builtin vars translation (#1738)
    
    The translator was crashing in case if builin GV was accessed via
    GEP without AS cast due to incorrect assumption.
    
    Signed-off-by: Sidorov, Dmitry <dmitry.sidorov@intel.com>

commit 6417adab353c6863d40365fe2b9c37e98f440f71
Author: Victor Mustya <victor.mustya@intel.com>
Date:   Thu Nov 24 04:12:12 2022 -0800

    Translate LLVM intrinsics into native_* OpenCL instructions (#1729)
    
    When an intrinsic function is called with `afn` flag, it's allowed to
    substitute an approximate calculations. So the translator can emit
    native versions of OpenCL extended instructions.

commit 9c78e6e0474f54103de76f3342b34a7c5945ad3a
Author: Alexey Sachkov <alexey.sachkov@intel.com>
Date:   Wed Nov 23 11:52:25 2022 -0500

    [NFC] Use auto& to avoid copies

commit 202008bd4dd7ec737dd62a4ee968866125de9df7
Author: Alexey Sachkov <alexey.sachkov@intel.com>
Date:   Wed Nov 23 11:34:56 2022 -0500

    [NFC] Use ArrayRef to avoid copying SmallVector

commit ab75ef8099e04dc76105f84602cd15f2968a0d82
Author: Victor Mustya <victor.mustya@intel.com>
Date:   Wed Nov 23 06:26:51 2022 -0800

    Relax OpenCL extended instruction restrictions (#1724)
    
    When VectorAnyINTEL capability is enabled, OpenCL extended instructions
    are able to work on vector types with any number of components greater
    then or equal to 2.

commit 99e226b7fd6471339fd9d3d1ceebd5118c03a462
Author: Mark Mendell <mark.p.mendell@intel.com>
Date:   Tue Nov 22 12:39:19 2022 -0500

    Support FPGA function !spirv.Decoration metadata (#1727)
    
    Supporting the new FPGA kernel attribute pipelined needs the translator
    to handle !spirv.Decoration metadata on functions as well as on global
    variables.  If the MD is found on the function, call the existing
    translation of metadata.

commit 8d352d882ad5b100bdf61064c09a67d21506db72
Author: Steffen Larsen <steffen.larsen@intel.com>
Date:   Tue Nov 22 11:25:20 2022 +0100

    Allow variable number of operands in work-group metadata (#1726)
    
    The reqd_work_group_size and work_group_size_hint metadata nodes are currently expected to have exactly 3 operands which are in turn translated to the 3 operands of their corresponding SPIR-V execution modes. This commit relaxes this requirement by allowing the metadata to have 1-3 operands, where the missing dimensions are padded with 1's in the corresponding execution mode. Note that the information about the dimensionality of the original metadata is lost after translation, so reverse translation will always result in the metadata having all three operands.
    
    Motivation comes from intel/llvm#7450 where instead of doing the implicit padding during LLVM IR generation we want to simplify the metadata to only have the operands specified. Not only does it relax the requirements, it also lets us preserve information about dimensionality up until it is translated into SPIR-V.

commit b378140863da53bd9fdc313514e00d8c8f45a98f
Author: Sidorov, Dmitry <dmitry.sidorov@intel.com>
Date:   Thu Nov 17 05:03:32 2022 -0800

    [TRY] Remove OpenMP install
    
    Signed-off-by: Sidorov, Dmitry <dmitry.sidorov@intel.com>

commit 87848537db5948c5c9c8dcb06942b070c66d56a3
Author: Joshua Cranmer <joshua.cranmer@intel.com>
Date:   Tue Nov 15 06:55:42 2022 -0500

    Add a unified getSPIRVType interface. (#1716)
    
    We have a couple of interfaces that create the custom SPIR-V types. Again, in
    preparation for an eventual OpaqueType-based interface for types, these
    functions are being replaced with a more centralized, uniform basis for
    constructing these types.
    
    Some of the related helper methods that were previously used to build the names
    for struct types are now obsoleted by this change and have been removed.

commit 245e03fa86aa401d80f1fb1f28545bcb680435b6
Author: Viktoria Maximova <viktoria.maksimova@intel.com>
Date:   Wed Nov 9 18:26:22 2022 +0100

    Emit 0/1 for annotations with boolean value (#1714)
    
    Co-authored-by: Arvind Sudarsanam <arvind.sudarsanam@intel.com>

commit 5ce6a99bb83a510df7d62950a2fecec38c1527bd
Author: Joshua Cranmer <joshua.cranmer@intel.com>
Date:   Tue Nov 8 04:46:56 2022 -0500

    [NFCI] Use TypedPointerType in more places. (#1683)
    
    One of the reasons behind this change is to make code more easily deal with the
    future prospect of opaque types, so that helper methods (like adjusting image
    types) can handle both pointer type and opaque type representations simply by
    querying if the input type is a TypedPointerType or an OpaqueType [name for the
    latter still pending].
    
    The set of changes are:
    * OCLTypeToSPIRV now uses TypedPointerType internally
    * adaptSPIRVImageType and getSPIRVStructTypeByChangeBaseTypeName are collapsed
      into one method (adjustImageType) that works with TypedPointerTypes.
    * A few is*StructType methods have been reverted back to is*Type methods, taking
      a TypedPointerType parameter instead.
    * BuiltinCallHelper::addSPIRVCall{Pair} allows for the creation of SPIR-V calls
      that can use TypedPointerType or actual type for parameters and return value.
    * BuiltinCallHelper::getCallValue{Type} is a simple helper that hides many of
      the uses of getParameterTypes.
    * The Type* parameter of the callback in BuiltinCallMutator::mapArg now provides
      a TypedPointerType or the actual type, instead of the pointer element type.
    * BuiltinCallMutator::ValueTypePair similarly takes a TypedPointerType or the
      actual type.
    * getParameterTypes (when passed a SmallVector<Type *>) does a similar thing.
      (The SmallVector<TypedPointerType *> variant has been removed in favor of only
      using the other one.)
    
    Note that the last few changes do change the semantics of function parameters
    without changing the function name or signature.
    
    Co-authored-by: Dmitry Sidorov <dmitry.sidorov@intel.com>

commit c1fe5fe3ec0e4b4796f4d5169e62660f33f6b5ea
Author: Dmitry Sidorov <dmitry.sidorov@intel.com>
Date:   Tue Nov 8 10:40:39 2022 +0100

    Translate readnone attribute as function parameter attribute (#1697)
    
    Community restricted readnone, readonly and writeonly attributes
    to be only function parameter attributes. This patch aligns
    the translator with llvm.org.
    
    It also fixes a bug, when readnone attribute is being mapped
    to NoWrite SPIR-V function parameter attribute.
    
    Signed-off-by: Sidorov, Dmitry <dmitry.sidorov@intel.com>
    
    Signed-off-by: Sidorov, Dmitry <dmitry.sidorov@intel.com>

commit ea3ddc186d1e30ade5581c5c00a6b5ef9857655d
Author: Dmitry Sidorov <dmitry.sidorov@intel.com>
Date:   Fri Nov 4 15:18:07 2022 +0100

    Implement SPV_INTEL_tensor_float32_conversion extension (#1656)
    
    This extension adds conversion instruction from float to tensor float (TF32)
    data format. TF32 uses 1 bit for a sign, 8 bits for an exponent and 10 bits
    for a fraction. This extension doesn’t introduce TF32 type in SPIR-V, instead
    instruction below uses 32-bit float type to represent TF32 value.
    
    Spec: https://github.com/intel/llvm/pull/6990
    
    Signed-off-by: Sidorov, Dmitry <dmitry.sidorov@intel.com>

commit a33d3afbec1dd449506371bc5015568f47eecfa1
Author: Dmitry Sidorov <dmitry.sidorov@intel.com>
Date:   Fri Oct 28 22:17:42 2022 +0200

    Restore GEP instruction translation for vector of pointers (#1669)
    
    Make GEP returning vector of pointers in this case
    
    Signed-off-by: Sidorov, Dmitry <dmitry.sidorov@intel.com>

commit 81464b04548af15bc8e32567466d577039fd40d1
Author: Joshua Cranmer <joshua.cranmer@intel.com>
Date:   Wed Oct 26 15:28:32 2022 -0400

    Translate constant global variable references correctly in opaque pointer mode. (#1666)

commit 71b91256380a787284e484df6e512292baff0342
Author: Dmitry Sidorov <dmitry.sidorov@intel.com>
Date:   Wed Oct 26 16:58:12 2022 +0200

    [NFC] Move tests around (#1682)
    
    The proposed layout is test/extensions/[EXT|KHR|Company]
    
    Signed-off-by: Sidorov, Dmitry <dmitry.sidorov@intel.com>

commit 7a559fa242db33f9053a24c0870782cd6c6fd25a
Author: Dmitry Sidorov <dmitry.sidorov@intel.com>
Date:   Mon Oct 24 22:35:59 2022 +0200

    [NFC] Remove JointMatrixINTEL W/S (#1658)
    
    It's not longer needed after https://github.com/intel/llvm/pull/6535
    
    Signed-off-by: Sidorov, Dmitry <dmitry.sidorov@intel.com>

commit 3e6bf4292811a672fc77de079011f0f59634e77e
Author: Dmitry Sidorov <dmitry.sidorov@intel.com>
Date:   Mon Oct 24 14:51:11 2022 +0200

    [NFC] Hotfix LoopUnroll test (#1672)
    
    The latest changes got interfered with the patch that fixes
    blocks ordering. Like this the checks actually make more sense.
    
    Signed-off-by: Sidorov, Dmitry <dmitry.sidorov@intel.com>
    
    Signed-off-by: Sidorov, Dmitry <dmitry.sidorov@intel.com>

commit eed00812346555b27710eb322885164289e9c5f4
Author: Dmitry Sidorov <dmitry.sidorov@intel.com>
Date:   Mon Oct 24 14:32:58 2022 +0200

    Translate llvm.loop.unroll.full metadata (#1664)
    
    It can be generated via #pragma clang unroll(full) pragma.
    llvm.loop.unroll.full means attempt to do full unroll of the
    loop and disable the unrolling if the trip count is not known
    at compile time.
    
    Unroll mask to which it was previously mapped doesn't much the
    description.
    
    The way the patch represents it in SPIR-V is:
     Unroll mask + PartialCount mask with '1' parameter
    
    This patch also removes some overtesting for unroll metadata.
    
    Signed-off-by: Sidorov, Dmitry <dmitry.sidorov@intel.com>

commit ed18b22a012fb4abb0d57ee71d233b9c1f72af7b
Author: Dmitry Sidorov <dmitry.sidorov@intel.com>
Date:   Fri Oct 21 15:55:06 2022 +0200

    Fix translation of annotations in opaque-pointers mode (#1643)
    
    Signed-off-by: Sidorov, Dmitry <dmitry.sidorov@intel.com>

commit 9f006376704365b5884d9aa5cbfefcc1fdabc672
Author: Sven van Haastregt <sven.vanhaastregt@arm.com>
Date:   Fri Oct 21 13:53:26 2022 +0100

    [NFC] Check for full SPIR-V IR function names (#1665)
    
    Add the `n` argument in `vloadn.spvasm`, `vload_halfn.spvasm`, and
    `vloada_halfn.spvasm`.  Add a trailing `(` to the CL20 LLVM IR
    patterns.
    
    Add extra integer arguments in `OpImageWrite.cl` which hold the Image
    Operands `SignExtend`/`ZeroExtend`.
    
    Add the accumulator arguments in `SPV_KHR_integer_dot_product-sat.ll`.

commit 35d400e3a066490598fca49b9cb88adbc8cad72b
Author: Daniel Woodworth <daniel.woodworth@intel.com>
Date:   Thu Oct 20 17:01:11 2022 -0400

    Reorder SPIR-V blocks to emit dominators first (#1655)
    
    This implements the block ordering rule in section 2.16.1 of the SPIR-V
    specification:
    
    > The order of blocks in a function must satisfy the rule that blocks appear
    before all blocks they dominate.
    
    This fixes #205.

commit e28461ae8334f6a4ee954861806fe46ac4c2889a
Author: Dmitry Sidorov <dmitry.sidorov@intel.com>
Date:   Wed Oct 19 00:42:12 2022 +0200

    Support multiple UserSemantic decorations (#1628)
    
    Signed-off-by: Sidorov, Dmitry <dmitry.sidorov@intel.com>
    Co-authored-by: Arvind Sudarsanam <arvind.sudarsanam@intel.com>

commit 80bce77a78cd322dc5b44bf10642648cef2a527f
Author: Sven van Haastregt <sven.vanhaastregt@arm.com>
Date:   Tue Oct 18 23:41:08 2022 +0100

    [NFC] Add opening parenthesis to call checks (#1659)
    
    The affected CHECK lines ended with a function name.  Any spurious
    trailing characters in those function names would not be detected by
    the test.  Append the opening parenthesis of the call expression to
    catch any undesired trailing characters.
    
    This commit only affects tests that do not require any changes besides
    the trailing parenthesis.

commit d0716726ebdb0faba21cd599cc020bcc6ad82fa0
Author: Daniel Woodworth <daniel.woodworth@intel.com>
Date:   Fri Oct 14 15:58:55 2022 -0400

    Emit OpMemberDecorate for member 0 annotations (#1646)
    
    LLVMToSPIRVBase::transIntrinsicInst translates ptr.annotation intrinsics
    marking struct members by looking for struct GEPs. However, a GEPs is not
    necessary for the first member, and so in some cases when the first
    member is annotated SPIRVWriter has been emitting OpDecorate for these
    instead which leads to a crash in some cases on reverse translation.
    This change enables emitting OpMemberDecorate for the first member even
    if there isn't a GEP and the pointer value is based on a struct alloca
    instead.

commit a92e719f2d434dbffe50756001d389a743306082
Author: Joshua Cranmer <joshua.cranmer@intel.com>
Date:   Fri Oct 14 03:15:12 2022 -0400

    Correctly identify mangling of varargs in the demangler. (#1642)
    
    Co-authored-by: Sven van Haastregt <sven.vanhaastregt@arm.com>

commit 86976e466364ea9349478545e527d7262fbc92d9
Author: Viktoria Maximova <viktoria.maksimova@intel.com>
Date:   Wed Oct 12 13:44:04 2022 +0200

    Address issue #1548 after removal most of constant expressions in LLVM (#1644)
    
    - Rewrote test cases that were using float operations (`fadd`) to the
    supported instructions.
    - Removed vector-metadata-constexpr.ll in favor of
    complex-constexpr-vector.ll, because it has both LLVM and SPIRV code
    checks.

commit c5954a111535dca0077aaaab9c6188537c8d1030
Author: Jakub Czarnecki <jakub.czarnecki@intel.com>
Date:   Thu Sep 29 14:27:12 2022 +0200

    Integer dot product 4x8 packed translation
    
    Changed the integer dot translation to use the correct function names
    (i.e. dot_4x8packed or dot_acc_sat_4x8packed) to translate them into
    proper OpCodes. Additionally removed unused variables from visitCallDot

commit a3b372cb2d0250fbd5e395c3d32613f1644dfeb5
Author: Sven van Haastregt <sven.vanhaastregt@arm.com>
Date:   Tue Oct 4 18:58:38 2022 +0100

    Update DebugInfo test after llvm change (#1634)
    
    Update a check pattern after LLVM commit 189900eb149b ("X86: Stop
    assigning register costs for longer encodings.", 2022-09-30).

commit 1103477248cf6faf3d0565aef9f98e380db4948f
Author: Michal Babej <franz@users.noreply.github.com>
Date:   Fri Sep 30 19:07:17 2022 +0300

    Fix parsing of --spec-const option (#1630)
    
    While running OpenCL-CTS SPIR-V subtests, i found that launching llvm-spirv with arguments:
    
    -r --spec-const=101:i64:4609589727908835759
    
    results in error message:
    
    Error: Invalid value for '-spec-const' option! In "101:i64:4609589727908835759": can't convert "4609589727908835759" to 64-bit integer number
    
    However, 4609589727908835759 fits into 64bits (0x3ff88d6f544bb1af). The problem seems to be that getNumWords() returns 2 so i changed it to use getActiveBits().

commit 160d1373d4ed28101a9b45b48a3e3a82d13178ad
Author: Joshua Cranmer <joshua.cranmer@intel.com>
Date:   Wed Sep 28 05:48:21 2022 -0400

    Let SPIRVWriter translate TypedPointerTypes directly. (#1629)

commit 3938c74e835a4d961fe12c7c847fce95e47367c7
Author: Joshua Cranmer <joshua.cranmer@intel.com>
Date:   Fri Sep 23 19:31:21 2022 -0400

    Cleanup code after all the mutator changes (#1625)
    
    With this commit, the last call to Type::getPointerElementType in the translator
    is truly dead, completing the first phase of transitioning to opaque pointers.

commit dfc3e2df460fa406ccac7c7de4b7a29860daab00
Author: Joshua Cranmer <joshua.cranmer@intel.com>
Date:   Fri Sep 23 08:14:41 2022 -0400

    [Mutator] Migrate handling of the AVC builtins to the mutator interface. (#1623)

commit a33e094d94c37b195147d6a580c6c1d59f96c3b0
Author: Joshua Cranmer <joshua.cranmer@intel.com>
Date:   Thu Sep 22 12:49:21 2022 -0400

    [Mutator] Migrate miscellaneous code in OCLToSPIRV to the mutator interface. (#1621)

commit 44c70a89dffb9196b0d4bfb43e96985fa725efe2
Author: Joshua Cranmer <joshua.cranmer@intel.com>
Date:   Tue Sep 13 10:04:43 2022 -0400

    [Mutator] Migrate miscellaneous code in SPIRVToOCL to the mutator interface.
    
    The test change is because use of an IRBuilder causes extra constant folding to
    happen that previously didn't happen.

commit ca733580e051c841111f8976ee10436584f2b2f1
Author: Joshua Cranmer <joshua.cranmer@intel.com>
Date:   Tue Sep 13 10:00:22 2022 -0400

    [Mutator] Migrate EnqueueKernel handling to the new mutator interface.

commit 24f81e38a83c03c183f72c529ef1e2ee477f760c
Author: Joshua Cranmer <joshua.cranmer@intel.com>
Date:   Mon Sep 19 06:45:23 2022 -0400

    [Mutator] Migrate more miscellaneous calls to the mutator interface. (#1619)

commit 1aa3b177b2306a6199b1509415e84af612ab523d
Author: Joshua Cranmer <joshua.cranmer@intel.com>
Date:   Tue Sep 13 09:42:59 2022 -0400

    [Mutator] Migrate OCLBuiltinTransInfo::PostProc to the mutator interface.
    
    This requires changing all of the callers of this method at the same time.

commit 4ac85bc030d0205bbe57e3bdc526f494f252f833
Author: Joshua Cranmer <joshua.cranmer@intel.com>
Date:   Fri Sep 16 10:58:55 2022 -0400

    [Mutator] Migrate calls in SPIRVReader to the mutator interface. (#1616)

commit 05b41a41ebdf661d68d6fbe159ffb5e99d7ab49c
Author: Joshua Cranmer <joshua.cranmer@intel.com>
Date:   Tue Sep 13 09:52:44 2022 -0400

    [Mutator] Migrate miscellaneous but simple calls to the mutator interface.

commit 6fdd2d0e3cefb0c0be3140052c5905eed6dad818
Author: Joshua Cranmer <joshua.cranmer@intel.com>
Date:   Thu Sep 15 09:33:10 2022 -0400

    Address clang-tidy issues.

commit b9b139d962e846cd2160f95d27c6e904a4ca769a
Author: Joshua Cranmer <joshua.cranmer@intel.com>
Date:   Tue Sep 13 09:54:54 2022 -0400

    [Mutator] Migrate mutateArgsForImageOperands to the mutator interface.

commit 9284a33643b1397a00ac7a19dcfc67f09d7d9ac6
Author: Joshua Cranmer <joshua.cranmer@intel.com>
Date:   Thu Sep 15 05:22:19 2022 -0400

    [Mutator] Migrate atomics builtins to the mutator interface. (#1614)
    
    The old mutateCallInst* functions and the new mutator doesn't quite get some of
    the value names correct, which necessitated some test changes that were looking
    for particular value names.

commit 139b08bb28cbd6716462fddb8da9be0c9d4341a7
Author: Joshua Cranmer <joshua.cranmer@intel.com>
Date:   Mon Sep 12 17:02:12 2022 -0400

    Add a helper for type-aware mutateCallInst replacement. (#1611)
    
    Opaque pointers requires us to keep more careful track of the pointee types of the builtin methods. While these are discoverable via demangling, the existing interface of mutateCallInst* does not provide easy ways to maintain these types during remapping of OpenCL builtins to SPIR-V builtins.
    
    This patch adds a BuiltinCallMutator that keeps track not only of the pointer element types discovered by demangling, but also of the LLVM attributes the arguments originally had, even as arguments are inserted or deleted for OpenCL<->SPIR-V builtin conversions. Additionally, the interface is intended to be more forgiving of the varieties of lambdas needed to do the conversions: for example, there is no need for different entry points to indicate a type-aware mapping, or even to indicate a function whose return type changes.
    
    It is intended that all of the existing calls to mutateCallInst be replaced with this new interface, so as to be able to eliminate the getPointerElementType call in the existing implementation of that function. However, the actual migration of the calls will be done in future patches to keep the maximum size of patches relatively small.

commit e09acf4e28327d6df31d3ffd3cb32e204c475230
Author: Alexey Bader <alexey.bader@intel.com>
Date:   Fri Sep 9 18:25:20 2022 +0300

    Remove -no-opaque-pointers flags from fixed tests. (#1612)

commit 49b08e8816ed3a86eb906ba720410852285ffad0
Author: Dmitry Sidorov <dmitry.sidorov@intel.com>
Date:   Thu Sep 8 12:05:24 2022 +0300

    Add SPV_INTEL_masked_gather_scatter extension (#1580)
    
    This extension allows TypeVector to have a Physical Pointer Type
    Component Type and introduces gather/scatter instructions.
    It will be useful for explicitly vectorized kernels.
    
    Spec: https://github.com/intel/llvm/pull/6613
    
    Signed-off-by: Sidorov, Dmitry <dmitry.sidorov@intel.com

commit 2b4ce4211d07a8406e8ac7898acb3a4d3e2888fe
Author: Viktoria Maximova <viktoria.maksimova@intel.com>
Date:   Wed Sep 7 15:55:14 2022 +0200

    Translate function pointer from global variable as pointer, not as declaration (#1608)
    
    This patch helps to avoid invalid SPV generation.
    
    When global variable contains a pointer to a function, translator tries to
    translate it as declaration. Then it translates this function the second time
    when going through the function list. This leads to double translation
    of the same function and to the usage of the same IDs in SPIR-V file.

commit b412ae5e26adfb0adfcc0fc268c9089ad5eb9e35
Author: Joshua Cranmer <joshua.cranmer@intel.com>
Date:   Tue Sep 6 06:35:59 2022 -0400

    Rework the demangler to support recovering more pointer element types. (#1556)

commit 6811488ec1f3d6fb2d487a2df2fb49f8874e0653
Author: Sven van Haastregt <sven.vanhaastregt@arm.com>
Date:   Sun Sep 4 11:54:43 2022 +0100

    [CI] Reinstate deprecated-declarations warning as error (#1609)
    
    This reverts commit 55d1de820841e6d9d1c6ca0cd534323d69a1cbf1.
    
    Now that the last use of the deprecated `getPointerElementType` has
    been removed, treat uses of deprecated functions as errors again.

commit e3cd29689a219a2a18e53f7823a74daf8e447876
Author: Ben Ashbaugh <ben.ashbaugh@intel.com>
Date:   Wed Aug 31 10:13:24 2022 -0700

    Add support for split barriers extension SPV_INTEL_split_barrier (#1424)
    
    This PR adds support for split barriers and the SPV_INTEL_split_barrier extension.
    
    The related SPIR-V extension spec can be found here:
    
    * https://github.com/KhronosGroup/SPIRV-Registry/pull/136
    
    The related OpenCL C extension spec can be found here:
    
    * https://github.com/KhronosGroup/OpenCL-Docs/pull/765

commit 401d12447db20439f94a5bdf764af0aa904b1804
Author: Joshua Cranmer <joshua.cranmer@intel.com>
Date:   Wed Aug 31 05:39:50 2022 -0400

    Fix type scavenger for variable arguments and multiple-uses-of-types cases. (#1606)

commit d4ec010c61654c920d0751bc894d4d8aae1b75f6
Author: bowenxue-intel <bowen.xue@intel.com>
Date:   Wed Aug 24 08:50:53 2022 -0700

    Implement SPIR-V support for max_reinvocation_delay attribute (#1594)
    
    The attribute generates the llvm.loop.intel.max_reinvocation_delay.count metadata in LLVM IR.
    There is one positive integer literal operand denoting the maximum number of cycles allowed
    between loop invocations.
    
    Spec: KhronosGroup/SPIRV-Registry#163

commit 6e1564204838a5e05f902f0e7cccae9263826092
Author: Joshua Cranmer <joshua.cranmer@intel.com>
Date:   Fri Aug 19 14:32:07 2022 -0400

    Mass add -emit-opaque-pointers for tests that require some changes.

commit 3335c2550ae66025d451d11f73d1c7e28d43672e
Author: Dmitry Sidorov <dmitry.sidorov@intel.com>
Date:   Tue Aug 23 23:13:34 2022 +0200

    [NFC] Remove ExecutionModeNamedBarrierCountINTEL from spirv_internal (#1604)
    
    It was actually upstreamed to SPIR-V Headers already.
    
    Signed-off-by: Sidorov, Dmitry <dmitry.sidorov@intel.com>

commit 21c7a30a69e2608c0f41460386c38586b63a987f
Author: Victor Mustya <victor.mustya@intel.com>
Date:   Tue Aug 23 10:05:37 2022 -0700

    Update SPV_INTEL_vector_compute to rev 15
    
    This adds NamedBarrierCountINTEL Execution Mode,
    see more in https://github.com/intel/llvm/pull/1612
    
    Co-authored-by: nrudenko <nikita.rudenko@intel.com>

commit 40fd74170c4f7c1bece0e028d7662d8351ac66ff
Author: fineg74 <61437305+fineg74@users.noreply.github.com>
Date:   Mon Aug 22 06:18:46 2022 -0700

    Add support for toolchain compilation with LLVM_LINK_LLVM_DYLIB option (#1543)

commit 1ea77d2394f58eb1729ca7ab462f29f7c341ffa9
Author: Joshua Cranmer <joshua.cranmer@intel.com>
Date:   Fri Aug 19 14:28:41 2022 -0400

    Mass add -emit-opaque-pointers for tests that don't require changes.

commit 71e01b53a8ac7b0c15f4bb3cd73bcefdcc137954
Author: Jakub Czarnecki <jakub.czarnecki@intel.com>
Date:   Mon Aug 22 10:20:44 2022 +0200

    Dot product bugfix to include more floating point types (#1578)
    
    Switched the visitCallDot check to use isFloatingPointTy for scalar
    floating point operands. Bugfix for previous change regarding
    integer dot product.

commit 2c247b7c6ac5804f4410bafd6784dc250ac277ac
Author: Sven van Haastregt <sven.vanhaastregt@arm.com>
Date:   Thu Aug 18 10:07:46 2022 +0100

    Fix a -Wmaybe-uninitialized warning
    
    `MDWrapper::get` may not fill its argument in error cases, so
    initialize `Arg` to an all-ones value.

commit 20a1fd783817b5399a1349eeedaac539e4619b00
Author: Sven van Haastregt <sven.vanhaastregt@arm.com>
Date:   Thu Aug 18 09:46:20 2022 +0100

    [CI] Upgrade to Ubuntu 20.04
    
    The Ubuntu 18.04 image is marked deprecated [1], so move to a newer
    image.
    
    [1] https://github.com/actions/runner-images

commit 160f0131147e9ae0b99443b78a33ea8fc0a4fbcf
Author: Sven van Haastregt <sven.vanhaastregt@arm.com>
Date:   Fri Aug 12 17:28:48 2022 +0100

    [NFC] Remove 2 unused SPCV_ macros

commit 42cf770344bb8d0a32db1ec892bee63f43d793b1
Author: Joshua Cranmer <joshua.cranmer@intel.com>
Date:   Fri Aug 12 10:06:46 2022 -0400

    Use TypedPointerType in lieu of PointerIndirectPair in mangleBuiltin. (#1568)

commit e2bb479596b47426e8e9421ff1b5cc5a0be450fd
Author: Joshua Cranmer <joshua.cranmer@intel.com>
Date:   Fri Aug 12 07:20:54 2022 -0400

    Drop the JointMatrixINTEL struct-renaming pass when opaque pointers are enabled. (#1570)
    
    The frontend is being changed to lower the struct name to the correct LLVM name
    directly, obviating the need for this check. See
    https://github.com/intel/llvm/pull/6535 for this change.
    
    This marks the removal of the final call to the deprecated method
    Type::getPointerElementType, although there remains some code that is not fully
    working with opaque pointers enabled.

commit 4dd494ed3f33440de0dd86c4b398832fadf55483
Author: Sven van Haastregt <sven.vanhaastregt@arm.com>
Date:   Wed Aug 10 10:09:21 2022 +0100

    .clang-tidy: temporarily disable misc-const-correctness
    
    This is a relatively new check added to clang-tidy by 46ae26e7eb70
    ("[clang-tidy] implement new check 'misc-const-correctness' to add
    'const' to unmodified variables", 2022-07-24).  Currently the code
    base doesn't follow the practice of declaring variables `const`
    where possible, which makes the check quite noisy, so disable it for
    now.

commit 75d16c218eb05725887d9fc48a5a488e6d9100e7
Author: Sven van Haastregt <sven.vanhaastregt@arm.com>
Date:   Tue Aug 9 09:51:55 2022 +0100

    Move to C++17
    
    LLVM has switched to C++17 with commit b1356504e63a ("[LLVM] Update
    C++ standard to 17", 2022-08-06).

commit 87f8a58252ff91a75c524362f3dd4d452872108e
Author: Sven van Haastregt <sven.vanhaastregt@arm.com>
Date:   Mon Aug 8 21:13:33 2022 +0100

    Restore getArgIndex in OCLTypeToSPIRV (#1567)
    
    * Update for LLVM Optional API changes
    
    Update for LLVM commit b5f8d42efe3e ("[ADT] Deprecate
    Optional::{hasValue,getValue} (NFC)", 2022-08-07).
    
    This is a mechanical replacement of `hasValue` to `has_value` and
    `getValue` to `value`.
    
    * Restore argument tracing in OCLTypeToSPIRV
    
    Commit 4a9c78ee ("Prepare SPIRVWriter for type conversion without
    opaque pointers. (#1499)", 2022-06-20) removed `getArgIndex` in favor
    of passing `Idx`, but this leads to incorrect adaptation of argument
    types if sampler arguments are not in the same position between
    different functions.
    
    We might be able to drop `adaptArgumentsBySamplerUse` entirely, as we
    don't represent samplers as i32 anymore; but for now just fix the
    regression.
    
    Fixes https://github.com/KhronosGroup/SPIRV-LLVM-Translator/issues/1562

commit ffeb4df290c8ebf9945f0d3bea8539d6dd286caa
Author: Sven van Haastregt <sven.vanhaastregt@arm.com>
Date:   Mon Aug 8 09:59:59 2022 +0100

    Update for LLVM Optional API changes
    
    Update for LLVM commit b5f8d42efe3e ("[ADT] Deprecate
    Optional::{hasValue,getValue} (NFC)", 2022-08-07).
    
    This is a mechanical replacement of `hasValue` to `has_value` and
    `getValue` to `value`.

commit a827fb0173d38ff1a2fb54bde0be85d3a087915f
Author: Andrei Elovikov <andrei.elovikov@intel.com>
Date:   Tue Aug 2 13:32:27 2022 -0700

    Support SYCL 2020 namespace (::sycl) for SYCL Half/BFloat16 types
    
    In SYCL 2020 the "::cl::sycl" has been changed to "::sycl". Update SYCL
    half type support to account for that.

commit c5b29f292bf06bd59982f629068dee2320196114
Author: Sven van Haastregt <sven.vanhaastregt@arm.com>
Date:   Wed Aug 3 16:12:24 2022 +0100

    Suppress some clang-tidy errors
    
    Split the .clang-tidy check lists out over multiple lines to improve
    readability.
    
    Suppress `misc-non-private-member-variables-in-classes` as the code
    currently contains many instances that fail this check.
    
    Drop `constexpr` from `LoopControlLoopCountINTELMask` after clang
    started diagnosing this with b36453530418 ("[Clang] Diagnose
    ill-formed constant expression when setting ...", 2022-07-28).
    Removing `constexpr` is just a workaround, the long term fix would be
    to upstream the new enum value to `spirv.hpp`.

commit 06709c197b1486d971e5870a45377e0eb701a72c
Author: Sven van Haastregt <sven.vanhaastregt@arm.com>
Date:   Tue Aug 2 16:44:49 2022 +0100

    [NFC] Fix "SPRI" typo

commit 7aa1fd26138d7afc607e2f05c6796d8ccbcb67aa
Author: Sven van Haastregt <sven.vanhaastregt@arm.com>
Date:   Wed Jul 27 09:53:06 2022 +0100

    Update LLVM version from 15 to 16

commit 1b8a00741caafac50de84f1f860b78e702722585
Author: Alexey Bader <alexey.bader@intel.com>
Date:   Wed Jul 27 05:51:51 2022 -0700

    [NFC] Initialize work group size variables

commit 70ebd9b82edb5d8aca04a3e8bbc5c07e4da56e5b
Author: Sven van Haastregt <sven.vanhaastregt@arm.com>
Date:   Thu Jul 21 11:02:02 2022 +0100

    [NFC] Let setMinSPIRVVersion take a VersionNumber
    
    This avoids the need for casts at each call site.

commit c8cd2f6895091f84823d94a661753c0a9765a7a7
Author: Jakub Czarnecki <jakub.czarnecki@intel.com>
Date:   Fri Jul 22 10:34:36 2022 +0200

    Fix integer dot product translation (#1174)
    
    Fix translation of IR from source when dot function is called
    with integer arguments (ints, vectors of chars or shorts)
    to properly support cl_khr_integer_dot_product extension.
    Previously it translated calls such as dot(uchar4, uchar4) into
    OpDot %i8, which is wrong because OpDot only operates on
    floating point types.

commit 0eb9a7d2937542e1f95a4e1f9aa9850e669dc45f
Author: Joshua Cranmer <joshua.cranmer@intel.com>
Date:   Thu Jul 21 05:05:37 2022 -0400

    [OpaquePtr] Pass pointer type information into mangleBuiltin. (#1549)
    
    This includes a rejigging of the BuiltinFuncMangleInfo to actually act as the
    source of information to pass this information into.
    
    Only some of the call sites of mangleBuiltin have been properly updated to pass
    in the pointer type element information. The various mutateCallInst* callers
    have yet to be updated, so those methods are temporarily relying on querying
    getPointerElementType() to generate this information.

commit 6904b388c1a115dbb634b9a194091af84e191a39
Author: Daniel Woodworth <daniel.woodworth@intel.com>
Date:   Wed Jul 13 17:07:29 2022 -0400

    Fix out of bounds access in SPIRVToOCLBase::mutateArgsForImageOperands
    
    When called from visitCallSPIRVImageReadBuiltIn, Args only has three
    elements and ImOpArgIndex is 2. This has been causing this function to
    "update" an argument past the end of the vector, which caused a crash
    when running transcoding/image_signedness.ll on Windows because the
    debug build in Windows has bounds checking on std::vector.
    
    With this change, it should update the correct (and not past the end)
    argument instead and satisfy the Windows bounds checks.

commit 2f69af2cec69d9b6770dddfdfd5ec25079ace132
Author: Sven van Haastregt <sven.vanhaastregt@arm.com>
Date:   Mon Jul 11 13:30:55 2022 +0100

    XFAIL constantexpr test after LLVM float binop removal
    
    LLVM commit 4bb7b6fae3be ("[IR] Remove support for float binop
    constant expressions", 2022-07-12) caused this test to fail.

commit 0fe726f5a6d3617b3122f8d000b00b9c90df7719
Author: Alexey Bader <alexey.bader@intel.com>
Date:   Tue Jul 12 17:00:23 2022 +0300

    Add -emit-opaque-pointers flag (#1545)
    
    This option is useful for testing opaque pointers support and controlled
    transition of lit tests.

commit e66b2d6873ff82ff6f0fbb776b33f3b579477c24
Author: Sven van Haastregt <sven.vanhaastregt@arm.com>
Date:   Mon Jul 11 13:30:55 2022 +0100

    XFAIL test after LLVM ConstantExpr change (#1544)
    
    LLVM commit 8edb9c3c56e8 ("[ConstantExpr] Don't create float binop
    expressions", 2022-07-08) caused this test to fail.  XFAIL the test to
    get CI green again.

commit bb4ead0d84870afe1f6f4ce829ba985b1b7950c7
Author: Sven van Haastregt <sven.vanhaastregt@arm.com>
Date:   Wed Jun 29 17:14:47 2022 +0100

    Use Sign/ZeroExtend image operands for read/write_image
    
    Emit (in OCLToSPIRV) and decode (in SPIRVToOCL) the SignExtend and
    ZeroExtend Image Operands introduced by SPIR-V version 1.4 to preserve
    signedness of image read and write operations.  This allows
    distinguishing between e.g. `read_imagei` and `read_imageui` and
    enables a lossless LLVM -> SPIR-V -> LLVM conversion for those OpenCL
    builtins.
    
    Before SPIR-V 1.4, there was no way to represent the signedness of the
    image operations and llvm-spirv defaulted to signed.  This commit
    leaves that behaviour unchanged if llvm-spirv's maximum version is set
    to SPIR-V 1.3 or below.  Add the `--spirv-max-version=1.3` flag to
    some tests that rely on the old behaviour.

commit 18d1f41f4d168bf3ea99263155e83350016bb6fe
Author: Sven van Haastregt <sven.vanhaastregt@arm.com>
Date:   Wed Jun 29 14:05:49 2022 +0100

    [NFC] Use mutateArgsForImageOperands for SPIRVImageReadBuiltIn

commit 0af7e643bb8eb4c94ef336ef0f4ae3a10321e763
Author: Joshua Cranmer <joshua.cranmer@intel.com>
Date:   Fri Jul 8 06:24:24 2022 -0400

    Implement support for @llvm.sadd.sat intrinsic. (#1524)
    
    * Implement support for @llvm.sadd.sat intrinsic.
    * Rename LowerSaddWithOverflow to LowerSaddIntrinsics.

commit 9b280f4ed0720031afff35ea9578cc0c0b132d2b
Author: Joshua Cranmer <joshua.cranmer@intel.com>
Date:   Fri Jul 1 14:23:55 2022 -0400

    Fix some mangling bugs in the Itanium name mangler.
    
    Substitution rules in Itanium mangled names are unfortunately more complex and
    harder to parse than they should be, and there were two bugs that cropped in the
    current implementation (as found by running c++filt on the resulting names and
    discovering that they didn't demangle correctly).
    
    The first bug was that unqualified names double-registered the underlying
    pointer type. A mangled pointer type like PU3AS419__spirv_DeviceEvent should
    generate three substitutable names:
    *       19__spirv_DeviceEvent [a user-defined type gets an entry]
    *  U3AS419__spirv_DeviceEvent [qualifiers of a pointer get an entry]
    * PU3AS419__spirv_DeviceEvent [the pointer as a whole gets an entry]
    
    However, if there's no qualifiers--we get a P19__spirv_DeviceEvent instead--
    the original code was still adding multiple entries as follows:
    *  19__spirv_DeviceEvent [a user-defined type gets an entry]
    *  19__spirv_DeviceEvent [qualifiers of a pointer, but there are none!]
    * P19__spirv_DeviceEvent [the pointer as a whole gets an entry]
    
    The second bug is in the representation of the block pointer type for kernels:
    this is mangled as U13block_pointerFvvE. This type actually gets two entries:
    *                 FvvE [void(void) function type]
    * U13block_pointerFvvE [block_pointer-qualified function type]
    
    We weren't adding any entries for either of these types, causing later type
    entries to be offset by two. With this patch, these type entries *still* aren't
    added, so the mangling is incorrect if multiple block types are present in a
    function declaration. Since such functions don't exist for OpenCL/SPIR-V, it's
    okay that these cases are not correctly handled.

commit 21fee92cd738a26e82f421416a660325b6fede26
Author: Joshua Cranmer <joshua.cranmer@intel.com>
Date:   Fri Jul 1 07:46:56 2022 -0400

    Scavenge type parameters for use in translating opaque pointers. (#1512)
    
    This change is incomplete, and will not properly convert every single LLVM IR
    file to SPIR-V. However, it will convert many files. Areas that are known to
    require more investigation:
    * ptr-valued extractvalue, especially from cmpxchg instructions
    * return values of functions
    * llvm.*.annotation support
    * function pointer extensions
    * pointer types in structs

commit 522d8f9134490b72fa11ccc687707e00408464f9
Author: Sven van Haastregt <sven.vanhaastregt@arm.com>
Date:   Fri Jun 24 16:16:15 2022 +0100

    Use SPIR-V subarch version if present in triple

commit 82f31a38e4de7c98287ee01e605af3a7011cd726
Author: Sven van Haastregt <sven.vanhaastregt@arm.com>
Date:   Mon Jun 27 17:07:38 2022 +0100

    [NFC] Separate image operand and LoD handling

commit 2892a1ec1bab23a95dd0fe14eb8527c95ad5c2d6
Author: Sven van Haastregt <sven.vanhaastregt@arm.com>
Date:   Mon Jun 27 17:07:31 2022 +0100

    [NFC] Factor out mutateArgsForImageOperands

commit 47f96697182d8f65d28e59f690a5b5b7d3d0949f
Author: Sven van Haastregt <sven.vanhaastregt@arm.com>
Date:   Mon Jun 27 16:43:39 2022 +0100

    [NFC] Restrict access to some SPIRVToOCLBase members

commit 09749079fb73f3b0e799adf7955dfbb8bb63afb4
Author: Sven van Haastregt <sven.vanhaastregt@arm.com>
Date:   Tue Jun 28 11:28:52 2022 +0100

    [CI] Exclude some files from code style checks
    
    Some files cannot be parsed on their own as they for example require a
    macro to be defined.  To avoid spurious failures of clang-tidy,
    exclude such files from the code style checks.
    
    Remove spirv.hpp from the list as it is no longer in the tree.

commit ae904012e2739fa152412e0f1bfc8eb32a808854
Author: Sven van Haastregt <sven.vanhaastregt@arm.com>
Date:   Wed Jun 15 15:46:45 2022 +0100

    [CMake] Enable LLVM_BUILD_TOOLS for out-of-tree builds
    
    This ensures the llvm-spirv tool is added to the "all" target, so that
    it is included when installing the project.

commit 30fb15c11f0dc5be04fddb0b3798098ca1ee0ea4
Author: Sven van Haastregt <sven.vanhaastregt@arm.com>
Date:   Wed Jun 22 14:03:20 2022 +0100

    Fix UB when validating spirv-ext option
    
    When passing `spirv-ext=,`, SPVExt will contain empty strings.
    Calling `front` on an empty string is undefined behavior, so first
    ensure that the string is not empty.

commit 14b843b6a5af382c43a2e2d999a5f57614d49812
Author: Sven van Haastregt <sven.vanhaastregt@arm.com>
Date:   Wed Jun 22 14:01:15 2022 +0100

    Fix excess kernel_arg_type_qual entry in test
    
    The metadata had 7 entries whereas the function only has 6 parameters,
    causing foreachKernelArgMD to read past the end of an std::vector.

commit a49de2a30cb31cd4e2e7643eb62f5f98feae1756
Author: Sven van Haastregt <sven.vanhaastregt@arm.com>
Date:   Wed Jun 15 11:54:46 2022 +0100

    Add SPV_KHR_subgroup_rotate support
    
    Add support for mapping the SPV_KHR_subgroup_rotate extension
    operations to and from SPIR-V friendly IR, as well as to and from the
    cl_khr_subgroup_rotate OpenCL extension.
    
    Specifications:
     - https://github.com/KhronosGroup/SPIRV-Registry/blob/main/extensions/KHR/SPV_KHR_subgroup_rotate.html
     - https://www.khronos.org/registry/OpenCL/specs/3.0-unified/html/OpenCL_Ext.html#cl_khr_subgroup_rotate

commit 2a8f52469527346c8cc3cf12371a2fe7592e285f
Author: Sven van Haastregt <sven.vanhaastregt@arm.com>
Date:   Mon Jun 20 11:25:54 2022 +0100

    Fix build by reverting a ValueMap back to std::map
    
    Commit 4a9c78ee ("Prepare SPIRVWriter for type conversion without
    opaque pointers. (#1499)", 2022-06-20) changed
    `OCLTypeToSPIRVBase::AdaptedTy` to a `ValueMap`, but that made
    `OCLTypeToSPIRVBase` non-movable and non-copyable.  Landing eb8e9adc
    ("Migrate SPIRVWriter to new PassManager", 2022-06-20) on top caused a
    build breakage.

commit eb8e9adc7b05ab89c59b63286e4a34f188748b59
Author: Sven van Haastregt <sven.vanhaastregt@arm.com>
Date:   Mon Jun 13 12:38:33 2022 +0100

    Migrate SPIRVWriter to new PassManager

commit eb53f79d1b830fb7c1d70271a20106b84c412276
Author: Sven van Haastregt <sven.vanhaastregt@arm.com>
Date:   Mon Jun 13 11:23:23 2022 +0100

    Initialize some member variables

commit b21bd84cf3a50ef315c13097c4abac78ce580c41
Author: Sven van Haastregt <sven.vanhaastregt@arm.com>
Date:   Thu May 19 17:04:33 2022 +0100

    Clear OCLTypeToSPIRV at start
    
    The pass is no longer being reallocated after each run when running
    from the new PassManager.

commit 4a9c78eea1561c55e9acbded1c2e9b3181f7b971
Author: Joshua Cranmer <joshua.cranmer@intel.com>
Date:   Mon Jun 20 04:55:40 2022 -0400

    Prepare SPIRVWriter for type conversion without opaque pointers. (#1499)
    
    This changeset is, by itself, not yet enough to get most SPIR-V files to be
    emitted when the input module is in opaque pointer mode. However, this does
    remove all of the calls to `getPointerElementType` that SPIRVWriter makes
    (directly or indirectly), except for the ones that directly correspond to
    translating a pointer type.
    
    A later changeset will add a type scavenger that will be used to find the
    pointee type of a pointer. All calls to `getPointerElementType` that remain
    after this one will be instead shifted to query the type scavenger instead. To
    facilitate this change, several methods are added to avoid querying pointer
    element types, and they have been added in several places where their need is
    known.
    
    The most basic of basic kernels, those that do not use pointer types (other than
    declaring global values and functions) will work in opaque pointer mode with
    this changeset.

commit 3f5e65d55e451f459259afcfe012f834d4fadf59
Author: Sven van Haastregt <sven.vanhaastregt@arm.com>
Date:   Tue Jun 14 11:08:55 2022 +0100

    Update SPIRV-Headers
    
    Update the SHA-1 of the SPIRV-Headers dependency to 5a121866927.
    Regenerate the header files using the newer spirv.hpp.  The generated
    .h files had to be tweaked manually due to various internal additions.

commit 1c435a82c1b6a3f3570bbdb67d23c878bb779670
Author: Sven van Haastregt <sven.vanhaastregt@arm.com>
Date:   Tue Jun 14 12:49:08 2022 +0100

    Update for AllocaInst::getAlignment API removal
    
    Update for LLVM commit b4cf74dc9e85 ("[NFC] Remove dead code",
    2022-06-14) which removed the getAlignment method.

commit e4862b74c8157b0192385a760392a39afabdd48c
Author: Daniel Woodworth <daniel.woodworth@intel.com>
Date:   Mon Jun 13 16:00:44 2022 -0400

    [NFC][Alignment] Use getAlign in SPIRVWriter
    
    LLVM is removing the getAlignment method from LoadInst and StoreInst in
    these commits:
    
    * https://github.com/llvm/llvm-project/commit/8865700f905173b71932cc241b5d36600343f425
    * https://github.com/llvm/llvm-project/commit/2b89a4dc51d539cefd3628775883a32c9dd6fc64
    
    This change fixes build errors with these LLVM changes by replacing the
    remaining uses of getAlignment in SPIRVWriter with getAlign.

commit dc9e645917b106332cdf46a790a9481d44282a96
Author: Sven van Haastregt <sven.vanhaastregt@arm.com>
Date:   Thu Jun 9 09:38:02 2022 +0100

    [NFC] Use only one PassManager in SPIRVWriter
    
    Factor out common code, in preparation of transitioning SPIRVWriter to
    the new PassManager.

commit 583d365ab26669eeeb623a21713bbc7ab97820f1
Author: Haonan Yang <haonan.yang@intel.com>
Date:   Fri Jun 10 15:55:13 2022 +0800

    Translate atomic_fetch_sub to OpAtomicFAddEXT with negative value ope… (#1492)
    
    Translate atomic_fetch_sub to OpAtomicFAddEXT with negative value operand
    
    Signed-off-by: Haonan Yang <haonan.yang@intel.com>

commit 8546d9924536e1b351cd04dbe6b83f02f62fc045
Author: Sven van Haastregt <sven.vanhaastregt@arm.com>
Date:   Wed Jun 8 13:08:52 2022 +0100

    Remove 'using namespace llvm' from some headers

commit 337b171131b13487e280752c92508ded4291aff6
Author: Sven van Haastregt <sven.vanhaastregt@arm.com>
Date:   Fri May 20 17:34:02 2022 +0100

    [NFC] Move pass declarations into separate header files
    
    Prepare for migrating SPIRVWriter to the new PassManager by making
    sure the new non-legacy pass declarations are visible outside of their
    .cpp file.

commit 76e181ec6de56d8b24d509c0c39691e9754fb1b5
Author: Joshua Cranmer <joshua.cranmer@intel.com>
Date:   Tue Jun 7 05:01:15 2022 -0400

    Recover SPIR-V opaque types from demangling function names. (#1477)
    
    The centerpiece of this patch is the addition of getParameterTypes function,
    which will parse out the pointee struct types using LLVM's built-in Itanium
    demangling interface (which is unfortunately not easy to use). Passing this
    information along via llvm StructTypes was chosen to minimize the impact of
    this change on caller code; it is likely that a future cleanup patch to use
    an enum or similar mechanism to represent possible SPIR-V struct types would
    be advisable.
    
    A side effect of this change is that several helper methods that query
    pointer element types can be eliminated, which does lead to some cleanup that
    got tangled up in the demangler-enabling work.
    
    Extra function calls to getPointerElementType() are temporarily added to
    disentangle this patch from work moving OCLTypeToSPIRV to store pointee types
    rather than pointer types; this will likely be fixed as part of the effort to
    get SPIRVWriter working with opaque pointer types.

commit 2b32eb9f9335b4d471593cfc987a0df73b0ef1aa
Author: Sven van Haastregt <sven.vanhaastregt@arm.com>
Date:   Mon Jun 6 11:44:07 2022 +0100

    Disable opaque pointers for tests
    
    Temporarily explicitly disable opaque pointers for tests, after LLVM
    commit 41d5033eb162 ("[IR] Enable opaque pointers by default",
    2022-06-02).

commit 1e0b516146f023ae47d31c37caf0522cb3991a83
Author: Sven van Haastregt <sven.vanhaastregt@arm.com>
Date:   Mon Jun 6 11:42:28 2022 +0100

    Disable opaque pointers when converting SPIR-V to LLVM
    
    Temporarily disable opaque pointers when running `llvm-spirv -r`,
    after LLVM upstream commit 41d5033eb162 ("[IR] Enable opaque pointers
    by default", 2022-06-02).

commit 90128f39bedffeaa48fed6c66cdb363b0dac0870
Author: Joshua Cranmer <joshua.cranmer@intel.com>
Date:   Tue May 31 14:28:13 2022 -0400

    Don't use not --crash to check for report_fatal_error messages.
    
    In https://reviews.llvm.org/D126550, report_fatal_error was changed to not use
    the abort function, which means it no longer registers as a crash by the
    definition of not --crash.

commit 24c5671d54f899f159047779097865822ea302c5
Author: Sven van Haastregt <sven.vanhaastregt@arm.com>
Date:   Tue May 31 15:04:59 2022 +0100

    Fix some typos

commit 6db0f312c918bba14a731822b38a18726bb4ce09
Author: Sven van Haastregt <sven.vanhaastregt@arm.com>
Date:   Tue May 31 10:51:45 2022 +0100

    [CI] Update for branch rename

commit 22cf0eace5e29f5506a96e39acf3fea465eff18a
Author: Dmitry Sidorov <dmitry.sidorov@intel.com>
Date:   Sat Mar 26 22:15:58 2022 +0300

    [NFC] Preparations to rename the default branch
    
    Signed-off-by: Dmitry Sidorov <dmitry.sidorov@intel.com>

commit dbf3aee42d565838ad7f74fe0b5bbe0b92c96dd3
Author: Sven van Haastregt <sven.vanhaastregt@arm.com>
Date:   Tue May 31 10:48:46 2022 +0100

    Disable test after LLVM change
    
    An LLVM change in the range 1f06398e96d4..80b3dcc045f8 caused this
    test to fail.  XFAIL the test while investigating.

commit 9de28053fd4525b68f1f0b37c3e4fdeabaa64ff3
Author: Sven van Haastregt <sven.vanhaastregt@arm.com>
Date:   Mon May 23 12:43:38 2022 +0100

    [CI] Fix out-of-tree build by installing mlir-tools
    
    LLVMExports.cmake from already installed packages references files
    from the mlir-tools package.

commit 4b415cb78076690b3c8ea513a2843a6c7f466e9c
Author: Joshua Cranmer <joshua.cranmer@intel.com>
Date:   Mon May 9 15:40:22 2022 -0400

    Remove a few more getPointerElementType() calls.
    
    The change in getScalarOrArrayConstantInt() is not actually exercised by the
    current test suite, and it may be impossible to exercise it given that the
    caller of the function relies on the parameter being a GEP of array type.
    However, this change should correctly deduce the type were it a correct call.
    
    The call in SPIRVRegularizeLLVM is of course unnecessary with opaque pointers:
    addrspacecast can never change the pointee type of a pointer type in such
    scenarios.

commit 1341e546a89e0f519eb8236e096bd14603474e96
Author: Joshua Cranmer <joshua.cranmer@intel.com>
Date:   Wed May 18 14:50:08 2022 -0400

    Remove function pointer cast deletion in SPIRVRegularizeLLVM.
    
    It seems to be another remnant of earlier versions of dealing with block types,
    as it is looking for SPIR-V builtins that have function pointer arguments. With
    blocks now represented as structs, it seems that nothing will trigger this code
    any more. In any case, with opaque pointers, this code becomes unnecessary (as
    the bitcasts that would be deleted won't exist anymore).

commit d06c92387d49488af574c650a57d4fcfba881115
Author: Sven van Haastregt <sven.vanhaastregt@arm.com>
Date:   Thu May 19 13:50:18 2022 +0100

    [NFC] Fix mangled names in test
    
    `clang/lib/AST/ItaniumMangle.cpp` doesn't include any `_t` in the
    mangled name.

commit 3cbf128f157eb82ac7eced76029842beff7bd828
Author: Sven van Haastregt <sven.vanhaastregt@arm.com>
Date:   Thu May 19 10:58:40 2022 +0100

    [NFC] Avoid excess runs of OCLTypeToSPIRV
    
    OCLTypeToSPIRV is an analysis required by other passes, so we don't
    need to run it explicitly.

commit 83b2dfd317d99481aac7c5e8521259096e2207c2
Author: Joshua Cranmer <joshua.cranmer@intel.com>
Date:   Wed May 4 13:48:01 2022 -0400

    Make the LowerBitCast pass support opaque pointers.
    
    This is a relatively large change, as the original pass relied on being able to
    track the initial bitcast <3 x i64>* to <6 x i32>* to know where to start
    rewriting. Instead, this patch starts at the final invalid extractelement call
    and works its way backwards as far as necessary to generate correct code.

commit 1555107a27ddc49bf2f4b7c4cdb54e24616445bf
Author: Joshua Cranmer <joshua.cranmer@intel.com>
Date:   Mon May 9 17:21:58 2022 -0400

    Remove LowerSPIRBlocks pass, as it appears to be obsolete.

commit f727f4d191a766c7c82b5f5ea90be052335fb01a
Author: Joshua Cranmer <joshua.cranmer@intel.com>
Date:   Fri Apr 22 10:48:26 2022 -0400

    Remove more getPointerElementType queries.
    
    Most of this tranche of calls were being used to disambiguate between different
    built-ins that share the same or similar names.
    
    The exception is the change in visitCallSPIRVPipeBuiltin, which is a convoluted
    way of adding a cast to i8 addrspace(4)* if not already i8 addrspace(4)*, so it
    is instead rewritten to check if a cast needs to be added without querying
    getPointerElementType.

commit 55d1de820841e6d9d1c6ca0cd534323d69a1cbf1
Author: Sven van Haastregt <sven.vanhaastregt@arm.com>
Date:   Fri Apr 22 11:51:43 2022 +0100

    [CI] Temporarily allow use of deprecated functions
    
    LLVM commit c99424f76560 ("[IR] Deprecate
    Type::getPointerElementType() (NFC)", 2022-04-20) caused out-of-tree
    builds to fail (as these use `-Werror`).  Replacing all
    `Type::getPointerElementType` calls is a longer term effort so turn
    deprecation errors back into warnings to resume out-of-tree builds.

commit 07a7cca091b7f43d1194095d3dcc7e5e8b43d29b
Author: Joshua Cranmer <joshua.cranmer@intel.com>
Date:   Thu Apr 21 15:49:08 2022 -0400

    Replace uses of Type::getPointerElementType in SPIRVReader.

commit 33012ca3e70e94f3430d55ab637c4b9efd7bf3ea
Author: Joshua Cranmer <joshua.cranmer@intel.com>
Date:   Thu Apr 21 15:45:40 2022 -0400

    Remove more uses of getPointerElementType (part of issue #1444).
    
    This is the easiest tranche of changes: where the pointer element type is
    usually retrieved by looking a little further afield for the element type, or
    via scavenging from sret/byval parameters.

commit 28fdb7ace62ac33af43374f8e52f6479073ae594
Author: Sven van Haastregt <sven.vanhaastregt@arm.com>
Date:   Wed Apr 20 09:51:43 2022 +0100

    .clang-tidy: allow recursion
    
    The code already uses recursion in various places and this check fails
    whenever a change is made in the recursion chain.

commit a6cbadeef4fcb49329d3794e5faa043df830a1dc
Author: Joshua Cranmer <joshua.cranmer@intel.com>
Date:   Wed Apr 13 15:40:43 2022 -0400

    Fix sret attribute to be valid LLVM IR.
    
    The sret attribute is supposed to indicate what would be the pointee type of the
    parameter (to support the transition to opaque pointers). Somehow, the original
    change to this code concluded it was supposed to be a pointer type instead,
    however, for the sret attribute, while the byval attribute was correctly
    handled.

commit e1d70a3f0382e8391acfa503ea2a89f81f132a0f
Author: Sven van Haastregt <sven.vanhaastregt@arm.com>
Date:   Tue Apr 12 11:23:12 2022 +0100

    Temporarily run clang with -no-opaque-pointers
    
    Upstream Clang is generating opaque pointers by default since
    702d5de4380b ("[Clang] Enable opaque pointers by default",
    2022-04-11).  However, the translator isn't ready for that yet, so
    disable opaque pointers temporarily.

commit f11e3a8db8477987f1778890d23eeecf7850c045
Author: Wenwan Xing <wenwan.xing@intel.com>
Date:   Wed Apr 6 22:11:26 2022 +0800

    Support translation of uniform group extension instructions form SPIRV to OCL (#1459)

commit 16acbd8964f4cb693d95675875c1a37e47519093
Author: Leonid Pauzin <leonid.pauzin@intel.com>
Date:   Mon Apr 4 20:44:28 2022 +0300

    Add assertation for FenceInst translation (#1460)

commit 4611812b3b12f37fb69817c0dccd7b06389d0d7a
Author: Sven van Haastregt <sven.vanhaastregt@arm.com>
Date:   Wed Mar 30 16:28:51 2022 +0100

    Migrate SPIRVReader to new PassManager
    
    Co-authored-by: Pedro Olsen Ferreira

commit 348da245f39bd5292f54d164585ceb8a8ffc4933
Author: Dmitry Sidorov <dmitry.sidorov@intel.com>
Date:   Fri Apr 1 17:59:29 2022 +0300

    Add 'Use' parameter to TypeJointMatrixINTEL (#1456)
    
    'Use' is an optional parameter that shows where in a math operation the matrix
    is used. It must be the result of a constant instruction with scalar
    'integer type'.
    
    Spec: intel/llvm#5944
    
    Signed-off-by: Dmitry Sidorov <dmitry.sidorov@intel.com>

commit 28a37e6c601f425b11e4aeac7764e3aab22cec22
Author: Leonid Pauzin <leonid.pauzin@intel.com>
Date:   Thu Mar 31 13:00:48 2022 +0300

    Fix umul.with.overflow.ll test fails (#1458)

commit b298bf44433891c9a2b31d078e96f327374848e6
Author: Leonid Pauzin <leonid.pauzin@intel.com>
Date:   Wed Mar 30 19:58:50 2022 +0300

    Modify getPointerElementType calls (#1457)

commit c65f1902d9fc468662c08f62a07488108d8625c2
Author: Nikita <nikita.kornev@intel.com>
Date:   Tue Mar 29 13:48:38 2022 +0300

    Extend bool arg of shift operations (#1450)
    
    This is a patch to regularize lshr instruction with an i1 argument.
    According to the SPIR-V specification OpShiftRightLogical operands
    should be of integer type.
    
    Co-authored-by: Alexey Sachkov <alexey.sachkov@intel.com>

commit 5d2586dcb2d49250ce22343aee4c65a762c67f40
Author: Nikita <nikita.kornev@intel.com>
Date:   Tue Mar 29 11:13:16 2022 +0300

    Allow OpenCL builtins mangling for non-standard precision integer (#1451)

commit f50abe3ace6b61a82b045b88cffbfa6c1c2a3615
Author: Steffen Larsen <steffen.larsen@intel.com>
Date:   Tue Mar 29 08:48:58 2022 +0100

    Expand annotation-carried decoration parsing (#1446)
    
    The SPIR-V translator currently allows LLVM IR annotation intrinsics to
    carry a selection of INTEL extension decorations as part of the string
    in its second argument. These changes expand the parsing of these to
    allow generic parsing of decorations in annotation strings, identifying
    the decorations by their SPIR-V integer identifiers rather than reserved
    names.
    
    It is legal to have decorations with reserved named specified by their
    SPIR-V integer identifiers, but to allow backwards compatibility the
    reverse translation will use the reserved names for all decorations with
    them.
    
    Signed-off-by: Steffen Larsen <steffen.larsen@intel.com>

commit bc94b7c3a637446748072a9e7fd883724bd6b4e5
Author: Nikita <nikita.kornev@intel.com>
Date:   Tue Mar 29 10:38:13 2022 +0300

    Support SPV_INTEL_complex_float_mul_div extension (#1442)
    
    Spec: https://github.com/intel/llvm/pull/5824
    Intrinsics: https://reviews.llvm.org/D119284
    
    Co-authored-by: Mikhail Lychkov <mikhail.lychkov@intel.com>

commit 1c0bc1c9cefff9bc539185139bd990b20153b774
Author: Nikita <nikita.kornev@intel.com>
Date:   Tue Mar 29 10:33:02 2022 +0300

    Fix wrong DICompositeType size (#1452)
    
    If count = -1 we shouldln't cast it to unsigned

commit 3b00f155ae4061c15a26748d4b20a8a336d6a393
Author: Sven van Haastregt <sven.vanhaastregt@arm.com>
Date:   Tue Mar 22 09:53:30 2022 +0000

    Fix invalid substitutions in test
    
    %break etc are not valid substitutions for llvm-lit.

commit a6a1d4c7d453c1f54d6437f167a002c25b27c561
Author: Nikita <nikita.kornev@intel.com>
Date:   Tue Mar 22 13:11:41 2022 +0300

    Align group-instructions.ll test with the spec (#1448)
    
    According to https://github.com/KhronosGroup/SPIRV-Registry/blob/main/extensions/KHR/SPV_KHR_uniform_group_instructions.asciidoc
    the OpGroupLogicalAnd/Or/Xor X argument and the result type must be
    scalar/vector of bool.

commit cebaf79ef2a2c228d08c278db850a08874273060
Author: Viktoria Maximova <viktoria.maksimova@intel.com>
Date:   Tue Mar 22 12:56:46 2022 +0300

    Remove Bitcast -> llvm.memset optimization in reverse translation (#1447)
    
    It is done in order to avoid llvm.memcpy -> llvm.memset transformation which can
    be an incorrect assumption.
    
    SPIR-V does not have a memset instruction, there is a direct mapping only for
    `llvm.memcpy` to `OpCopyMemory*`.
    To handle `llvm.memset`, the input LLVM IR is lowered by `SPIRVRegularizeLLVM`
    pass. The mentioned optimization tried to restore the memset instruction but it
    surely does not cover all the possible cases (e.g., memcpy is not a memset inst).
    
    Possibly, the number of follow-up fixes for different corner cases can prove
    that the optimization is not absolutely correct, and it's better to rely on
    regularize pass.

commit 8a0235a239f34a19136eafd88c7f515537bab40a
Author: Viktoria Maximova <viktoria.maksimova@intel.com>
Date:   Tue Mar 22 12:37:49 2022 +0300

    Support complex recursive types that use an array of pointers (#1434)
    
    The use of pointer arrays inside the recursive type leads to the SPIR-V IR, where
    the TypePointer is declared after TypeArray. In turn, TypeArray can't handle the
    unknown element type, because the info from TypeForwardPointer is not used.
    
    Now the translator stores forward declared IDs to use them in backward
    translation. It actually means that the translator "knows" about the type but it
    would be handled later.

commit a9b9ca0bb995949fc3b4a04627857a3ae4e74979
Author: Leonid Pauzin <leonid.pauzin@intel.com>
Date:   Thu Mar 17 19:39:38 2022 +0300

    Fix annotation translation when the value is 0 (#1436)
    
    * Fix annotation translation when the value is 0
    
    * Add additional checks and fix comment

commit 950ce8ffa9727925214c2ea71c3465dff71e410f
Author: Nikita <nikita.kornev@intel.com>
Date:   Wed Mar 16 11:34:03 2022 +0300

    Support SPV_KHR_uniform_group_instructions extension (#1253)
    
    This extension adds eight new uniform instructions in SPIR-V to enable
    additional group operations.
    
    Spec: KhronosGroup/SPIRV-Registry#138
    SPIR-V Headers: KhronosGroup/SPIRV-Headers#269
    SPIR-V Tools: KhronosGroup/SPIRV-Tools#4734
    
    Signed-off-by: Nikita Kornev <nikita.kornev@intel.com>

commit f009f45822eec77dc0759b6a8011092533ad744b
Author: Dmitry Sidorov <dmitry.sidorov@intel.com>
Date:   Mon Mar 14 18:22:04 2022 +0300

    Explicitly add 'sret' parameter attribute for builtins (#1438)
    
    * Explicitly add 'sret' parameter attribute for builtins
    
    It's required after:
    commit 2182665305d90ae7d0d2b573dced9ef0ef414a9a
    Author: Nikita Popov <npopov@redhat.com>
    Date:   Fri Mar 11 17:30:34 2022 +0100
    
        [Bitcode] Don't confuse type attributes on declaration and call
    
        We should not be using APIs here that try to fetch the attribute
        from both the call attributes and the function attributes. Otherwise
        we'll try to upgrade a non-existent sret attribute on the call using
        the attribute on the function.
    
    Signed-off-by: Dmitry Sidorov <dmitry.sidorov@intel.com>
    
    * Little refactoring
    
    Signed-off-by: Dmitry Sidorov <dmitry.sidorov@intel.com>

commit 697458fa821303f11557242d6c7c215aa1ca7cb5
Author: Pavel Chupin <pavel.v.chupin@intel.com>
Date:   Mon Mar 14 01:21:28 2022 -0700

    Rename TARGET_TRIPLE to LLVM_TARGET_TRIPLE (#1437)
    
    Required after this change done in LLVM upstream:
    
        commit 0c0f6cfb7b9fab0ee69ef67ed95c194698c9d794
        Author: Petr Hosek <phosek@google.com>
    
        [CMake] Rename TARGET_TRIPLE to LLVM_TARGET_TRIPLE
    
        This clarifies that this is an LLVM specific variable and avoids
        potential conflicts with other projects.
    
        Differential Revision: https://reviews.llvm.org/D119918
    
    Can be observed as:
    lit.py: /usr/lib/llvm-15/build/utils/lit/lit/llvm/config.py:304: fatal:
    Could not turn '' into Itanium ABI triple

commit aa867b76a78a3ce79f7d2abe81857f9c9c2c607a
Author: Dmitry Sidorov <dmitry.sidorov@intel.com>
Date:   Fri Mar 11 16:38:55 2022 +0300

    [NFC] Replace CHECK to CHECK-DAG in new test (#1435)
    
    Signed-off-by: Dmitry Sidorov <dmitry.sidorov@intel.com>

commit fd9d8f36b0886006eefe7a9bac6509d296c4744d
Author: Leonid Pauzin <leonid.pauzin@intel.com>
Date:   Fri Mar 11 16:38:22 2022 +0300

    Fix translation for matrix slicing with bfloat16 (#1427)

commit b5b102e58f55a58f33599400d0d9f80adb6dcc85
Author: Feng Zou <feng.zou@intel.com>
Date:   Fri Mar 11 21:14:58 2022 +0800

    Fix argument attributes for SPIRV -> OCL group builtins (#1412)
    
    The first argument or first two arguments are not used as arguments in
    new call instruction to OCL group builtins, so the related attributes
    should be removed from attributes of new call instruction.

commit 9bdfc3eb71563c3e4219c1caa08099d2d071db7f
Author: Nikita <nikita.kornev@intel.com>
Date:   Thu Mar 10 12:27:02 2022 +0300

    Support cl_bf16_conversions (#1406)
    
    OpenCL specification: KhronosGroup/OpenCL-Docs#762
    SPIR-V: https://github.com/intel/llvm/blob/sycl/sycl/doc/design/spirv-extensions/SPV_INTEL_bfloat16_conversion.asciidoc

commit 1538cf59bb1f4db549cd7ec9ebb65b5db1875144
Author: Viktoria Maximova <viktoria.maksimova@intel.com>
Date:   Sat Mar 5 19:19:51 2022 +0300

    Replace assertions with friendlier checkError() in `transMetadataDecorations()` (#1422)

commit 3ec8fedb74bb124f8e71c5432ba80f0497b48c50
Author: Andrey Tretyakov <andrey1.tretyakov@intel.com>
Date:   Sat Mar 5 13:47:39 2022 +0300

    Improve lit tests: added missed parameters to make its more robust and reliable (#1430)

commit 7de9b5bb7b2fedbaf218c401043e999e01e33056
Author: Andrey Tretyakov <andrey1.tretyakov@intel.com>
Date:   Sat Mar 5 13:46:37 2022 +0300

    Improve lit tests: replace hardcoded parameters with more robust and reliable values (#1431)

commit d744887784bd12c1faa9acabec77529427c12589
Author: Andrey Tretyakov <andrey1.tretyakov@intel.com>
Date:   Fri Mar 4 15:59:04 2022 +0300

    Fixed some minor errors and typos in lit tests (#1429)

commit 6e70d1c7788f67557fc6148b7b5113e2b500635e
Author: Nikita <nikita.kornev@intel.com>
Date:   Mon Feb 28 13:24:49 2022 +0300

    Support SPV_INTEL_non_constant_addrspace_printf (#1364)
    
    Spec: https://github.com/intel/llvm/pull/5227

commit aded5afb04f02b1b057db96cd9a8a5e9d1ff47fc
Author: Viktoria Maximova <viktoria.maksimova@intel.com>
Date:   Fri Feb 25 15:44:56 2022 +0300

    Translate function attributes (incl. parameter attrs) for entry point kernels (#1409)
    
    * Restore `noalias` parameter attribute test check, removed in 7f168b27.
    * Restore the translation of function attributes and function parameter attributes
      for entry point kernels, accidentally dropped in 85815e7 "add an entry point wrapper around functions".

commit e95ae26018f3718a0b987e7f03c7920db3f34aef
Author: Pavel Chupin <pavel.v.chupin@intel.com>
Date:   Thu Feb 24 01:51:02 2022 -0800

    Fix build fail after LLVM upstream change (#1421)
    
    This header is required after
    
      commit a5bbc6ef99bbc7fcf321326df2889e063ed77004
      Date:   Wed Feb 23 01:20:48 2022 -0800
    
      [NFC] Remove unnecessary "#include"s from header files

commit 25fc23d1855285d7f014a1f3517c1afd14323a67
Author: Anatoly Parshintsev <anatoly.parshintsev@intel.com>
Date:   Mon Feb 21 20:45:34 2022 +0300

    disable spirv-val since it seems that it does work well with existing sw stack

commit ee391eab2a8bd17e075443a77856f9954be26a57
Author: Anatoly Parshintsev <anatoly.parshintsev@intel.com>
Date:   Mon Feb 21 18:15:42 2022 +0300

    fixed discarding of debug info metadata by SPIRVLowerBool pass
    
    SPIRVLowerBool pass silently discards line information
    producing IR without !dbg nodes arrached.
    This commit addresses this issue and adds test

commit f797de28e4f2d87e0f401faa453460f1e6e5a7ee
Author: Wenju He <wenju.he@intel.com>
Date:   Fri Feb 18 15:38:33 2022 +0800

    Fix SPIRV -> OCL barrier call argument attributes (#1407)
    
    The first arg of CI is not used as arg in NewCI. So its attribute should
    be removed from attributes of NewCI.

commit a46d8a65cbadc1defa1a2815cd53630699af986e
Author: DmitryBushev <dmitry.bushev@intel.com>
Date:   Tue Feb 8 13:22:23 2022 +0300

    Move SPV_INTEL_memory_access_aliasing tokens from spirv_internal
    
    SPV_INTEL_memory_access_aliasing is implemented inside SPIRV-Headers
    and moved out from spirv_internal.hpp

commit e80befeabcfaa4fdf5bc272dacd39b8589ccfc4c
Author: Alexey Sotkin <alexey.sotkin@intel.com>
Date:   Wed Feb 9 17:21:29 2022 +0300

    Fix lit test after changes in Clang (#1402)
    
    This is to adjust tests after https://reviews.llvm.org/D118894, github
    commit: llvm/llvm-project@18834dca2d787fb46532c0b688e396613e132020
    
    Signed-off-by: Alexey Sotkin <alexey.sotkin@intel.com>

commit 3c4c808eb5a54df34a3690b5cc3d5a120f2a0144
Author: Nikita <nikita.kornev@intel.com>
Date:   Wed Feb 9 17:09:57 2022 +0300

    Improve backward compatibility for DISubRange (#1400)
    
    If the SPIR-V file was generated by an older version of the translator, Ops may
    not contain the LowerBound

commit 448d55c9d671591117dcdef1453486cd75a3ba8d
Author: Viktoria Maximova <viktoria.maksimova@intel.com>
Date:   Wed Feb 9 17:08:02 2022 +0300

    Restore asserts accidentally removed in 7452422 (#1401)
    
    The original change (74759ef) introduced assertions in case dyn_cast returns
    nullptr. Restore them back.
    
    https://github.com/KhronosGroup/SPIRV-LLVM-Translator/commit/74759ef334182a32fddf1defa6f3830a87ab1f2b#diff-f8b80fcd2438a87e6b6ec7219f0cd5240975c6eea3a111afa0a4e9332a01f55dR355-R356

commit 6fec8b9b3d3b5fb5bc586bd4b649158f872db5c8
Author: Sven van Haastregt <sven.vanhaastregt@arm.com>
Date:   Wed Feb 9 13:14:40 2022 +0000

    Drop outdated FIXME from test; NFC (#1397)
    
    This has been addressed in commit 4ccb1b29 ("Add convergent attribute
    during reverse translation of OpControlBarrier (#1195)", 2021-09-06).

commit a836197d52aced43f49b7f9a2386424ce734acba
Author: Leonid Pauzin <leonid.pauzin@intel.com>
Date:   Fri Feb 4 20:51:00 2022 +0300

    Implement forward translation for llvm.fence (#1390)
    
    This patch adds forward translation for fence instruction.
    Reverse translation uses OCL builtin for OpMemoryBarrier.
    
    Signed-off-by: Leonid Pauzin leonid.pauzin@intel.com

commit 884c61265cdd83439ae765ba6e9f5ec91312addd
Author: Sven van Haastregt <sven.vanhaastregt@arm.com>
Date:   Thu Feb 3 17:45:29 2022 +0000

    Update LLVM version from 14 to 15 (#1395)

commit 8937ecf4698c9283c92c35b65e5b97e6e0acf869
Author: Viktoria Maximova <viktoria.maksimova@intel.com>
Date:   Thu Feb 3 17:53:08 2022 +0300

    Implement SPV_INTEL_global_variable_decorations extension (#1389)
    
    * Implement SPV_INTEL_global_variable_decorations extension
    
    This change adds support of decorations applied to global variables through
    `spirv.Decorations` metadata in LLVM IR.
    
    These decorations are mostly intended to help code generation for FPGA devices:
    * HostAccessINTEL
    * InitModeINTEL
    * ImplementInCSRINTEL
    
    Spec:
    https://github.com/intel/llvm/blob/sycl/sycl/doc/extensions/DeviceGlobal/SPV_INTEL_global_variable_decorations.asciidoc

commit e02c210fece5f39a97822e56e41fa6e2fdbd1f25
Author: Nikita Kornev <nikita.kornev@intel.com>
Date:   Thu Feb 3 11:05:48 2022 +0300

    Add include to fix the build

commit fb2dd0eb36ae743481c5bdc5021b180b8f06ed7b
Author: Alexey Sotkin <alexey.sotkin@intel.com>
Date:   Fri Jan 28 18:50:06 2022 +0300

    Handle translation of DIArgList with single argument (#1385)
    
    If there are more than one argument in DIArgList, we can't represent it in
    SPIR-V with the current SPIR-V debug info spec. In this case we drop DIArgList
    and DIExpression.
    
    Signed-off-by: Alexey Sotkin <alexey.sotkin@intel.com>

commit ea5ef3fb426f0f933855c7cf27f04e73adf152d7
Author: Nikita <nikita.kornev@intel.com>
Date:   Fri Jan 28 16:51:09 2022 +0300

    Fix VectorExtract&Insert Dynamic with sycl half translation (#1387)
    
    This is a patch to fix forward translation of VectorExtractDynamic with sret
    argument of SYCL half type & fix reverse translation of VectorInsertDynamic
    with component of SYCL half type by adding extra instructions.

commit 7f168b27f95c9061f1be63cddf344456a8178723
Author: Dmitry Sidorov <dmitry.sidorov@intel.com>
Date:   Thu Jan 27 18:31:36 2022 +0300

    [NFC] Fix CHECK strings in the test (#1388)
    
    Signed-off-by: Dmitry Sidorov <dmitry.sidorov@intel.com>

commit ada2fd4f3a39aefc6b0220817558522a0051a480
Author: Alexey Sotkin <alexey.sotkin@intel.com>
Date:   Thu Jan 27 16:34:56 2022 +0300

    Add support for element-wise operations on joint matrix (#1361)
    
    Signed-off-by: Alexey Sotkin <alexey.sotkin@intel.com>

commit ccdbbdb462f4d52240f93b9e8bdc84d742b54006
Author: Steffen Larsen <steffen.larsen@intel.com>
Date:   Thu Jan 27 12:16:05 2022 +0000

    Implements spirv.Decorations and spirv.ParameterDecorations metadata translation (#1346)
    
    This patch adds translation to and from `spirv.Decorations` and
    `spirv.ParameterDecorations` metadata. These metadata nodes represent
    global variable and function parameter decorations respectively,
    allowing explicit decoration in LLVM IR.
    
    Signed-off-by: Steffen Larsen <steffen.larsen@intel.com>

commit d3884d8c2dc7a5f1f2d2aac22b5b9d00a6549566
Author: Wenju He <wenju.he@intel.com>
Date:   Wed Jan 26 21:44:41 2022 +0800

    Move SPIRVLowerConstExprPass to header file (#1373)
    
    So that it could be used in downstream.

commit 745242245566bbbc58652b25f30cdf70abe89c47
Author: Sven van Haastregt <sven.vanhaastregt@arm.com>
Date:   Wed Jan 26 11:11:35 2022 +0000

    Update for PointerType::getElementType deprecation
    
    Update for LLVM commit 184591aeeb5a ("[OpaquePtrs] Deprecate
    PointerType::getElementType()", 2022-01-25).
    
    This commit changes all affected calls to getPointerElementType, which
    is a temporary solution.  Followup work around the
    getPointerElementType calls will be required to align with LLVM's
    opaque pointer changes.

commit 7854a914e67a5914f6f6805b9853fefb6f42bb56
Author: Wenju He <wenju.he@intel.com>
Date:   Tue Jan 25 08:18:29 2022 +0800

    Move OpenCL relational builtin translation to SPIRVToOCL (#1321)
    
    Motivation is to let standalone use of SPIRVToOCL20Legacy
    pass support translating relational builtin in Spirv Friendly IR.
    
    This patch also aligns relational builtin in SPIRV Friendly IR with
    spirv spec. i8 is used for vector boolean type, since clang frontend
    can't generate i1 vector type for spirv builtin yet.
    E.g.
      i32 @_Z11__spirv_AnyDv2_i(<2 x i32>
    is changed to
      i1 @_Z11__spirv_AnyDv2_c(<2 x i8>

commit 85815e725ce5bdc970b812b4bbff73d4b2a44046
Author: Dave Airlie <airlied@redhat.com>
Date:   Tue Jan 25 10:17:44 2022 +1000

    Add an entry point wrapper around functions (llvm pass) (#1149)
    
    SPIR-V spec states:
    "It is invalid for any function to be targeted by both an OpEntryPoint instruction
    and an OpFunctionCall instruction."
    
    In order to satisfy SPIR-V that entrypoints and functions
    must be different, this introduces an entrypoint wrapper around
    functions at the LLVM IR level, then fixes up a few things like
    naming at the SPIRV translation.

commit 2db19ded6a09fd6d0b749c5bcdd9adafdc0dd1dd
Author: Andrzej Ratajewski <andrzej.ratajewski@intel.com>
Date:   Fri Jan 21 17:59:51 2022 +0200

    Fix SPIR-V Friendly IR for MultiReferenceInterlaced opcodes
    
    This change fixes mangling for the following opcodes:
    - `OpSubgroupAvcRefEvaluateWithMultiReferenceInterlacedINTEL`
    - `OpSubgroupAvcSicEvaluateWithMultiReferenceInterlacedINTEL`
    
    Spec: https://github.com/KhronosGroup/SPIRV-Registry/blob/main/extensions/INTEL/SPV_INTEL_device_side_avc_motion_estimation.asciidoc

commit 984ce6e379dd1c563c80435ff035c3138e462846
Author: Nikita Kornev <nikita.kornev@intel.com>
Date:   Mon Jan 10 17:30:20 2022 +0300

    Fix DISubrange translation
    
    If there is count field in DISubrange, then lowerBound may not be equal
    to zero.

commit c2cf42465c726dbb4dad115c6fb7b1d0dd5bf339
Author: Sven van Haastregt <sven.vanhaastregt@arm.com>
Date:   Tue Jan 11 09:14:05 2022 +0000

    Update for AttrBuilder LLVM API change
    
    Update for LLVM commit d2cc6c2d0c2f ("Use a sorted array instead
    of a map to store AttrBuilder string attributes", 2022-01-10).

commit f6f7114f295f8561bc72bb12b31562f5f8fa5971
Author: Dmitry Sidorov <dmitry.sidorov@intel.com>
Date:   Wed Dec 29 12:09:46 2021 +0300

    Represent init/fill joint_matrix instruction as OpCompositeConstruct (#1363)
    
    Signed-off-by: Dmitry Sidorov <dmitry.sidorov@intel.com>

commit 39cae092b65e8a4cd56dfac20cb23a20d1da12b9
Author: Dmitry Sidorov <dmitry.sidorov@intel.com>
Date:   Fri Sep 17 10:36:34 2021 +0300

    Address some static analyzer concerns
    
    The assertions are actually not required here, since all these
    functions are being called from visitCallInst, which has the
    appropriate check. But for the code consistency lets do not
    trust functions' inputs.
    
    Signed-off-by: Dmitry Sidorov <dmitry.sidorov@intel.com>

commit 74759ef334182a32fddf1defa6f3830a87ab1f2b
Author: Dmitry Sidorov <dmitry.sidorov@intel.com>
Date:   Tue Dec 28 17:14:22 2021 +0300

    Change matrix joint type processing (#1360)
    
    Previously we relied on the structure type (which represented matrix
    type) mangling to obtain its layout. Now, when DPCPP magling scheme is
    aligned with C++, thus the structure lost their usual mangling. Yet we
    want to preserve the desired information within the matrix type, coming
    from DPCPP headers. To achive this the 'Matrix structure' was changed
    form:
    template <typename T, int R, int C, int L, int S>
    struct __spirv_JointMatrixINTEL;
    to
    template <typename T, int R, int C, int L, int S>
    struct __spirv_JointMatrixINTEL {
      T (*Value)[R][C][L + 1][S + 1];
    };
    
    so it's no longer an opaque structure and now it look like this in
    LLVM IR:
    %struct.__spirv_JointMatrixINTEL = type { [42 x [6 x [2 x [1 x i32]]]]* }
    
    Here we encode the number of Rows, Cols, Layout and Scope as sizes of an
    array (which element type is the same as the base matrix's type), which
    is a bit odd, but it's probably the best way we can preserve the information now
    without having the matrix type itself in LLVM.
    
    Signed-off-by: Dmitry Sidorov <dmitry.sidorov@intel.com>

commit 225fd3006d290ba18daa617cb2ce20377c1058fb
Author: Dmitry Sidorov <dmitry.sidorov@intel.com>
Date:   Mon Dec 27 13:21:37 2021 +0300

    Revert "[NFC] Align debug tests with recent LLVM community updates (#1318)"
    
    The appropriate patches were reverted in llvm.org
    
    This reverts commit b75aff7ebf5a2ae6fcd4c594b3bc13b5a38d7494.

commit c45c72e469296d76c4eb383bc5f1810c3029fe82
Author: KornevNikita <nikita.kornev@intel.com>
Date:   Tue Dec 28 13:46:43 2021 +0300

    Replace signed createExpression with unsigned (#1362)
    
    The signed version of createExpression was removed in
    llvm/llvm-project@ec501f1

commit 987a1ab37f2260742ccb18b261339d497929dd90
Author: Andrzej Ratajewski <andrzej.ratajewski@intel.com>
Date:   Mon Dec 27 11:07:23 2021 +0100

    Fix SPIRV Friendly IR for OpGenericPtrMemSemantics (#1357)

commit 74dac424c2935a70aa9a14ddfe46a3ed167ea950
Author: Anastasia Stulova <38433336+AnastasiaStulova@users.noreply.github.com>
Date:   Fri Dec 24 12:27:06 2021 +0000

    Document use of SPIRV-Tools with asm output (#1342)
    
    * Document use of SPIRV-Tools with asm output
    
    Co-authored-by: Alexey Sotkin <alexey.sotkin@intel.com>
    Co-authored-by: Sven van Haastregt <sven.vanhaastregt@arm.com>

commit 24c1acad122880f18369fec6b16de0d1cbb7e659
Author: KornevNikita <nikita.kornev@intel.com>
Date:   Thu Dec 23 16:30:06 2021 +0300

    Support DISubrange DIExpression upperBound (#1350)
    
    Expand transDbgArrayType to preserve DISubrange lowerBound. And the case
    when upperBound is DIExpression.

commit e8f1964d0e58aacfe39c8ce7b43b64d6cabaed49
Author: Andrzej Ratajewski <andrzej.ratajewski@intel.com>
Date:   Wed Dec 22 13:17:03 2021 +0100

    Fix SPIR-V Friendly IR generation for OpTypePipe (#1329)

commit a4d0a5398b05b85d45538762a0d3dd9f88b986bb
Author: Andrzej Ratajewski <andrzej.ratajewski@intel.com>
Date:   Tue Dec 21 23:45:48 2021 +0100

    Fix SPIRV Friendly IR generation for OpSubgroupImageMediaBlockReadINTEL (#1336)

commit 352ea14d320da10fcf72c19b46c50020e657c89a
Author: KornevNikita <nikita.kornev@intel.com>
Date:   Tue Dec 21 16:07:34 2021 +0300

    Fix the collection of entry point interfaces (#1334)
    
    This is a patch to expand the collection of entry point interfaces.
    In SPIR-V 1.4 and later OpEntryPoint must list all global variables in the
    interface. Also fix quoted string output in SPIRV text format.
    
    Co-authored-by: Alexey Sotkin <alexey.sotkin@intel.com>

commit c3c3c68bd0438058b92abd00f0704afe1d7fb63e
Author: Viktoria Maximova <viktoria.maksimova@intel.com>
Date:   Tue Dec 21 13:47:40 2021 +0300

    Translate complex nested vector expressions instead of lowering them (#1335)
    
    Allow translator to go deeper into complex nested instructions.
    Enabled a possibility to translate expressions in `extractelement` and binary
    operator instructions (e.g., `fadd`, `fmul`).
    
    Also this change removes lowering for constant expression vector as the
    alternative approach was introduced - to translate any complicated nested
    instruction instead of lowering.

commit 139e50048d678cb583c164cc2bbac341815d8458
Author: Steffen Larsen <steffen.larsen@intel.com>
Date:   Tue Dec 21 10:44:36 2021 +0100

    [docs] Add documentation for decorations metadata (#1319)
    
    This commit adds documentation for two new named metadata nodes:
    `spirv.Decorations` and `spirv.ParameterDecorations`. These metadata
    nodes allow LLVM IR to directly specify SPIR-V decorations on global
    variable and function parameters respectively. The translator should
    traverse these metadata nodes and generate the corresponding SPIR-V
    decoration operations.
    
    Co-authored-by: Greg Lueck <gregory.m.lueck@intel.com>
    Signed-off-by: Steffen Larsen <steffen.larsen@intel.com>

commit aa6cfd48981804a738d406ec78d1539a9ff958e1
Author: Mikhail Lychkov <mikhail.lychkov@intel.com>
Date:   Fri Dec 17 13:55:12 2021 +0300

    Add new SignOfB argument to OpArbitraryFloatPowNINTEL
    
    Signed-off-by: Mikhail Lychkov <mikhail.lychkov@intel.com>

commit 3955723736f3156c4a864b260eb3d743bb3daaef
Author: KornevNikita <nikita.kornev@intel.com>
Date:   Mon Dec 20 15:11:00 2021 +0300

    Preserve DISubrange's upperBound (#1344)
    
    DISubrange must contain count or upperBound. Prior to this patch
    translator preserved only DISubrange's count, so if there is upperBound
    insted of count, the reverse translation will fail, as resulting
    DISubrange will contain nothing.

commit 5f289bae97f2815199a555a0c8151d7e2f36305c
Author: Dmitry Sidorov <dmitry.sidorov@intel.com>
Date:   Sun Dec 12 20:25:42 2021 +0300

    Update SPV_INTEL_hw_thread_queries to rev 2
    
    Replace local id with global id.
    
    Signed-off-by: Dmitry Sidorov <dmitry.sidorov@intel.com>

commit 364502bbc2316a63ec5aa37582148de4953fc6a3
Author: Viktoria Maksimova <viktoria.maksimova@intel.com>
Date:   Fri Dec 10 15:27:05 2021 +0300

    Fix build of check-llvm-spirv target if SPIRV-Tools are not found
    
    The problem is present after beb88bf.
    If SPIRV-Tools are not found during the compilation, the build fails with the
    syntax error in the config file:
    ```
    build/projects/SPIRV-LLVM-Translator/test/lit.site.cfg.py", line 26
        config.spirv_tools_found =
                                  ^
    SyntaxError: invalid syntax
    
    ```

commit b0f8566b8612e5260090a8f50f76724e6ba0a64e
Author: Leonid Pauzin <leonid.pauzin@intel.com>
Date:   Fri Dec 10 15:12:00 2021 +0300

    Modify translation for disable_loop_pipelining metadata (#1323)

commit 6236d1a84a487cb1fa37e63408cec352c57fb47f
Author: Dmitry Sidorov <dmitry.sidorov@intel.com>
Date:   Fri Dec 10 13:00:24 2021 +0300

    Add SPIR-V friendly translation for OpLoad and OpStore (#1320)
    
    This patch should unlock some possibilities to manually write SPIR-V code.
    
    Signed-off-by: Dmitry Sidorov <dmitry.sidorov@intel.com>

commit 02cfd84849df0c29787ddd99d00364e8f904a432
Author: Andrzej Ratajewski <andrzej.ratajewski@intel.com>
Date:   Thu Dec 9 10:18:49 2021 +0100

    Fix return type postfix for SPIR-V Friendly IR (#1303)

commit 9ff95fb870b06e750a4e4880ababe49e7262d980
Author: Andrzej Ratajewski <andrzej.ratajewski@intel.com>
Date:   Wed Dec 8 14:43:53 2021 +0200

    Restrict special handling of sampler OpVariable only to UniformConstant
    
    This is a fixup for aaa3cb328dfc1f56804da28ff949c7428678a00d.

commit b660356ffc79597d38679ce0a0952d67569e129c
Author: KornevNikita <nikita.kornev@intel.com>
Date:   Tue Dec 7 16:17:09 2021 +0300

    Add lowering for llvm.bswap intrinsic (#1304)
    
    Co-authored-by: Mikhail Lychkov <mikhail.lychkov@intel.com>

commit aaa3cb328dfc1f56804da28ff949c7428678a00d
Author: Andrzej Ratajewski <andrzej.ratajewski@intel.com>
Date:   Mon Dec 6 13:52:00 2021 +0200

    Fix translation of OpVariable with OpSamplerType

commit af2f934e2a908741862166fb03f0c51b6a2ec04c
Author: DmitryBushev <dmitry.bushev@intel.com>
Date:   Tue Nov 23 19:14:46 2021 +0300

    Add support for MediaBlockIOINTEL decoration
    
    Implement translation of new MediaBlockIOINTEL decoration
    enabled by capability VectorComputeINTEL.

commit b75aff7ebf5a2ae6fcd4c594b3bc13b5a38d7494
Author: Dmitry Sidorov <dmitry.sidorov@intel.com>
Date:   Mon Dec 6 13:23:37 2021 +0300

    [NFC] Align debug tests with recent LLVM community updates (#1318)
    
    75b622a795 "Reland [DwarfDebug] Support emitting function-local
                          declaration for a lexical block"
    and
    0ac75e82f "Reland [DwarfDebug] Move emission of global vars, types and imports
                       to endModule()"
    
    Signed-off-by: Dmitry Sidorov <dmitry.sidorov@intel.com>

commit beb88bfd46fe0105e33fd94daa024718793ebc3a
Author: Sven van Haastregt <sven.vanhaastregt@arm.com>
Date:   Fri Nov 26 17:16:12 2021 +0000

    Add --spirv-tools-dis option to disassemble using SPIRV-Tools
    
    llvm-spirv's text rendering of a SPIR-V module uses an internal
    non-standard format that is not compatible with any other tools.
    
    Add support for emitting SPIR-V assembly using the more widely used
    SPIR-V Tools format.  This is achieved by linking to SPIRV-Tools and
    invoking its disassembler.  For now, this functionality is only
    available if the SPIRV-Tools package is found at build configuration
    time.
    
    The main motivation for this change is the proposed integration of
    llvm-spirv in Clang.  Particularly, we would like Clang invocations
    such as `clang -S -target spirv` to produce the standard SPIR-V
    assembly format instead of llvm-spirv's internal format.

commit a0bc2bcc35273baa004010f5a55471ffcdeaba2d
Author: Anastasia Stulova <anastasia.stulova@arm.com>
Date:   Wed Dec 1 14:49:32 2021 +0000

    Added support of SPIR-V triple from LLVM.

commit 3c6cc4ef2272b3f8572a849ca1e00a43e21103d9
Author: haonanya <haonan.yang@intel.com>
Date:   Thu Dec 2 17:55:42 2021 +0800

    Convert ldexp scalar arg to vector (#1300)
    
    For OpenCL built-in math functions 'halfn ldexp(halfn x, int k)',
    'floatn ldexp(floatn x, int k)' and 'doublen ldexp (doublen x, int k)',
    convert scalar arg to vector to keep consistency with SPIRV spec.
    Regarding to SPIRV OpenCL Extended Instruction set, k operand must have
    the same component count as Result Type and x operands
    
    Signed-off-by: Haonan Yang <haonan.yang@intel.com>

commit f7b0dcae22ad590f8b6e44c4aece6e5c1ef3be4c
Author: Andrzej Ratajewski <andrzej.ratajewski@intel.com>
Date:   Tue Nov 30 17:50:33 2021 +0200

    Generate seperate constant sampler initializer for each use.
    
    Without this change initializer may not dominate all its uses, since
    initializer is inserted to the basic block where first constant sampler user belongs.

commit 843c4f81495faaef31b01aeb03bd4f505d100e6a
Author: Leonid Pauzin <leonid.pauzin@intel.com>
Date:   Fri Nov 26 17:52:28 2021 +0300

    Fix memory leak after OpInBoundsPtrAccessChain

commit 0fdea74722933181b16f28c177a7bd67a27b407d
Author: Alexey Sotkin <alexey.sotkin@intel.com>
Date:   Wed Dec 1 15:47:48 2021 +0300

    Force some tests to not use instruction-referencing after https://reviews.llvm.org/D114631 (#1302)
    
    Co-authored-by: yubingex007-a11y <bing1.yu@intel.com>

commit b116b73dfba6634d91b414842ed07b030ee8d066
Author: Leonid Pauzin <leonid.pauzin@intel.com>
Date:   Thu Nov 18 18:54:26 2021 +0300

    Apply suggested changes

commit bae113da22a1e20bba10db039831c9fddc7cecfd
Author: Leonid Pauzin <leonid.pauzin@intel.com>
Date:   Wed Nov 17 12:29:38 2021 +0300

    Replace push_back with emplace_back and change name of variable in loops

commit e8de754fa5c12a02001f26893714df8ad57c9836
Author: Leonid Pauzin <leonid.pauzin@intel.com>
Date:   Mon Nov 15 13:40:18 2021 +0300

    Apply requested changes and function comment modify

commit c589ae2140c27b02fb999897672fee99ca029a97
Author: Leonid Pauzin <leonid.pauzin@intel.com>
Date:   Mon Oct 25 13:37:27 2021 +0300

    Fix reverse translation for ap/hls instructions if result type > 64 bit

commit ef0015c775791d57c10d573d1de64b423827a225
Author: Sven van Haastregt <sven.vanhaastregt@arm.com>
Date:   Fri Nov 26 16:45:31 2021 +0000

    [docs] Update --spirv-max-version allowed values

commit e385e9e909ad87f68be5b1609168f40d8bec5be0
Author: KornevNikita <nikita.kornev@intel.com>
Date:   Tue Nov 23 17:19:01 2021 +0300

    Add new decoration for SPV_INTEL_function_pointers (#1281)
    
    Co-authored-by: Mikhail Lychkov <mikhail.lychkov@intel.com>

commit 53943ac4fa51e595a2502ea5748a90edce13c53a
Author: Andrzej Ratajewski <andrzej.ratajewski@intel.com>
Date:   Mon Nov 22 16:01:48 2021 +0200

    Fix SPIR-V Friendly IR mangling for opcodes from SPV_INTEL_device_side_avc_motion_estimation extension

commit 05e183da63b893c4822d2cc9ace747b1e0132b44
Author: Dmitry Sidorov <dmitry.sidorov@intel.com>
Date:   Thu Nov 18 16:56:40 2021 +0300

    Rename OpConstFunctionPointerINTEL to OpConstantFunctionPointerINTEL (#1265)
    
    
    Signed-off-by: Dmitry Sidorov <dmitry.sidorov@intel.com>

commit ad378dfe77397240637cc8744e216fbb043576a8
Author: DmitryBushev <dmitry.bushev@intel.com>
Date:   Tue Nov 16 17:56:07 2021 +0300

    Enable transVCMetadata flow for all functions
    
    Temporary disable check for VCFunction attribute.

commit a9a5c919842b900b898f5f234a6f6ed0017c6986
Author: Viktoria Maximova <viktoria.maksimova@intel.com>
Date:   Thu Nov 18 16:22:47 2021 +0300

    Support DW_OP_LLVM_arg DWARF operation (#1279)

commit 1cad18c0c448650d1cc3f18f6077360a98a752f9
Author: Sven van Haastregt <sven.vanhaastregt@arm.com>
Date:   Fri Nov 12 16:45:06 2021 +0000

    Remove builtin prototypes from tests
    
    Clang has these prototypes since 85eb12eefdf6 ("[OpenCL] Add
    declarations with enum/typedef args", 2021-02-24) and 724f0e2abb0c
    ("[OpenCL] Add cl_khr_extended_bit_ops", 2021-07-21).

commit b30b51f1b2b6ead86cea17996dbd281a82ddefd3
Author: Sven van Haastregt <sven.vanhaastregt@arm.com>
Date:   Mon Nov 1 16:54:36 2021 +0000

    Tidy up .gitignore

commit ab56cdb89fcdd35c664f731effc6c0d47ea8c441
Author: Sven van Haastregt <sven.vanhaastregt@arm.com>
Date:   Tue Nov 9 10:25:07 2021 +0000

    Update for LLVM ElementCount API change
    
    Update after LLVM commit 1ea4296208e6 ("[NFC] Remove from
    UnivariateLinearPolyBase::getValue().", 2021-11-04).

commit ebd464d1b0831ed495f39c25d0fc0d238b4ca11f
Author: aratajew <andrzej.ratajewski@intel.com>
Date:   Thu Oct 28 14:17:23 2021 +0200

    Fix SPIR-V Friendly IR generation for OpEnqueueKernel

commit c8dd6af244079deea1e8edad0b6792f322e81ff9
Author: Marcin Naczk <marcin.naczk@intel.com>
Date:   Tue Nov 2 09:44:22 2021 +0100

    Check if BASE_LLVM_VERSION is defined by user

commit 89ecd253a090b62b18add26ebdd610ac62186dba
Author: haonanya <haonan.yang@intel.com>
Date:   Thu Oct 21 16:36:54 2021 +0800

    Add support for cl_ext_float_atomics in SPIRVWriter (#1116)
    
    See details for KhronosGroup/OpenCL-Docs#552
    
    Signed-off-by: Haonan Yang <haonan.yang@intel.com>

commit ddb1c7afae159c5457785e4e23359b2bce243ee3
Author: Dmitry Sidorov <dmitry.sidorov@intel.com>
Date:   Mon Oct 18 17:49:57 2021 +0300

    Implement SPV_INTEL_hw_thread_queries extension (#1245)
    
    The extension adds BuiltIn decorations to query maximum number
    of H/W threads per a sub-device (tile), a sub-device ID and a H/W
    thread ID within the sub-device. These instructions combined can be
    used to calculate a unique H/W thread on which the code is being launched.
    
    Spec: https://github.com/intel/llvm/pull/4747
    Some info about Intel multi-tile cards:
    https://github.com/intel/llvm/blob/sycl/sycl/doc/MultiTileCardWithLevelZero.md
    
    Signed-off-by: Dmitry Sidorov <dmitry.sidorov@intel.com>

commit 4f3641eec00a40237b120809ca52f8c6e2b8589c
Author: Dmitry Sidorov <dmitry.sidorov@intel.com>
Date:   Fri Oct 15 15:28:13 2021 +0300

    Add load to obtain input for ap/hls instructions in case if its type > 64bits (#1246)
    
    In the LLVM IR if input is an integer with a width more than 64 bits
    the function will take this input through 'byval' pointer. If we
    leave the translation as is it will violate the extension spec,
    which says, that the input must by of an integer type. Add an extra load
    to fix this.
    
    Signed-off-by: Dmitry Sidorov dmitry.sidorov@intel.com

commit 7904ea9e1bebe4855d3087f63bc47e0930a2065c
Author: Leonid Pauzin <leonid.pauzin@intel.com>
Date:   Thu Oct 14 19:53:45 2021 +0300

    Store result of fixed point integer SPIR-V instructions wider than 64 bits (#1244)
    
    This if fix for #1213
    This patch adds Store instructions in cases when return value is wider than 64 bits

commit 4c634dbc756c5a21f70957ccff37a6202f3a2d9f
Author: Viktoria Maximova <viktoria.maksimova@intel.com>
Date:   Mon Oct 11 17:06:06 2021 +0300

    [NFC] Optimize OCLUtil::toString usage in checkError function (#1229)
    
    `toString` function is called to convert an LLVM IR instruction to a string,
    mostly in order to include it into an error message in case LLVM IR is invalid.
    The problem is that this function is called even when IR is valid which
    significantly slows translator's work.
    
    This patch reworks `toString` usage in `checkError` method to generate a string
    only in case when LLVM IR is invalid.

commit a868201d0ff7b7356aedad80324b3ba6451be0aa
Author: Andrzej Ratajewski <andrzej.ratajewski@intel.com>
Date:   Fri Oct 8 19:40:22 2021 +0300

    Fix pointer to pointer mangling substitution.
    
    This change fixes generation of SPV-IR for OpEnqueueMarker opcode and
    VME related opcodes.

commit d56378e2607ad44d0138620fa691b80e64a186f4
Author: Mariya Podchishchaeva <mariya.podchishchaeva@intel.com>
Date:   Mon Oct 11 17:00:23 2021 +0300

    [NFC] Optimize adding of decorations (#1233)
    
    * [NFC] Optimize adding of decorations
    
    Use std::undordered_set instead of std::multiset with custom comparator.
    It is a bit unclear why std::multiset was required since there is no
    order requirement for OpDecorate instructions in SPIR-V spec, in addition old
    data structure was highly inefficient.

commit fe49ae9cdf08895a63de55be1119d9ca31e38148
Author: Sven van Haastregt <sven.vanhaastregt@arm.com>
Date:   Mon Oct 11 11:40:48 2021 +0100

    Update dbg-prolog-end test after LLVM change
    
    Update test for LLVM commit 9f93f2bfbd3f ("Do not emit prologue_end
    for line 0 locs if there is a non-zero loc present", 2021-10-07).

commit 17bf2d63ab27610822a0d570a04bd0f0a7c17be6
Author: Sven van Haastregt <sven.vanhaastregt@arm.com>
Date:   Mon Oct 11 10:54:20 2021 +0100

    Update after LLVM getNumArgOperands removal
    
    Update for LLVM commit 3e1c787b3160 ("[IR] Remove arg_operands and
    getNumArgOperands (NFC)", 2021-10-09).

commit 02edfb35a85e8e75c85b814994c91ab629f498d1
Author: Nikita Kornev <nikita.kornev@intel.com>
Date:   Fri Oct 8 11:03:30 2021 +0300

    Improve llvm-intrinsics/instrprof.ll test
    
    In addition to a5751dd200cc51cd741bd9bf147c00fe5a7c6c6f

commit 6a3240e3618afe637e0c6e82912d6bcd9c274818
Author: Nikita Kornev <nikita.kornev@intel.com>
Date:   Wed Oct 6 08:51:07 2021 +0300

    Rename test

commit f5bb4ca7c5b657f276978743040e8cfe7c603a4a
Author: Nikita Kornev <nikita.kornev@intel.com>
Date:   Wed Oct 6 08:46:35 2021 +0300

    Apply reviewer's suggestions

commit eae2791de05dece26ae9e992f429084204884132
Author: Nikita Kornev <nikita.kornev@intel.com>
Date:   Tue Oct 5 15:03:13 2021 +0300

    Add test

commit a5751dd200cc51cd741bd9bf147c00fe5a7c6c6f
Author: Nikita Kornev <nikita.kornev@intel.com>
Date:   Tue Oct 5 11:32:24 2021 +0300

    Ignore llvm.instrprof.increment intrinsic
    
    This is a workaround to avoid crash when translating
    llvm.instrprof.increment which is not supported by SPIR-V and can not be
    allowed by related option due to using llvm-spirv as a toolchain node.

commit 41c5608d48d86595679a4f85126c3e0b9620d79e
Author: Nikita Kornev <nikita.kornev@intel.com>
Date:   Thu Oct 7 10:17:45 2021 +0300

    Fix the use of report_fatal_error

commit 5811bedc4ed16e82e446e6e9926b7e057772bdb4
Author: Alexey Sotkin <alexey.sotkin@intel.com>
Date:   Wed Sep 29 17:09:26 2021 +0300

    Fix translation of OpTypeJointMatrixINTEL with element of type `half`
    
    Signed-off-by: Alexey Sotkin <alexey.sotkin@intel.com>

commit d50aff54573542325343722ae7b9ac562c83416a
Author: Andrzej Ratajewski <andrzej.ratajewski@intel.com>
Date:   Thu Sep 30 15:55:46 2021 +0300

    Implement substitution for user-defined type in mangler
    
    The issue resulted in producing incorrect, clang-inconsistent function name for OpImageWrite
    SPV-IR.
    
    Before:
    `_Z18__spirv_ImageWritePU3AS133__spirv_Image__void_2_0_0_0_0_0_1Dv4_iS1_`
    After:
    `_Z18__spirv_ImageWritePU3AS133__spirv_Image__void_2_0_0_0_0_0_1Dv4_iS2_`
    
    Not considering user-defined type as a candidate to substitute made a sequence
    id incorrect.

commit b226eb5060862833dd4645f6a93e5cc48274044f
Author: Stuart Brady <stuart.brady@arm.com>
Date:   Thu Sep 23 14:41:53 2021 +0100

    Fix mistranslation of OpAtomicCompareExchangeWeak
    
    The semantics of OpAtomicCompareExchangeWeak are the same as those of
    OpAtomicCompareExchange.  Each of the ops should be translated to
    atomic_compare_exchange_strong_explicit() when using OpenCL 2.0 builtins,
    and not atomic_compare_exchange_weak_explicit(), as use of the latter may
    result in unreported spurious failures which are not detectable when
    using OpAtomicCompareExchangeWeak, which does not give a direct
    indication of its success.

commit 336248fd496a4f06d4d33e8a1ad2ad5297b261cd
Author: Dmitry Sidorov <dmitry.sidorov@intel.com>
Date:   Thu Sep 30 18:06:21 2021 +0300

    Don't emit UserSemantic with full annotation str if FPGA decorations found
    
    https://github.com/KhronosGroup/SPIRV-LLVM-Translator/pull/1206 with a
    change of 'AnnotatedDecoration' to 'AnnotatedCode' brought a regression,
    when the annotation information started to be duplicated in both
    UserSemantic decoration and FPGA-specific decorations. This patch fixes
    that.
    
    Yet if there is an annotation string that is split in blocks like Intel
    FPGA annotation, it's not necessarily an FPGA annotation. Translate the
    whole string as UserSemantic decoration in this case.
    
    Signed-off-by: Dmitry Sidorov <dmitry.sidorov@intel.com>

commit 4d66fe7f23c79447779c0a9e47531ac2bc6ecb52
Author: Dmitry Sidorov <dmitry.sidorov@intel.com>
Date:   Mon Sep 27 17:16:22 2021 +0300

    Implement StreamingInterfaceINTEL execution mode (#1218)
    
    In an FPGA design, one may want to control the interface that a kernel
    exposes to the rest of the design. This extension adds a new Execution
    Mode to indicate that the kernel has a streaming interface, in which
    invocation and return is synchronized by a handshaking protocol.
    
    The decision whether to add StreamingInterfaceINTEL execution mode with
    0/1 literal is based on the kernel metadata, in case of:
    !ip_interface !N
    !N = !{!"streaming"}
    the translator emits StreamingInterfaceINTEL 0
    
    and
    
    !ip_interface !N
    !N = !{!"streaming", !"stall_free_return"}
    the translator emits StreamingInterfaceINTEL 1
    
    Spec update:
    https://github.com/KhronosGroup/SPIRV-Registry/pull/130
    
    Signed-off-by: Dmitry Sidorov <dmitry.sidorov@intel.com>

commit 08884df4c33aeb3ff36bf39a21a14e5fb37d905a
Author: Stuart Brady <stuart.brady@arm.com>
Date:   Wed Sep 22 15:28:56 2021 +0100

    Clean up translation of islessgreater() and OpLessOrGreater
    
    Translate islessgreater() to OpFOrdNotEqual instead of OpLessOrGreater,
    which is deprecated as of SPIR-V 1.5 revision 2, and has identical
    semantics.
    
    Translate OpLessOrGreater to 'fcmp one' instead of islessgreater(),
    which has identical semantics.

commit 2b9538534e8eb75c0e81ae9761a038392528ccb2
Author: Stuart Brady <stuart.brady@arm.com>
Date:   Mon Sep 20 11:56:07 2021 +0100

    Revert "Add validation of vloada_half instruction (#1138)"
    
    This reverts commit 1a7f1420db4dc21a9628b85e9c06073c718ebfc4.
    
    The vloada_halfn functions return float vectors:
    
       floatn vloada_halfn(size_t offset, const __global half *p)
       floatn vloada_halfn(size_t offset, const __local half *p)
       floatn vloada_halfn(size_t offset, const __constant half *p)
       floatn vloada_halfn(size_t offset, const __private half *p)
    
       For the generic address space:
       floatn vloada_halfn(size_t offset, const half *p)
    
    These functions exist specifically for implementations that lack the
    cl_khr_fp16 extension, and so do not include the halfn vector types,
    but do include a scalar half type for use as a pointer argument *only*.
    
    Likewise, in the SPIR-V OpenCL Extended Instruction Set, the result type
    for vloada_halfn is defined as follows:
    
       Result Type must be vector(2,3,4,8,16) of float values.
    
    The assertion added to isBuiltinTransToExtInst(...) is therefore
    incorrect.
    
    The vloada_halfn SPIR-V OpenCL Extended Instruction Set instructions
    that are emitted for calls to these builtins are accepted by the
    SPIR-V Validator.

commit a10c0122ffef48afe4a75b94871137e92d709024
Author: DmitryBushev <dmitry.bushev@intel.com>
Date:   Tue Sep 21 16:44:24 2021 +0300

    Translate OpOrdered and OpUnordered to fcmp instructions
    
    Instead of translating this instructions to OCL builtin calls, use core llvm
    fcmp instructions for better code preservation during translation.
    
    fixed tests
    
    separated fcmp test from OCL builtins

commit 20bcfe8897541a2771efc82c4c34e6944b98946d
Author: Dmitry Sidorov <dmitry.sidorov@intel.com>
Date:   Wed Sep 22 00:40:18 2021 +0300

    [NFC] Fix tests with wrong alias metadata
    
    Signed-off-by: Dmitry Sidorov <dmitry.sidorov@intel.com>

commit a75a62e617c0b7e24c65af9a7ab72ab3a03dcc5c
Author: Leonid Pauzin <leonid.pauzin@intel.com>
Date:   Mon Sep 20 17:13:13 2021 +0300

    Fix for a bunch of fixed point integer SPIR-V instructions (#1213)
    
    If the return type of an instruction is wider than 64-bit, then this
    instruction will return via 'sret' argument added into the arguments
    list. Here we reverse this, removing 'sret' argument and restoring
    the original return type.
    
    TODO: currently 'sret' parameter attribute is being lost during reverse
    translation for the mentioned case, need to fix it.

commit 4eb63bf7bdb73ca74dbed2a6cde10251bf95e47a
Author: Dmitry Bushev <dmitry.bushev@intel.com>
Date:   Wed Sep 15 17:44:06 2021 +0300

    Amend SingleElementVectorINTEL decoration use cases according to spec update (#1192)
    
    DecorationSingleElementVectorINTEl now has one extra operand
    representing number of pointer stars owned by the element of vector.
    It helps to restore scalars after translation back. Eg:
    
    <i32* x 1>** -> i32*** "VCSingleElementVector"="1"
    
    Also it now can be applied to global variables.

commit a4ac292d2b27be0b452e3093cff1b27dd27b1eb9
Author: Dmitry Sidorov <dmitry.sidorov@intel.com>
Date:   Mon Sep 13 17:49:54 2021 +0300

    Enforce UserSemantic decoration if no FPGA decorations found
    
    Signed-off-by: Dmitry Sidorov <dmitry.sidorov@intel.com>

commit 2f81f311538abcc57be25529c983ce21c9be9a50
Author: KornevNikita <33487926+KornevNikita@users.noreply.github.com>
Date:   Fri Sep 10 17:59:32 2021 +0300

    Fix duplication of global annotation strings in reverse translation (#1204)
    
    This is a patch to avoid duplication of global annotation strings in reverse
    translation caused by the fact that translator translates each
    UserSemantic decoration, even if a similar decoration with the same string
    has also been translated.

commit c5b3c8e3283bd3be54bfbed25f7568e4fe91f6d5
Author: Dmitry Sidorov <dmitry.sidorov@intel.com>
Date:   Fri Sep 10 13:46:26 2021 +0300

    Add SPIR-V 1.4 checks (#1177)
    
    Signed-off-by: Dmitry Sidorov <dmitry.sidorov@intel.com>

commit 4ccb1b29bbdd0b37ce369d82fa52f8305c7c032c
Author: KornevNikita <33487926+KornevNikita@users.noreply.github.com>
Date:   Mon Sep 6 16:25:49 2021 +0300

    Add convergent attribute during reverse translation of OpControlBarrier (#1195)
    
    There is a patch to keep convergent attr during translation of
    OpControlBarrier to prevent optimization passes from making barrier calls
    control-dependent.

commit 403a94375fa39aa31b1adbaaa605ef33c5e551c8
Author: Dmitry Sidorov <dmitry.sidorov@intel.com>
Date:   Mon Sep 6 16:24:55 2021 +0300

    Don't try to apply aliasing decoration to SPIR-V instruction without return id (#1196)
    
    Signed-off-by: Dmitry Sidorov <dmitry.sidorov@intel.com>

commit 6eb384874129028f5b6d99b5e7624cb856b82001
Author: KornevNikita <33487926+KornevNikita@users.noreply.github.com>
Date:   Mon Sep 6 13:38:24 2021 +0300

    Replace add-, get-, has-, removeAttribute by related methods. (#1197)

commit 6cef1d18c0e587769f60c2764ded4d09c7e8550b
Author: Dmitry Sidorov <dmitry.sidorov@intel.com>
Date:   Thu Sep 2 16:15:04 2021 +0300

    Revert "Map llvm.isnan on OpIsNan (#1179)"
    
    The intrinsic was reverted in 3f1f08f0ed6
    
    This reverts commit 81ebabd5911f2b5c6ae9f3d2fae24bbbb6328ee9.

commit 869f7033b1ae0c4ae6ddc675321ff305b0c0c58f
Author: Dmitry Sidorov <dmitry.sidorov@intel.com>
Date:   Thu Sep 2 18:52:26 2021 +0300

    Improve LLVM annotations translation to SPIR-V (#1191)
    
    https://reviews.llvm.org/D88645 introduces additional parameter
    to var/ptr/global annotation instruction, which can be set by
    clang::annotation attribute that has variadic constant expression
    argument. Right now we can't translate it properly and an extension
    is being discussed, but yet we need a W/A for this. As a W/A the
    current patch makes this argument (in case if it is const int) be
    translatable as a string put in UserSemantic decorations, so the
    IL flow is looking like this:
    Annotation in source-code:
    [[clang::annotate("custom", 30, 60)]] int *Var;
    
    LLVM IR before:
     @.str = private unnamed_addr constant [7 x i8] c"custom\00"
     @.args = private unnamed_addr constant { i32, i32 } { i32 30, i32 60 }
     // ...
     call void @llvm.var.annotation(i8* ...,
           i8* getelementptr inbounds ([7 x i8], [7 x i8]* @.str, i32 0, i32 0),
           i8* ... , i32 ..., i8* bitcast ({ i32, i32 }* @.args to i8*))
     // ...
    
    SPIR-V:
      Decorate %GEP% UserSemantic "custom: 30, 60"
    
    LLVM IR after:
      @3 = private unnamed_addr constant [15 x i8] c"custom: 30, 60\00"
      // ...
      call void @llvm.var.annotation(i8* ..., i8* getelementptr inbounds (
          [15 x i8], [15 x i8]* @3, i32 0, i32 0), i8* ..., i32 ..., i8* undef)
      // ...
    
    As you see the annotation remains to be a string after the translation. It's
    done so because we wouldn't be able to distinguish
    [[clang::annotate("custom", 30, 60)]] from [[clang::annotate("custom, 30, 60")]]
    as they both would result in the same UserSemantic decoration.
    
    Also this patch brings a bit of refactoring of add Intel FPGA decoration functions,
    since their infrustructure can (and should) be reused here, solving an issue of
    incorrect allowed FPGA memory SPIR-V extensions processing.
    
    TODO:
    1. Replace this W/A with an extension, when it's ready;
    2. Global annotation instruction isn't handled properly yet, its handling requires even
       more refactoring, which I plan to do, when the extension is ready.
    
    Signed-off-by: Dmitry Sidorov <dmitry.sidorov@intel.com>

commit 89b319e7cc03478a572e943593c9e9019a0215f8
Author: Mariya Podchishchaeva <mariya.podchishchaeva@intel.com>
Date:   Mon Aug 30 17:41:39 2021 +0300

    Fix SPIRV->LLVM translation of variable lenght arrays
    
    VLAs were translated in section where non-instruction SPIR-V
    values are translated. Hovewer translation of them produce LLVM IR
    instructions. This patch moves translation of VLAs to the proper place
    where other instructions are created, so the placeholder creation logic
    also works for them. This fixes the case when VLA used in complex
    control flow graph caused producing of invalid LLVM module during
    reverse translation.

commit 0a1f59cf75de5f302b0c821bce9087dc0327fbc8
Author: Artem Gindinson <artem.gindinson@intel.com>
Date:   Wed Sep 1 21:03:05 2021 +0300

    [Test] Drop 'sycldevice' from IR modules' triple information
    
    Recent changes in the DPC++ compiler
    (https://github.com/intel/llvm/pull/3929) allow to disregard the
    `sycldevice` component from the target triple in command lines. From
    there on, IR files for the Translator tests should be produced using
    the simplified target triple. Clean up the existing tests to match
    this change.
    
    Signed-off-by: Artem Gindinson <artem.gindinson@intel.com>

commit 894f95bdd1fca0e1f368babbf2e5c74054708a81
Author: Yilong Guo <yilong.guo@intel.com>
Date:   Wed Sep 1 14:10:49 2021 +0800

    [SPV-IR] Ignore SPIR-V linkage name for BuiltIn variable (#1180)
    
    The BuiltIn variable/call name in SPV-IR should stick to
    "__spirv_BuiltIn*", no matter what the SPIR-V linkage name is.
    
    This is a regression of PR #1133.
    
    Signed-off-by: Yilong Guo <yilong.guo@intel.com>

commit d88af634a5b3b93bf37ee1ecf19b67461e6bf404
Author: Mariya Podchishchaeva <mariya.podchishchaeva@intel.com>
Date:   Fri Aug 27 14:54:57 2021 +0300

    Support lowering of constant expression vectors inside metadata (#1175)

commit 44f6f570f47da95b334d8698ce30a0661b910fd5
Author: Alexey Sotkin <alexey.sotkin@intel.com>
Date:   Fri Aug 27 01:03:49 2021 +0300

    Add support for SPV_INTEL_joint_matrix extension (#1165)
    
    The spec is available at https://github.com/intel/llvm/pull/4373
    
    Signed-off-by: Alexey Sotkin <alexey.sotkin@intel.com>

commit e9671a5e4ad732e9b0900afe3bcd7606db85bf14
Author: Mariya Podchishchaeva <mariya.podchishchaeva@intel.com>
Date:   Thu Aug 26 10:47:11 2021 +0300

    Fix support of SPV_INTEL_vector_compute (#1176)
    
    The previous patch has fixed only case with 1-element vectors, however
    after closer look at the spec it became clear that
    SPV_INTEL_vector_compute actually allows any number of vector elements
    (capability VectorAnyINTEL), so this is the proper fix.

commit 81ebabd5911f2b5c6ae9f3d2fae24bbbb6328ee9
Author: Dmitry Sidorov <dmitry.sidorov@intel.com>
Date:   Wed Aug 25 19:56:57 2021 +0300

    Map llvm.isnan on OpIsNan (#1179)
    
    Map llvm.isnan on OpIsNan
    
    Signed-off-by: Dmitry Sidorov <dmitry.sidorov@intel.com>

commit f5725032928256d5aa970636a682f131e590d4f4
Author: Mariya Podchishchaeva <mariya.podchishchaeva@intel.com>
Date:   Fri Aug 20 19:46:24 2021 +0300

    Fix formatting

commit 3ada43d080f06f456e603e7bb3a083336d9806e0
Author: Mariya Podchishchaeva <mariya.podchishchaeva@intel.com>
Date:   Fri Aug 20 19:35:45 2021 +0300

    Fix support of SPV_INTEL_vector_compute extension
    
    ea7468ed318ca38c3e9454ba0d4a73ef8579fd35 introduced new pass and
    together with it a check of used in bitcast vector type. This check
    should respect passed extension options, since some extensions can
    allow to use more types, for example SPV_INTEL_vector_compute
    adds support for 1-element vectors.

commit 0259e5cbc509eac3420988207ed808b306593237
Author: Sven van Haastregt <sven.vanhaastregt@arm.com>
Date:   Mon Aug 23 10:02:07 2021 +0100

    Update for LLVM addRetAttr API change
    
    Fix build after LLVM commit 3f4d00bc3b51 ("[NFC] More
    get/removeAttribute() cleanup", 2021-08-17).

commit 65b5d1b9b327c2c93b9c0597933692f9b41ff66c
Author: Dmitry Sidorov <dmitry.sidorov@intel.com>
Date:   Fri Aug 20 16:19:27 2021 +0300

    Up max SPIR-V version to 1.4 (#1161)
    
    Signed-off-by: Dmitry Sidorov <dmitry.sidorov@intel.com>

commit 1a90ca300a59117222e53b47c42b95d73c168c54
Author: Alexey Bader <alexey.bader@intel.com>
Date:   Fri Aug 20 16:18:46 2021 +0300

    Specify additional requirements for LLVM module (#1115)
    
    * Add a reference guide for input program format
    * Add a note about additional storage classes added by SPIR-V extensions.
    
    Co-authored-by: Alexey Sachkov <alexey.sachkov@intel.com>
    Co-authored-by: Alexey Sotkin <alexey.sotkin@intel.com>
    Co-authored-by: Sven van Haastregt <sven.vanhaastregt@arm.com>

commit 0161b327b78a0bc8dbdd3396d1375ad861934cea
Author: Mariya Podchishchaeva <mariya.podchishchaeva@intel.com>
Date:   Fri Aug 20 16:11:13 2021 +0300

    Fix production of OpPtrCastToGeneric instruction (#1163)
    
    In LLVM it is valid if addrspace cast result pointer has not only other
    address space, but also other element type. However spec states that
    for Storage Class changing instructions Result Type and Pointer must point
    to the same type. So, this patch adds a regularization step that adds
    an additional bitcast in case address space cast changes pointer element
    type as well and then everything can be easily translated to valid
    SPIR-V that is accepted by spirv-val.

commit d38569fc7c15f0f6581f6ffaf38e0b6b4097d88b
Author: enaydano <evgeny.naydanov@intel.com>
Date:   Fri Aug 20 16:08:48 2021 +0300

    Fix leak in LLVMToSPIRV::transExecutionMode() (#1160)
    
    In case spv::ExecutionModeSharedLocalMemorySizeINTEL the new
    SPIRVExecutionMode was not registered via SPIRVModule::add()
    and was leaking

commit 1a7f1420db4dc21a9628b85e9c06073c718ebfc4
Author: Dmitry Sidorov <dmitry.sidorov@intel.com>
Date:   Wed Aug 18 12:54:50 2021 +0300

    Add validation of vloada_half instruction (#1138)
    
    The instruction is for vector types and not for scalar types.
    It's a kind of a follow up for:
    https://github.com/KhronosGroup/OpenCL-CTS/issues/1002
    
    Signed-off-by: Dmitry Sidorov <dmitry.sidorov@intel.com>

commit ea7468ed318ca38c3e9454ba0d4a73ef8579fd35
Author: KornevNikita <33487926+KornevNikita@users.noreply.github.com>
Date:   Tue Aug 17 12:27:10 2021 +0300

    Add pass to lower Bitcast to nonstandard type instructions (#1117)
    
    * Add pass to lower Bitcast to nonstandard type instructions
    
    It is a pass to lower bitcast instructions to non-standard SPIR-V types.
    It covers only known issues. At this moment there is only one pattern
    that should be covered - use of vector with unsupported number of
    elements. This pattern should be handled this way:
    
    %0 = bitcast <3 x i64> addrspace(1)* @Id to <6 x i32> addrspace(1)*
    %1 = addrspacecast <6 x i32> addrspace(1)* %0 to <6 x i32> addrspace(4)*
    %2 = load <6 x i32>, <6 x i32> addrspace(4)* %1, align 32
    %conv = extractelement <6 x i32> %2, i32 1
    %conv1 = sitofp i32 %conv to float
    
    Must be replaced by:
    %0 = addrspacecast <3 x i64> addrspace(1)* @Id to  <3 x i64> addrspace(4)*
    %1 = load <3 x i64>, <3 x i64> addrspace(4)* %0, align 32
    %2 = extractelement <3 x i64> %1, i32 0
    %conv = trunc i64 %2 to i32
    %conv1 = sitofp i32 %conv to float
    
    It is assumed that the pass will be further developed as new patterns arise.

commit c2f32068a4fb20b46f08265418c80be12f6097cf
Author: Sven van Haastregt <sven.vanhaastregt@arm.com>
Date:   Tue Aug 17 09:08:49 2021 +0100

    Update for LLVM hasFnAttr renaming (#1156)
    
    Fix build after LLVM commit 92ce6db9ee76 ("[NFC] Rename
    AttributeList::hasFnAttribute() -> hasFnAttr()", 2021-08-13).

commit 168cb230f12908fa0e8d0d522ffd5ff7fabce6aa
Author: Mariya Podchishchaeva <mariya.podchishchaeva@intel.com>
Date:   Mon Aug 16 20:18:19 2021 +0300

    Update SPIR-V friendly IR doc according to recent changes (#1153)
    
    * Update SPIR-V friendly IR doc according to recent changes
    
    https://github.com/KhronosGroup/SPIRV-LLVM-Translator/pull/1133 added
    full support for SPIR-V friendly IR with SPIR-V built-in variables
    mapped to calls. This commit adds info to the doc about the new supported
    representation.
    
    * Apply suggestions from code review
    
    Co-authored-by: Dmitry Sidorov <dmitry.sidorov@intel.com>
    
    Co-authored-by: Dmitry Sidorov <dmitry.sidorov@intel.com>

commit f516ad1216565196142fc49d50e966dee2e9f485
Author: Stephen <zsrkmyn@gmail.com>
Date:   Mon Aug 16 17:12:41 2021 +0800

    [NFC] Erase instructions out of loop to avoid clobbering iterator (#1155)

commit 22629a0e0b8af41890e26cdc3daeb0942eb24051
Author: KornevNikita <33487926+KornevNikita@users.noreply.github.com>
Date:   Fri Aug 13 21:30:11 2021 +0300

    Linkage type fix for global variables translation (#1148)
    
    This is a workaround to fix translation of linkage type of "llvm.used" and
    "llvm.compiler.used" global variables that should be "appending" instead of
    "export".

commit 36ee44bde7083b4ba0df7e958676728e91215a48
Author: KornevNikita <nikita.kornev@intel.com>
Date:   Thu Aug 12 11:27:31 2021 +0300

    Remove sycldevice target triple from tests
    
    This is a patch to update tests in scope of patch
    https://github.com/intel/llvm/pull/3929 that removes sycldevice triple
    environment component, so this triple should be also removed from tests.

commit a6ca74547993aec032a12577d1d0e0e9f44f6b9f
Author: Mariya Podchishchaeva <mariya.podchishchaeva@intel.com>
Date:   Fri Aug 6 16:48:57 2021 +0300

    Fix SPV-IR for OpBuildNDRange (#1145)
    
    It is translated to a function with unmangled name
    __spirv_BuildNDRange_{1|2|3}D with struct return parameter and array
    arguments, since translator only translates it properly to SPIR-V with
    this signature. _ND postfix is requred because array arguments are mangled
    in the same way, so if there was no postfix, translator would produce
    functions with same name for different dimensions.

commit 248ca68f68de63839ac2d127151cec51b2e071e3
Author: Sven van Haastregt <sven.vanhaastregt@arm.com>
Date:   Fri Aug 6 11:39:01 2021 +0100

    Fix test for LLVM DIExpression const-folder
    
    Update after LLVM commit 75aa3d520d53 ("Add a DIExpression
    const-folder to prevent silly expressions.", 2021-08-05).

commit 31ed43e80a72372ddfb43dab37d3daa3b70f2559
Author: Yilong Guo <yilong.guo@intel.com>
Date:   Wed Aug 4 12:09:23 2021 +0800

    Fix getSPIRVBuiltin assertion failure
    
    It's possible that the underscore-delimited postfix is not empty when we
    do this check in `SPIRVToOCLBase::visitCallInst`. Should return false
    instead of returning an assertion failure.
    
    Signed-off-by: Yilong Guo <yilong.guo@intel.com>

commit 85a9394e2932f42f4228fb612e3e8afe4ed8415c
Author: Sven van Haastregt <sven.vanhaastregt@arm.com>
Date:   Wed Aug 4 11:42:10 2021 +0100

    Update LLVM version from 13 to 14 (#1134)

commit 062788212ce7544b896afbce9dd210c4fea5c0ea
Author: Mariya Podchishchaeva <mariya.podchishchaeva@intel.com>
Date:   Tue Aug 3 13:21:59 2021 +0300

    Fix SPV IR for generic opaque types (#1135)
    
    This patch fixes translation of OpTypeQueue, OpTypeEvent,
    OpTypeDeviceEvent, OpTypeReserveId and OpTypeSampler to they are not
    traslated directly to OpenCL in case SPIR-V friendly IR output is
    requested.
    This patch also fixes SPV IR for OpEnqueueMarker and OpGetDefaultQueue.

commit bafc8867cbd97144274c190479a60cd82b0bcad1
Author: Yilong Guo <yilong.guo@intel.com>
Date:   Tue Aug 3 15:25:57 2021 +0800

    [SPV-IR] Fix SPIRV builtin variable/call translation (#1133)
    
    This PR fixes the translation of SPIRV builtin variables/calls. The translator
    now is able to recognize builtin-call-based SPV-IR input.
    e.g. `call spir_func i64 @_Z33__spirv_BuiltinGlobalInvocationIdi(i32 1)`
    
    ### LLVM --> SPIRV translation:
    
    We first translate OCL work item builtins to SPV-IR builtin calls in
    `OCLToSPIRV`. For example:
    `@_Z13get_global_idj(i) -> @_Z33__spirv_BuiltinGlobalInvocationIdi(i)`
    
    SPV-IR builtin calls are transformed to variables in `LLVMToSPIRV`. This
    step is shared by all source inputs (SPV-IR, OCL-IR). For example:
    `@_Z33__spirv_BuiltinGlobalInvocationIdi(i) ->
    x = load GlobalInvocationId; extract x, i`
    
    ### SPIRV --> LLVM translation:
    
    We lower SPIRV builtin variables into calls in `SPIRVToLLVM` so that SPV-IR
    has builtin function calls (instead of variables) by default.
    
    Builtin calls in SPV-IR can be then translated into OpenCL builtin calls,
    in `SPIRVToOCL`.
    e.g. `@_Z33__spirv_BuiltinGlobalInvocationIdi(i) -> @_Z13get_global_idj(i)`
    
    `SPIRVToOCL` is also capable of lower SPIRV builtin variables into calls as
    preprocessing, so that this pass can be used by users independently to
    translate SPV-IR into OCL-IR.
    
    Signed-off-by: Yilong Guo yilong.guo@intel.com

commit 8c466eb779e04e24d896d2feed2b9a23338981dc
Author: Sven van Haastregt <sven.vanhaastregt@arm.com>
Date:   Tue Jul 27 11:49:49 2021 +0100

    Update minimum cmake version to 3.13.4
    
    7251f3cb ("Make spirv.hpp be an external dependency (#813)",
    2021-07-27) introduces use of the FetchContent module, which is only
    available from CMake 3.11.
    
    We might just as well align with LLVM's cmake requirement, so bump the
    requirement to CMake 3.13.4.

commit 7251f3cb0f4db3f917006dcef44d8a719a5a2be8
Author: Dmitry <dmitry.sidorov@intel.com>
Date:   Tue Jul 27 12:22:31 2021 +0300

    Make spirv.hpp be an external dependency (#813)
    
    
    Signed-off-by: Dmitry Sidorov <dmitry.sidorov@intel.com>
    Co-authored-by: Artem Gindinson <artem.gindinson@intel.com>

commit e62a9b6f69961f5169a03d614b86740a43d4037c
Author: Alexey Sachkov <alexey.sachkov@intel.com>
Date:   Mon Jul 26 11:42:00 2021 +0300

    Improve llvm.memmove translation (#1119)
    
    * Improve memmove lowering
    
    Fixed an issue with bytes being misinterpreted as bits.
    Added support for cases where we can't figure out the underlying type
    being copied (for example when `phi` nodes are involved).

commit 0d20dadb9cbd4b47819031ad116a04a7b6194b28
Author: Andrzej Ratajewski <andrzej.ratajewski@intel.com>
Date:   Mon Jul 19 18:15:18 2021 +0300

    Fix SPIR-V IR for OpImageQueryLevels opcode

commit 92ec313fbf9c0f45aae6716f5cdec9ec193e3576
Author: Andrzej Ratajewski <andrzej.ratajewski@intel.com>
Date:   Mon Jul 5 14:00:19 2021 +0300

    Fix SPIR-V IR for opcodes operating on images
    
    This change fixes SPIR-V IR generation for the following opcodes:
    1) OpImageRead
    2) OpImageWrite
    3) OpImageQueryOrder
    4) OpImageQueryFormat
    5) Opcodes from SPV_INTEL_subgroups extension
    https://github.com/KhronosGroup/SPIRV-Registry/blob/master/extensions/INTEL/SPV_INTEL_subgroups.asciidoc
    6) Opcodes from SPV_INTEL_device_side_avc_motion_estimation extension
    https://github.com/KhronosGroup/SPIRV-Registry/blob/master/extensions/INTEL/SPV_INTEL_device_side_avc_motion_estimation.asciidoc
    
    The following translation chain testing has been implemented for all these opcodes:
    LLVM->SPIRV->SPV-IR->SPIRV

commit bd5158875affc1f496756acc5ca06155ae4c0c6d
Author: Weiwei <77853593+Weiwei-2021@users.noreply.github.com>
Date:   Fri Jul 23 08:55:10 2021 -0400

    Update lit.cfg.py to avoid an error (#1112)
    
    A KeyError gets triggered if the lit test is running in a machine which pre-installs spirv tools without setting LD_LIBRARY_PATH in env.

commit 8d184da739ee822cc12e3683cc66d59b895557aa
Author: Mariya Podchishchaeva <mariya.podchishchaeva@intel.com>
Date:   Wed Jul 21 15:48:56 2021 +0300

    Fix memory leak in SpecConstantOp creation

commit b1ebbba8da91c291dfeaa63b3748e8bb4dec6293
Author: KornevNikita <33487926+KornevNikita@users.noreply.github.com>
Date:   Thu Jul 22 17:47:11 2021 +0300

    Fix SPIR-V -> LLVM translation of PHINode (#1118)
    
    * Fix translation of OpPhi with values coming from OpSaveMemoryINTEL
    
    In order to create placeholder for value of a phi instruction, translation of
    `OpSaveMemoryINTEL` must happen after `if(CreatePlaceHolder)` branch in
    `SPIRVToLLVM::transValueWithoutDecoration()`
    
    Co-authored-by: Alexey Sachkov <alexey.sachkov@intel.com>

commit 6164cf9d41674859a8dc0159ec9d859172df25f3
Author: Artem Gindinson <artem.gindinson@intel.com>
Date:   Thu Jul 22 12:32:05 2021 +0300

    Translate alignment of function parameters (#1120)
    
    The mapping here is between LLVM's `align <2^n>` and SPIR-V's
    `Alignment <2^n>` decoration.
    
    Signed-off-by: Artem Gindinson <artem.gindinson@intel.com>

commit 6795cab62f3ed36e9a5cec235c62a8d92a40cc8f
Author: Sven van Haastregt <sven.vanhaastregt@arm.com>
Date:   Mon Jul 19 13:41:37 2021 +0100

    Update for LLVM -enable-dwarf-directory change
    
    Update after upstream commit fada2782cf6f ("[llc] Default
    MCUseDwarfDirectory to true", 2021-07-12).

commit 9e234d93ba438aa63f71198d47270b2d1836f5ed
Author: Jason Zheng <Jason.Zheng@arm.com>
Date:   Thu Jul 15 11:03:28 2021 +0100

    Add mapping for DWARF language codes to SourceLanguage (#1074)
    
    When translating from LLVM IR to SPIR-V, the SourceLanguage is currently
    set to the DWARF language value, which is wrong. This PR adds a mapping
    from DWARF language codes to the correct value in the SourceLanguage enum.
    
    Also comment out a test referring to C++ for OpenCL.

commit b3d01128d4e0c21ef9ac8e0aeae217d38b88757f
Author: Dmitry Sidorov <dmitry.sidorov@intel.com>
Date:   Thu Jul 15 10:53:22 2021 +0300

    Don't add aliasing MemAccess mask if metadata translation failed
    
    Otherwise we might face an assert in case if empty metadata was generated by LLVM opt.
    
    Signed-off-by: Dmitry Sidorov <dmitry.sidorov@intel.com>

commit 835eb7e8696ab4ba764d6e1b4c2f3e2c4ddc0551
Author: Dmitry Sidorov <dmitry.sidorov@intel.com>
Date:   Thu Apr 15 12:54:39 2021 +0300

    Add W/A to translate OpenCL kernel_arg_type_qual metadata
    
    Since constant qualifier stored in the metadata is no longer mapped
    on NoWrite function parameter attribute we need a another way to
    save information about it. As work around this patch stores argument
    qualifier information in OpString under
    'preserve-ocl-kernel-arg-type-metadata-through-string' option. This
    option should be also passed during reversed translation to obtain
    the metadata.
    
    This patch also moves already existing workaround for kernel_arg_type
    metadata under the option.
    
    Signed-off-by: Dmitry Sidorov <dmitry.sidorov@intel.com>

commit efae4c8c9e1d3236ecc303329899a8a7f185b934
Author: Sven van Haastregt <sven.vanhaastregt@arm.com>
Date:   Thu Jul 8 09:59:56 2021 +0100

    Add cl_khr_extended_bit_ops support
    
    This adds translation of the following OpenCL builtin functions to and
    from SPIR-V operations:
    
     * bitfield_insert() <-> OpBitFieldInsert
     * bitfield_extract_signed() <-> OpBitFieldSExtract
     * bitfield_extract_unsigned() <-> OpBitFieldUExtract
     * bit_reverse() or llvm.bitreverse <-> OpBitReverse
    
    OpBitReverse is translated into the llvm.bitreverse intrinsic, instead
    of the bit_reverse function, which was already the translator's
    behaviour before this change.
    
    Co-authored-by: Stuart Brady <Stuart.Brady@arm.com>

commit f7e5263ddd05112b0b89a09cbf9c0c3c0398b0a2
Author: Sven van Haastregt <sven.vanhaastregt@arm.com>
Date:   Tue Jul 13 09:58:56 2021 +0100

    Fix readonly attribute after new LLVM assertion
    
    After LLVM commit 5d1464cbfe90 ("[Attributes] Make type attribute
    handling more generic (NFCI)", 2021-07-12), the Attribute constructor
    became stricter.  This revealed that the translator was creating
    `readonly` attributes with a type attached, tripping the newly added
    assertion in `Attribute::get`.

commit c8aaa5f9948df34083e120c8d499c353c91c14a5
Author: Sven van Haastregt <sven.vanhaastregt@arm.com>
Date:   Mon Jul 12 10:43:30 2021 +0100

    Update for LLVM GEP API change
    
    Update for LLVM commit b00cff56cfb1 ("Reapply [IR] Don't accept
    nullptr as GEP element type", 2021-07-09).

commit d99388760a1a67ca5074829b895fd94b9b064f4b
Author: Sven van Haastregt <sven.vanhaastregt@arm.com>
Date:   Fri Jul 2 17:24:36 2021 +0100

    Report disallowed extension as error instead of assert

commit faea0ebca7674b5f5d9d9fea82eb3d55649317f7
Author: Sven van Haastregt <sven.vanhaastregt@arm.com>
Date:   Mon Jun 28 16:25:13 2021 +0100

    Add SPV_KHR_integer_dot_product support
    
    Add support for mapping the SPV_KHR_integer_dot_product extension
    operations to and from SPIR-V friendly IR.

commit adc930cdf2caa38fe79b0c205ddde5b540bae8fb
Author: Sven van Haastregt <sven.vanhaastregt@arm.com>
Date:   Fri Jun 25 10:18:15 2021 +0100

    Change SPIRVInstTemplate creation order
    
    In a followup commit, an instruction's required capabilities will
    depend on its argument types.  This does not work with the current
    LLVM-to-SPIR-V translation that consists of the following steps:
     1. Create the instruction without operands.
     2. Add it to the module (which queries the instruction's required
        capabilities).
     3. Add operands.
    
    Swap steps 2 and 3, such that the instruction is fully constructed
    before querying its required capabilities.

commit c04b2264eeae76994ee27bc350b619cb1c41dc6f
Author: Mikhail Lychkov <mikhail.lychkov@intel.com>
Date:   Tue Jul 6 16:50:34 2021 +0300

    Add support for SPV_INTEL_bfloat16_conversion extension
    
    This extension provides instructions to convert single-precision 32-bit
    floating-point value to bfloat16 format and vice versa.
    It doesn't introduce bfloat16 type in SPIR-V, instead instructions below
    use 16-bit integer type whose bit pattern represents (bitcasted from)
    a bfloat16 value.
    
    Spec: https://github.com/intel/llvm/blob/f587bbfb8a742bd55c80b12e01505ed085a0748f/sycl/doc/extensions/SPIRV/SPV_INTEL_bf16_convert.asciidoc
    
    Signed-off-by: Mikhail Lychkov <mikhail.lychkov@intel.com>

commit be51424bad6ece114055980959e1b8daa8c76e68
Author: Artem Gindinson <artem.gindinson@intel.com>
Date:   Wed Jul 7 13:52:06 2021 +0300

    Revert "[RFC] Improve code for IVDep backwards translation (#1084)"
    
    Due to Windows-specific sporadic translation failures, revert until
    root cause is identified.
    
    This reverts commit 348d3cf97c121cab056331470cf761bad056c03c.

commit fe3552209c42176de11f4edec405f18063205745
Author: Artem Gindinson <artem.gindinson@intel.com>
Date:   Wed Jul 7 14:41:24 2021 +0300

    Migrate arithmetic fence tokens to spirv_internal.hpp
    
    Signed-off-by: Artem Gindinson <artem.gindinson@intel.com>

commit 2e57c8f53332b591e08b8c3a5ce79d47e8f45908
Author: Dmitry Sidorov <dmitry.sidorov@intel.com>
Date:   Tue Jun 22 15:11:06 2021 +0300

    Improve handling of memmove when Lenght > size of the type to move
    
    It is possible that for a single element Src type size doesn't
    match memory size to move (for example we copy N elements of one
    integer array to an address of a first element of another integer
    array).
    
    Signed-off-by: Dmitry Sidorov <dmitry.sidorov@intel.com>

commit b5441a4075b932e4e9a5c2503e94a7786acb283a
Author: Sven van Haastregt <sven.vanhaastregt@arm.com>
Date:   Wed Jun 30 14:03:58 2021 +0100

    [NFC] Remove unnecessary switch case for OpSelect
    
    With SPIRVSelect inheriting from SPIRVInstTemplateBase, this can now
    be handled through the switch default.

commit fb5ef4179acf36f95367d0a6f472050385e46710
Author: Sven van Haastregt <sven.vanhaastregt@arm.com>
Date:   Tue Jun 15 12:26:37 2021 +0100

    [NFC] Remove switch on opcode by inheriting from SPIRVInstTemplateBase
    
    Make the following classes inherit from SPIRVInstTemplateBase:
     - SPIRVSelect
     - SPIRVVectorShuffle
     - SPIRVCompositeExtract
     - SPIRVCompositeInsert
    
    This allows removing a switch on opcode in SPIRVInstruction.cpp.
    
    Fixes https://github.com/KhronosGroup/SPIRV-LLVM-Translator/issues/1072

commit 211c7dc1fb69073d6971d08e57e04d9fa214fde8
Author: KornevNikita <33487926+KornevNikita@users.noreply.github.com>
Date:   Tue Jul 6 11:25:48 2021 +0300

    Implement SPV_INTEL_arithmetic_fence (#1099)
    
    Implement SPV_INTEL_arithmetic_fence
    
    This extension creates support for a __fence keyword to prevent reordering and
    reassociating operations.
    
    Spec: https://github.com/intel/llvm/pull/3914

commit 910aee719feb4104266b6d5e85038337fa3a6a75
Author: KornevNikita <nikita.kornev@intel.com>
Date:   Mon Jul 5 17:11:46 2021 +0300

    Apply suggestion

commit fbb53e6b6b43c7a23e4a2386676c623dffc52ab6
Author: KornevNikita <nikita.kornev@intel.com>
Date:   Mon Jul 5 14:56:16 2021 +0300

    Fix using of deprecated CreateInBounds
    
    Enable using of CreateInBounds with element type due to deprecate
    GetElementPtrInst::CreateInBounds without element type.

commit 974d4db7db0d3488a624976ff9b51998711e2552
Author: Leonid Pauzin <leonid.pauzin@intel.com>
Date:   Thu Jul 1 14:35:04 2021 +0300

    Implemented SPV_INTEL_runtime_aligned extension
    
    This extension introduces a new function parameter attribute that can be
    applied to pointers to indicate that the pointer was allocated with an
    implementation-specific alignment.
    
    Spec:
    https://github.com/KhronosGroup/SPIRV-Registry/blob/c7079ba821f5ec70332ad6ec3a4962bfcd7f17ac/extensions/INTEL/SPV_INTEL_runtime_aligned.asciidoc
    
    Signed-off-by: Leonid Pauzin <leonid.pauzin@intel.com>
    Signed-off-by: Dmitry Sidorov <dmitry.sidorov@intel.com>

commit da11807d10f7970420eb8988bfff94234e8e6a8b
Author: Sven van Haastregt <sven.vanhaastregt@arm.com>
Date:   Wed Jun 30 17:09:05 2021 +0100

    [NFC] Sync spirv.hpp and regenerate SPIRVNameMapEnum.h
    
    Bring spirv.hpp in sync with ddf3230 ("Merge pull request #222 from
    kpet/github-actions", 2021-06-30) from
    github.com/KhronosGroup/SPIRV-Headers .
    
    This brings the SPV_KHR_bit_instructions and SPV_INTEL_debug_module
    extension enum values.  Drop the internal enum value of the latter.

commit 1a800a0f65a231b1e0b5aedf0d99b0230563639b
Author: Sven van Haastregt <sven.vanhaastregt@arm.com>
Date:   Tue Jun 29 14:33:50 2021 +0100

    Run spirv-val for more tests

commit 2b3a2f38e2b768e0036440e6f66e07f98043006f
Author: Mariya Podchishchaeva <mariya.podchishchaeva@intel.com>
Date:   Tue Jun 29 12:56:48 2021 +0300

    Implement SPV_INTEL_debug_module extension (#1089)
    
    * Implement SPV_INTEL_debug_module extension
    
    Spec https://github.com/intel/llvm/pull/3976

commit a84f58900ec9df3819318a2cbc76d12e34f2c853
Author: Dmitry <dmitry.sidorov@intel.com>
Date:   Mon Jun 28 18:23:26 2021 +0300

    Fix a crash when alias metadata is attached to a call to lifetime inrinsic (#1059)
    
    * Fix a crash when alias metadata is attached to a call to lifetime intrinsic
    
    The correct translation of this case will be done later, once the spec
    is updated.
    
    Signed-off-by: Dmitry Sidorov <dmitry.sidorov@intel.com>

commit c4c9b0c841155abdc9d9ef034b1f1c936c262d43
Author: Sven van Haastregt <sven.vanhaastregt@arm.com>
Date:   Wed Jun 23 17:35:21 2021 +0100

    [NFC] Regenerate *Enum.h files after spirv.hpp sync
    
    Regenerate SPIRVIsValidEnum.h and SPIRVNameMapEnum.h using
    tools/spirv-tool/gen_spirv.bash after syncing spirv.hpp and manually
    fix the following:
    
     - internal:: values are not handled, so they had to be added manually
       again.  Move all internal values to the end of the generated
       enum/function, so that they are together.
    
     - NameMap entries for IOPipesINTEL and FuncParamIOKindINTEL do not
       follow the convention of the other values, so they had to be
       changed back to their original values.

commit 684755199cb50f354cf1ba3e5ddfe250ed981253
Author: Sven van Haastregt <sven.vanhaastregt@arm.com>
Date:   Wed Jun 23 17:33:32 2021 +0100

    [NFC] Sync spirv.hpp with SPIRV-Headers
    
    Bring spirv.hpp in sync with f95c3b3 ("Merge pull request #219 from
    cmarcelo/SPV_EXT_shader_atomic_float16_add", 2021-06-23) from
    github.com/KhronosGroup/SPIRV-Headers .
    
    Notably, this brings the SPV_KHR_integer_dot_product extension enum
    values and CPP_for_OpenCL source language enum value, together with
    other additions.  There are some reorderings too.

commit 23a28b9716b5503fa0cb0d235cd0e3fe88ca2aa8
Author: Sven van Haastregt <sven.vanhaastregt@arm.com>
Date:   Wed Jun 23 17:08:01 2021 +0100

    Emit spirv_internal.hpp include

commit fc713025705db9c519fc307dccca6ad90dcaa6d0
Author: Mariya Podchishchaeva <mariya.podchishchaeva@intel.com>
Date:   Fri Jun 25 17:51:08 2021 +0300

    Add support of new IR pattern to transOCLBuiltinFromVariable (#1091)
    
    * Add support of new IR pattern to transOCLBuiltinFromVariable
    
    Some LLVM optimizations started generation of ascast -> gep -> load
    sequence, this patch adds support for it.

commit f8a2e49eb5a2f1dbd7ec725b53d6d27647650f5b
Author: Artem Gindinson <artem.gindinson@intel.com>
Date:   Fri Jun 25 14:19:57 2021 +0300

    [NFC] Move FPGA memory access enum definition (#1080)
    
    Since there's a dedicated `// Enums` section in the `OCLUtil.h` header,
    move the enum definition there.
    
    Signed-off-by: Artem Gindinson <artem.gindinson@intel.com>

commit 348d3cf97c121cab056331470cf761bad056c03c
Author: Artem Gindinson <artem.gindinson@intel.com>
Date:   Fri Jun 25 14:18:45 2021 +0300

    [RFC] Improve code for IVDep backwards translation (#1084)
    
    * [RFC] Improve code for IVDep backwards translation
    
    This refactoring phase comes down to moving the translation algorithm
    out of the already-cluttered `SPIRVToLLVM::setLLVMLoopMetadata()` body.
    
    For now, a static member-only class is employed: it provides encapsulation
    for helper functions while avoiding the unnecessary complexity that "true"
    class entities would bring. A simple `LoopsEmitted` set is used to guard
    against duplication of metadata for a particular loop by the callers.
    
    Signed-off-by: Artem Gindinson <artem.gindinson@intel.com>

commit 2eaec4bd7f8601cbb112d1c34c421484134dd433
Author: Leonid Pauzin <leonid.pauzin@intel.com>
Date:   Fri Jun 25 13:16:47 2021 +0300

    Fix TopologicalSort memory leak (#1092)

commit d5573a03fbcc41c52f9820f6f83afccdd8c34d66
Author: Dmitry <dmitry.sidorov@intel.com>
Date:   Fri Jun 25 13:13:45 2021 +0300

    Remove alias.scope/noalias exclusive restriction (#1061)
    
    It should be a valid case if alias.scope and noalias mask/decoration
    are applied to the same instruction.
    
    Signed-off-by: Dmitry Sidorov <dmitry.sidorov@intel.com>

commit ff198182a643de748d2fafad8d405c2c6c2f9c44
Author: Andrzej Ratajewski <andrzej.ratajewski@intel.com>
Date:   Thu Jun 17 14:15:40 2021 +0300

    Remove unncessary LLVM_FALLTHROUGH statements for empty switch cases

commit 9a81ba81fc1c00806271cbcc68187d041de1648e
Author: Andrzej Ratajewski <andrzej.ratajewski@intel.com>
Date:   Wed Jun 16 18:50:55 2021 +0300

    Fix SPIRV-IR for group opcodes

commit ddb5c962f0a11dc3dcc03e1e1840d2d826b95af9
Author: Artem Gindinson <artem.gindinson@intel.com>
Date:   Wed Jun 23 13:36:42 2021 +0300

    Fix SYCL/OpenCL vector size in DebugInfo reverse translation (#1082)
    
    * Fix SYCL/OpenCL vector size in DebugInfo reverse translation
    
    The SYCL/OpenCL specifications require that 3-element vectors
    are sized equally to the 4-element ones (see 4.10.2.1 and 4.10.2.6,
    khronos.org/registry/SYCL/specs/sycl-1.2.1.pdf). Meanwhile, the
    logic for translating SPIR-V debug info into LLVM IR obeys a
    trivial `vec_size = num_elems * elem_size` formula, which fails
    for the 3-element edge case.
    
    Example LLVM IR pre-translation:
    ```
    !0 = !DICompositeType(tag: DW_TAG_array_type, baseType: !3, size: 128, flags: DIFlagVector, elements: !1)
    !1 = !{!2}
    !2 = !DISubrange(count: 3)
    !3 = !DIBasicType(name: "int", size: 32, align: 32, encoding: DW_ATE_signed)
    ```
    Faulty LLVM IR after bi-directional translation (note the size in `!0`):
    ```
    !0 = !DICompositeType(tag: DW_TAG_array_type, baseType: !3, size: 96, flags: DIFlagVector, elements: !1)
    !1 = !{!2}
    !2 = !DISubrange(count: 3)
    !3 = !DIBasicType(name: "int", size: 32, align: 32, encoding: DW_ATE_signed)
    ```
    Until SPIR-V DI instructions are re-designed to store the array
    size information, handle the 3-element case explicitly to favor
    OpenCL/SYCL requirements.
    
    Signed-off-by: Artem Gindinson <artem.gindinson@intel.com>

commit b4d6f0ba0477b89edad7c4f30655f020ef486820
Author: Leonid Pauzin <leonid.pauzin@intel.com>
Date:   Mon Jun 21 15:12:54 2021 +0300

    Implemented SPIR-V support for loopcount attributes (#1062)
    
    * Implemented SPIR-V support for loopcount attrs
    
    There are 3 metadata, which map on LoopControlLoopCountINTELMask. Mask
    has 3 parameters. Default values are -1.
    
    Signed-off-by: Leonid Pauzin <leonid.pauzin@intel.com>

commit 2b8b4a81e296bc2cf246b1fc00771c1e121999a9
Author: Dmitry Sidorov <dmitry.sidorov@intel.com>
Date:   Mon Jun 21 12:58:01 2021 +0300

    Fix comments
    
    Signed-off-by: Dmitry Sidorov <dmitry.sidorov@intel.com>

commit ce647ca7dc687522cbe7404c0fe69522454a3935
Author: Dmitry Sidorov <dmitry.sidorov@intel.com>
Date:   Mon Jun 21 11:52:33 2021 +0300

    Apply suggestion
    
    Signed-off-by: Dmitry Sidorov <dmitry.sidorov@intel.com>

commit 767063313fa1c639c9dffb3657da8fe188741db0
Author: Dmitry Sidorov <dmitry.sidorov@intel.com>
Date:   Wed Jun 16 23:52:25 2021 +0300

    Replace assumptions during llvm.loop translation with checks
    
    There were 3 assumptions made during translation of llvm.loop metadata
    into LoopMerge instruction:
    1. A latch block for 'for' and 'while' loop ends with a unconditional
       branch instruction;
    2. A latch block for 'do-while' loop ends with a conditional branch
       instruction;
    3. For a 'conditional' latch basic block it assumes, that the first
       successor is the loop header and the second one is the exit block.
    
    All three of them can be violated in a case of an optimized IR is passed
    to the translator. In this case LoopMerge:
    a. can be placed in a wrong basic block;
    b. have continue target and merge block parameters sharing the same id.
    
    This patch makes the translator to assume less and do more checks via
    LLVM LoopInfo infrustructure.
    
    Signed-off-by: Dmitry Sidorov <dmitry.sidorov@intel.com>

commit 8f59b426696757370ea1ca7b0ff7ef2880e87150
Author: Sven van Haastregt <sven.vanhaastregt@arm.com>
Date:   Thu Jun 17 12:31:48 2021 +0100

    Fix OpModuleProcessed memory leak

commit 8679b960f46a5095e4230e1e350cef035f6f6b9e
Author: Sven van Haastregt <sven.vanhaastregt@arm.com>
Date:   Wed Jun 16 15:21:39 2021 +0100

    Update for sys::fs::OpenFlags LLVM API change
    
    Update for LLVM commit 3302af9d4c39 ("Support: Remove
    F_{None,Text,Append} compatibility synonyms, NFC", 2021-06-15).

commit 390aba96d83ccffce909f7274dd3add1a3010de5
Author: Mariya Podchishchaeva <mariya.podchishchaeva@intel.com>
Date:   Tue Jun 15 13:54:04 2021 +0300

    Fix handling of complex constant expressions (#1071)
    
    When some constant expression is used as operand of regular instruction
    and operand of other constant expression, the current algorithm of
    lowering could produce incorrect order of instructions because it is not
    possible to add instruction operand to a constant expression. Consider
    following pseudo code example:
    ```
    call foo(constexpr2(constexpr1), constexpr1)
    
    // After first loop iteration through operands of the call instruction:
    
    A = constexpr2op(constexpr1)
    call foo(A, constexpr1)
    
    // Ok, instruction A is now a user of constexpr1, so, when second
    // operand is processed, all uses of constexpr1 are updated, but the
    // instruction that represents constexpr1 is inserted before call
    // instruction because it is now being processed, so it will look like
    // this:
    
    A = constexpr2(B)
    B = constexpr1
    call foo(A, B)
    
    // So, instruction B needs to be moved after all its users to get a
    // valid module:
    
    B = constexpr1
    A = constexpr2(B)
    call foo(A, B)
    
    ```

commit 9bc1d5a51b819b84b4795fa56b803648e283f24c
Author: Sven van Haastregt <sven.vanhaastregt@arm.com>
Date:   Fri Jun 4 12:19:58 2021 +0100

    Handle OpSpecConstantOp with CompositeExtract and CompositeInsert
    
    Modify the constructors to allow passing a nullptr basic block (as is
    the case for variable initializers).
    
    Modify the constructors to take `SPIRVId`s instead of `SPIRVValue`s,
    which better reflects what is stored in the class, and saves us an
    unnecessary ID-to-Value-to-ID round trip in
    `createInstFromSpecConstantOp`.
    
    Modify test/opundef.spt to return the constructed value, so that it
    does not get optimized out.

commit 72f99e333c7a418dd8608159ef37891ade505f46
Author: Sven van Haastregt <sven.vanhaastregt@arm.com>
Date:   Thu Jun 3 17:24:18 2021 +0100

    Handle OpSpecConstantOp with VectorShuffle
    
    Modify the `SPIRVShuffleVector` constructor to allow passing a nullptr
    basic block (as is the case for variable initializers).
    
    Modify the `SPIRVShuffleVector` constructor to take `SPIRVId`s instead
    of `SPIRVValue`s, which better reflects what is stored in the class,
    and saves us an unnecessary ID-to-Value-to-ID round trip in
    `createInstFromSpecConstantOp`.

commit be24f4e2ab3ae9d56f7292bc3ed92c42b1aa9cd0
Author: Sven van Haastregt <sven.vanhaastregt@arm.com>
Date:   Thu Jun 10 14:10:15 2021 +0100

    Handle OpSpecConstantOp with Select
    
    `OpSpecConstantOp` may be used outside of a basic block (for example
    in a variable initializer).  Modify the `SPIRVSelect` constructor to
    accept a `nullptr` basic block.
    
    Use an IRBuilder when translating `OpSelect`, so that the resulting
    select expression will be created as a constant expression (and
    possibly constant-folded) where possible.
    
    Update some tests as the SPIR-V to LLVM translation now folds selects
    more aggressively due to the use of IRBuilder.

commit 29cc2bbadb4650cea644c22f737157867323268f
Author: Sven van Haastregt <sven.vanhaastregt@arm.com>
Date:   Wed Jun 9 15:18:49 2021 +0100

    Handle OpSpecConstantOp with SMod

commit 23a03d706460c3287d7ff27c43b3a7e9cf4ae43f
Author: Sven van Haastregt <sven.vanhaastregt@arm.com>
Date:   Thu Jun 3 15:30:02 2021 +0100

    Add tests for SConvert, UConvert, BitCast OpSpecConstantOp
    
    These do not need any further implementation work.

commit de228679290adf876a36010e5c0d476169edad8a
Author: Alexey Sotkin <alexey.sotkin@intel.com>
Date:   Wed Jun 9 17:52:12 2021 +0300

    Fix attachment of decoration to spec constants
    
    If a phi instruction uses result of __spirv_SpecConst() call which has
    not been translated yet, we created a OpForward instruction. Then we
    translated the call to OpSpecConstant and attached the SpecId decoration
    to it. After that, when we map LLVM value to SPIR-V values we detected
    that there is a OpForward instruction and replaced Id of OpSpecConstant
    with Id of the OpForward instruction, leaving the decoration targeted to
    non-existing instruction.
    
    To avoid this incorrect behaviour we should attach decorations after
    replacing OpForward instruction, i.e. in transDecoration method.
    
    Signed-off-by: Alexey Sotkin <alexey.sotkin@intel.com>

commit c4184ffecaed0880f2793ae3c12b4ef682db97f8
Author: Mariya Podchishchaeva <mariya.podchishchaeva@intel.com>
Date:   Thu Jun 10 15:10:25 2021 +0300

    Implement support for dynamic memmove (#1060)
    
    * Implement support for dynamic memmove
    
    Use LLVM expandMemMoveAsLoop function in case memmove intrinsic use has
    non-constant length.

commit 75e0b0e8434d7ee74e5835f17e804c98da4433cc
Author: Sven van Haastregt <sven.vanhaastregt@arm.com>
Date:   Wed Jun 9 14:31:27 2021 +0100

    [CI] Align clang-tidy/format versions to LLVM version
    
    Using a different LLVM version to obtain the compile commands may
    cause inclusion of compiler flags that aren't recognized by
    the older version of clang-tidy.

commit 43c071f68f737c814609016fbab09baa0a71518f
Author: Sven van Haastregt <sven.vanhaastregt@arm.com>
Date:   Wed Jun 2 16:37:13 2021 +0100

    Handle OpSpecConstantOp for integer comparisons
    
    This revealed that OpINotEqual was missing from
    isSpecConstantOpAllowedOp.
    
    Test co-authored by Stuart Brady.

commit b6e2bcc581dc2114dcb82f942b9e9d705fa07917
Author: Sven van Haastregt <sven.vanhaastregt@arm.com>
Date:   Wed Jun 2 15:00:50 2021 +0100

    Handle OpSpecConstantOp for SNegate, Not, and LogicalNot

commit cb7a560753e981ed60e655d74d845890291d482c
Author: Sven van Haastregt <sven.vanhaastregt@arm.com>
Date:   Wed Jun 2 15:31:56 2021 +0100

    Extend OpSpecConstantOp testing for initializers
    
    Co-authored-by: Stuart Brady

commit a775597026e75abcb74c3215ee28615db28631be
Author: Sven van Haastregt <sven.vanhaastregt@arm.com>
Date:   Wed Jun 2 15:10:42 2021 +0100

    Use IRBuilder for folding
    
    Rely on the IRBuilder to fold into constant expressions if possible.

commit ab43bedd9b2286ae9845fa9efe31e9ee73fe60a7
Author: Alexey Sotkin <alexey.sotkin@intel.com>
Date:   Tue Jun 8 11:41:06 2021 +0300

    [SPIR-V] Fix duplicate pointers
    
    Current implementation creates forward pointer only if direct pointee
    was already discovered during type traversal. But it is possible to have a
    cyclic dependency when pointer points to already discovered type via multiple
    intermediate types.
    
    Modified algorithm tracks cyclic dependency case via return value of the
    recursive algorithm.
    
    Signed-off-by: Alexey Sotkin <alexey.sotkin@intel.com>

commit 0d8d4c45ca548e8a8a421f1397ee73828e195068
Author: KornevNikita <33487926+KornevNikita@users.noreply.github.com>
Date:   Tue Jun 8 12:58:07 2021 +0300

    Fix translating of compile unit (#1057)
    
    * Fix translating of compile unit
    
    It's a patch to fix ignoring of checksum info when translating compile unit

commit dd9d1daa847cf786bc5c768956dc8b9d82396c06
Author: Dmitry Sidorov <dmitry.sidorov@intel.com>
Date:   Thu Jun 3 00:06:53 2021 +0300

    Change return value of mapType function
    
    It's a follow up change for https://github.com/KhronosGroup/SPIRV-LLVM-Translator/pull/1047
    
    Signed-off-by: Dmitry Sidorov <dmitry.sidorov@intel.com>

commit b3b6819e3795930886c7725478926cccf18d6e03
Author: Sven van Haastregt <sven.vanhaastregt@arm.com>
Date:   Thu Jun 3 13:08:11 2021 +0100

    [NFC] Use SPIRVBinaryInst for OpFMod and OpSMod
    
    OpFMod and OpSMod were implemented using a separate class, but
    seemingly without an underlying motivation.  Instead of a separate
    class, reuse the SPIRVBinaryInst class to unify OpFMod and OpSMod
    handling with other binary instructions.
    
    This change enables supporting FMod and SMod operators with
    OpSpecConstantOp, which will be done in a future commit.

commit 36b0ed319d3c48fc88efaf9efdd59886205620d7
Author: Sven van Haastregt <sven.vanhaastregt@arm.com>
Date:   Mon Jun 7 12:06:33 2021 +0100

    Update DebugInfo test for LLVM address space change
    
    After LLVM commit 333987b04589 ("[OpenCL] Add DWARF address spaces
    mapping for SPIR", 2021-06-04), the address space is now part of the
    debug info.  Update the pattern to accommodate it.

commit f9a0d13bd064e89517287a1f77d05603bf00d4a5
Author: Artem Gindinson <artem.gindinson@intel.com>
Date:   Thu Jun 3 15:45:48 2021 +0300

    Move SPV_INTEL_fast_composite tokens into internal:: namespace
    
    This is being done as one of the migration steps to downloading
    spirv.hpp from SPIR-V Registry during the build time.
    
    Signed-off-by: Artem Gindinson <artem.gindinson@intel.com>

commit 4c199cfdb1c0977f942f622bde1567a475a0fa50
Author: Artem Gindinson <artem.gindinson@intel.com>
Date:   Wed Jun 2 14:43:22 2021 +0300

    Fix clang-tidy concerns for FP atomic function lowering
    
    Signed-off-by: Artem Gindinson <artem.gindinson@intel.com>

commit 0024f4efe799a44a3a1f5cecca33d4972a0d2ac8
Author: Artem Gindinson <artem.gindinson@intel.com>
Date:   Mon May 24 07:59:01 2021 +0300

    Lower atomic FP __spirv builtins into OpenCL 1.2 & 2.0 builtins
    
    In backwards translation, we look to treat FP-typed atomic functions
    from multi-vendor extensions similarly to "regular" atomics.
    
    Co-authored-by: Mariya Podchishchaeva <mariya.podchishchaeva@intel.com>
    Co-authored-by: Artem Gindinson <artem.gindinson@intel.com>

commit aff5013ac52571f9b380961796cb44501f79cc7b
Author: Sven van Haastregt <sven.vanhaastregt@arm.com>
Date:   Fri May 14 14:29:51 2021 +0100

    Add OpSpecConstantOp test

commit 1b1dc0e2a1514b16b7550886aec9dae2e353eeb1
Author: Sven van Haastregt <sven.vanhaastregt@arm.com>
Date:   Thu May 13 15:52:37 2021 +0100

    Support OpSpecConstantOp in array type length

commit 599f3db52c9b25d02a8f8010817500e8601ce585
Author: Sven van Haastregt <sven.vanhaastregt@arm.com>
Date:   Thu May 13 12:52:30 2021 +0100

    Support OpSpecConstantOp in OpVariable initializer
    
    The Initializer can be a constant instruction, which includes
    OpSpecConstantOp instructions.

commit dcc742aaf172d40b81f85d0ee293bcbf1a8dbe74
Author: Sven van Haastregt <sven.vanhaastregt@arm.com>
Date:   Thu May 13 11:24:33 2021 +0100

    [NFC] Move top level SpecConstant tests into dedicated dir

commit 2201a3528626687d85074d6e471315efae4b9c4a
Author: Dmitry <dmitry.sidorov@intel.com>
Date:   Wed Jun 2 15:50:58 2021 +0300

    [SPIR-V] Stop re-writing SPIR-V type map (#1047)
    
    * [SPIR-V] Stop re-writing SPIR-V type map
    
    There is a map used during forward translation. It links LLVM type
    and SPIR-V type, that is being generated, LLVM type here is used as
    a key. Due to a bug in type mapping (information is below), it's
    possible that for a single pointer type in LLVM, the translator
    will create 2 physically-indentical SPIR-V pointer types and with
    previous implementation of mapType function the map would be changed
    during the second type insertion. This patch prevents it, forcing
    to reuse the type that was created first, though we would still have
    an unused duplication of this type in SPIR-V module.
    
    Please consider following LLVM IR sample:
    %struct._ZTS4Args.Args = type { %struct._ZTS6Object.Object addrspace(4)* }
    %struct._ZTS6Object.Object = type { i32 (%struct._ZTS6Object.Object addrspace(4)*, i32)* }
    
    Here we have 2 LLVM type declarations. The translator will recursively
    go through structure members and then through element types of the
    pointer types, creating the appropriate SPIR-V types and mapping them
    on LLVM types. Due to a recursive nature of this algorithm, here we will
    have '%struct._ZTS6Object.Object addrspace(4)*' be processed twice with
    2 SPIR-V type declaration instruction being created.
    
    Signed-off-by: Dmitry Sidorov <dmitry.sidorov@intel.com>

commit 2f8a388a680ac85917baf2098bf11ffa87487658
Author: KornevNikita <33487926+KornevNikita@users.noreply.github.com>
Date:   Wed Jun 2 12:52:45 2021 +0300

    [SPIRV] New FPGA function attribute for DSP control (#1046)
    
    This patch adds to SPIR-V translator support of the new FPGA function attributes
    for DSP control of math operations.
    Spec: KhronosGroup/SPIRV-Registry#100

commit 6b6f26285e1b627ff25f8a69f3d4414813185d5e
Author: KornevNikita <33487926+KornevNikita@users.noreply.github.com>
Date:   Mon May 31 16:39:20 2021 +0300

    Add error generation when using memmove pass with PHINode as source (#1041)
    
    * Report error when llvm.memmove is used with PHINode as the source operand
    
    This is a patch to describe a failure in visitMemMoveInst function caused by
    using llvm.memmove with PHINode as the source.

commit 485c8c781fae42e1a9d85b88e28e2ccca53fa56a
Author: Mariya Podchishchaeva <mariya.podchishchaeva@intel.com>
Date:   Tue May 25 14:29:28 2021 +0300

    Map OpVariable to LLVM value before initializer translation
    
    When some global variable contains constant function pointer to a
    function and this global variable is referenced from the pointed
    function, translation crashed because intializer for global variable was
    translated before mapping of OpVariable to LLVM value. It happened
    because during translation of initializer in such case the original
    variable was met for the second time, but it wasn't mapped to a proper
    llvm value.

commit 091c366ccefccdd0b0afd12262c9d575463d29dd
Author: Dmitry Sidorov <dmitry.sidorov@intel.com>
Date:   Thu May 20 10:49:36 2021 +0300

    Implement SPV_INTEL_token_type extension
    
    This extension adds a type-declaration instruction OpTypeTokenINTEL,
    which is an analog of LLVM's type token. This type specifies IDs of
    entry points and exit points of certain IL constructs, for example it
    can be useful for exception handling representation in IL.
    
    Spec: https://github.com/intel/llvm/pull/3788
    
    Signed-off-by: Dmitry Sidorov <dmitry.sidorov@intel.com>

commit e303a5f8e9adc101fd89b5433cbda53bbfce330e
Author: Dmitry Sidorov <dmitry.sidorov@intel.com>
Date:   Tue May 25 19:14:54 2021 +0300

    Implement SPV_INTEL_fpga_invocation_pipelining_attributes extension
    
    Some FPGA devices and toolchains can support customizable levels or
    implementation of pipeline parallelism when mapping a SPIR-V module
    to hardware. Through pipeline parallelism, multiple invocations of
    a kernel or function can execute concurrently.
    
    This extension adds decorations to request that a kernel or function
    support invocations at a specified initiation interval, that multiple
    invocations are forbidden from executing concurrently, or that the
    kernel or function is limited to a maximum number of concurrent
    invocations.
    
    Spec:
    https://github.com/KhronosGroup/SPIRV-Registry/blob/38a7e56b9b7feab7fa8b3bea08770f7232b76ed2/extensions/INTEL/SPV_INTEL_fpga_invocation_pipelining_attributes.asciidoc
    
    Signed-off-by: Dmitry Sidorov <dmitry.sidorov@intel.com>

commit b76877314c08e56fc30c8521d3835ccc053fd2f0
Author: KornevNikita <33487926+KornevNikita@users.noreply.github.com>
Date:   Wed May 26 21:05:11 2021 +0300

    Fix for ParseChecksum function (#1021)
    
    * Fix for ParseChecksum function
    
    This is a patch to fix failure, caused by bringing as argument of ParseChecksum
    StringRef with non-zero length, but with empty data.

commit efa761be7caeb15d5b48493b3c84cd9f928fcecc
Author: Artem Gindinson <artem.gindinson@intel.com>
Date:   Tue May 25 13:56:21 2021 +0300

    Facilitate pre-installed Clang detection for in-tree builds (#1042)
    
    Comply with LLORG community changes in llvm/llvm-project@a1e6565.
    
    Signed-off-by: Artem Gindinson <artem.gindinson@intel.com>

commit e692250090a0f802efd06fa7fcce6696146c46b5
Author: Sven van Haastregt <sven.vanhaastregt@arm.com>
Date:   Fri May 7 10:27:22 2021 +0100

    Add missing atomic include
    
    std::memory_order used in this file is defined in <atomic>, which was
    not included directly.

commit c62ef5e4fc016a2eff2403cb943d9121fb98a588
Author: Mariya Podchishchaeva <mariya.podchishchaeva@intel.com>
Date:   Mon May 17 13:31:25 2021 +0300

    Fix SPIRV-IR for OpImageWrite instruction (#1018)
    
    * Fix SPIRV-IR for OpImageWrite instruction
    
    Do not translate it directly to OCL.

commit 76c76efeb8bcb3414dcd26ef938de43eb1beb516
Author: Mariya Podchishchaeva <mariya.podchishchaeva@intel.com>
Date:   Fri May 14 13:32:14 2021 +0300

    Fix SPIR-V friendly IR for OpGenericCastToPtr instruction (#1019)
    
    * Fix SPIR-V friendly IR for OpGenericCastToPtr instruction
    
    This instruction was translated directly to OCL even if SPIR-V
    friendly LLVM IR was requested.

commit f280ba082906f8c4f1c3e2c8c14a51851f5b7e45
Author: Sven van Haastregt <sven.vanhaastregt@arm.com>
Date:   Thu May 13 11:13:56 2021 +0100

    Remove execute bit from test files

commit f2dc1b284686d897fc4aec73b6714ea53b70237b
Author: Sven van Haastregt <sven.vanhaastregt@arm.com>
Date:   Thu May 13 11:13:29 2021 +0100

    Fix placeholder in test
    
    %from-spirv is not a valid substitution and just results in a file
    with that name.

commit 960cbc950f5dc5004d95efdf05b65a5d4ccc5305
Author: Sven van Haastregt <sven.vanhaastregt@arm.com>
Date:   Fri May 7 16:49:27 2021 +0100

    Only fail getSpecConstInfo if badbit is set
    
    Attempting to read past EOF may set both the `eofbit` and the
    `failbit`, neither of which should be fatal in this case.  This could
    cause test/OpSpecConstant.spvasm to fail spuriously.

commit c436aef9dadebc03da49f53cfff0a3505c67c270
Author: Andrzej Ratajewski <andrzej.ratajewski@intel.com>
Date:   Tue Apr 20 08:35:57 2021 +0200

    Move OCL-IR translation logic related to EIS instructions to SPIRVToOCL pass
    
    This change also fixes vstore translation for SPV-IR generation path and adds
    test for vstore and printf.

commit 6171e51e5a71f8c8bfe6181dd1cf943289950416
Author: Yilong Guo <yilong.guo@intel.com>
Date:   Fri May 7 19:25:03 2021 +0800

    Expose SPIRVToOCL12, SPIRVToOCL20 interfaces in SPIRVToOCL.h (#1023)
    
    Expose SPIRVToOCL12, SPIRVToOCL20 interfaces in SPIRVToOCL.h
    
    This "recommit"s #904, which was accidentally "revert"ed by #840
    
    Signed-off-by: Yilong Guo <yilong.guo@intel.com>

commit b900298263acbc0c0085b92909f7d22ff896a283
Author: Mariya Podchishchaeva <mariya.podchishchaeva@intel.com>
Date:   Wed Apr 28 18:47:24 2021 +0300

    Fix SPIR-V friendly IR for event opcodes
    
    This instruction was translated directly to OCL even if SPIR-V
    friendly LLVM IR was requested.

commit a05fc6cf3c99550c7422bf6ef8fe3b35b3533a17
Author: amochalo <anastasiya.mochalova@intel.com>
Date:   Fri Apr 30 14:43:43 2021 +0300

    Fix memory leak after getAsInstruction
    
    Adding a destructor and a special class field to account for getAsInstruction instruction.
    Per LLVM documentation, getAsInstruction doesn't attach the result to any Module/Function/Basic Block and therefore it is not deleted as part of their destructors; basically, any pointers to this memory are lost at the end of corresponding if scopes.
    
    Signed-off-by: amochalo <anastasiya.mochalova@intel.com>

commit 38db03756989a8c2cc3b203d35424081eba8df4a
Author: Alexey Sachkov <alexey.sachkov@intel.com>
Date:   Fri Apr 30 17:20:58 2021 +0300

    Relax handling of boolean specialization constants (#1015)
    
    When SPIR-V friendly IR is used, it might be the case that it was
    generated by some other LLVM tool and/or pass and for boolean types it
    is possible that they are represented as i8 instead of i1 in LLVM IR
    (depending on how they were used in the original source file).
    
    This patch adjusts and relaxes handling of boolean specialization
    constants from SPIR-V friendly IR to get the following signatures
    acceptable: `i1 _Z20__spirv_SpecConstantia(i32, i8)`.

commit 5594d7c112edb21508526c6a3b0068df3a4201c6
Author: Alexey Sotkin <alexey.sotkin@intel.com>
Date:   Thu Mar 4 17:49:10 2021 +0300

    Redesign handling of forward pointers
    
    In some cases the current implementation doesn't create forward pointers
    when they are required. New approach is to create forward pointers
    during sorting of the type instructions.
    
    Signed-off-by: Alexey Sotkin <alexey.sotkin@intel.com>

commit ebbf0bf7a23807b51f9a1e14399e7cb720bc5b0c
Author: Alexey Sotkin <alexey.sotkin@intel.com>
Date:   Thu Apr 22 18:32:47 2021 +0300

    Replace type pointers by ids in SPIRVTypeFunction
    
    The type of a function parameter may be id of a forward declared pointer type.
    When we decode such module, we can't construct SPIRVTypeFunction, because
    actual SPIRVTypePointer has not been decoded yet. Instead we can keep ids of
    paramter types which can be resolved later.
    
    Signed-off-by: Alexey Sotkin <alexey.sotkin@intel.com>

commit 3e2f6016777690b6f07e35c764f027bcfaf89539
Author: Mariya Podchishchaeva <mariya.podchishchaeva@intel.com>
Date:   Tue Apr 27 18:36:49 2021 +0300

    [NFC] Remove dead code
    
    This code is not needed after 9f3c10f4.

commit 9a9ab202eceb240fc5aeafc13586e7ad50eafc6f
Author: Alexey Sachkov <alexey.sachkov@intel.com>
Date:   Fri Feb 19 23:21:06 2021 +0300

    [GitHub Actions] Fix paths-ignore
    
    Changed `xml` -> `yml` to avoid launching some workflows on unrelated
    changes, like we don't need to launch out-of-tree build if the only
    changed file in the PR is in-tree build configuration.

commit a9d38191c8b33efcf4a7504c860e8d335d74d423
Author: Wenju He <wenju.he@intel.com>
Date:   Mon Apr 26 16:27:45 2021 +0800

    Fix -Werror=non-virtual-dtor -Werror=suggest-override errors (#1016)
    
    Fixed the following warnings:
    - "has virtual functions and accessible non-virtual destructor"
    - runOnModule "can be marked override"

commit ceffb80335e08c719697998e4f0c0bf6137fa5c1
Author: Dmitry Sidorov <dmitry.sidorov@intel.com>
Date:   Wed Apr 21 12:04:59 2021 +0300

    [NFC] Fix FPGALoopAttr.ll after fd94103
    
    Signed-off-by: Dmitry Sidorov <dmitry.sidorov@intel.com>

commit f7c5deac0c0ec91dacee4a15ce94b3b4cc11e1e2
Author: Dmitry Sidorov <dmitry.sidorov@intel.com>
Date:   Fri Apr 9 12:33:47 2021 +0300

    Add missing lines
    
    Signed-off-by: Dmitry Sidorov <dmitry.sidorov@intel.com>

commit 43b1e22655345a24fddaed6b34c6514a6dcc1da9
Author: Dmitry Sidorov <dmitry.sidorov@intel.com>
Date:   Wed Apr 7 13:25:10 2021 +0300

    Simplify the test
    
    Signed-off-by: Dmitry Sidorov <dmitry.sidorov@intel.com>

commit 972b1c707424546beab1062dbea150d7126316c0
Author: Dmitry Sidorov <dmitry.sidorov@intel.com>
Date:   Wed Apr 7 12:14:19 2021 +0300

    Map NoWrite function parameter attribute on LLVM readonly
    
    Signed-off-by: Dmitry Sidorov <dmitry.sidorov@intel.com>

commit 1582ad7674e5defc681bc459d3e4735c557c723a
Author: Dmitry Sidorov <dmitry.sidorov@intel.com>
Date:   Fri Apr 16 16:03:18 2021 +0300

    Add 'willreturn' attribute to OpenCL work-item functions
    
    These functions will definitely return result, so lets annotate
    them with the attribute during reverse translation.
    
    Also, in https://reviews.llvm.org/D96993 behavior of DCE pass was
    changed. Now it doesn't remove non-willreturn calls. So for example
    in a case when user called get_global_id(dimidx) several times -
    redundant calls without 'willreturn' attribute won't be eliminated.
    
    Signed-off-by: Dmitry Sidorov <dmitry.sidorov@intel.com>

commit 98afee036bac22e1a027234589370ee429d6b2b0
Author: Dmitry Sidorov <dmitry.sidorov@intel.com>
Date:   Wed Apr 7 01:02:25 2021 +0300

    Remove mapping of NoWrite function parameter attribute on qual metadata
    
    The NoWrite SPIR-V function parameter provides an assurance that
    memory pointed to by a NoWrite pointer will not be modified through
    that pointer.
    
    The const qualifier (represented in LLVM IR for kernel functions
    using kernel_arg_type_qual metadata) does not provide any such
    guarantee. There is nothing that prevents a function that takes a
    pointer to a const pointee from stripping the const pointer away
    and modifying the pointee.
    
    As such, it is not appropriate to translate from one to the other,
    and so the code for doing so should be removed, so that this
    translation is not performed either when translating from LLVM IR
    to SPIR-V, or when translating from SPIR-V to LLVM IR.
    
    Signed-off-by: Dmitry Sidorov <dmitry.sidorov@intel.com>

commit 88a0c20147e6ee1694fcea62d93c20ace4b08d8e
Author: Dmitry Sidorov <dmitry.sidorov@intel.com>
Date:   Thu Apr 15 20:14:47 2021 +0300

    Fix clang-format
    
    Signed-off-by: Dmitry Sidorov <dmitry.sidorov@intel.com>

commit 350451eb64b3fe5379f37ad696691462d301c19e
Author: Dmitry Sidorov <dmitry.sidorov@intel.com>
Date:   Mon Apr 12 15:15:46 2021 +0300

    Don't remove SPV_INTEL_optimization_hints declaration
    
    Signed-off-by: Dmitry Sidorov <dmitry.sidorov@intel.com>

commit c31e033f5f5e2c316586509ba8b66a3bfc4a3a1d
Author: Dmitry Sidorov <dmitry.sidorov@intel.com>
Date:   Wed Apr 7 18:05:47 2021 +0300

    Fix macro
    
    Signed-off-by: Dmitry Sidorov <dmitry.sidorov@intel.com>

commit f7525948c119ab936d127a15dc590a95c98caf19
Author: Dmitry Sidorov <dmitry.sidorov@intel.com>
Date:   Wed Apr 7 15:06:57 2021 +0300

    Promote SPV_INTEL_optimization_hints to SPV_KHR_expect_assume
    
    Signed-off-by: Dmitry Sidorov <dmitry.sidorov@intel.com>

commit c0e2f0ee3ef1feb97b078fb8b620e708a3932b5e
Author: Yilong Guo <yilong.guo@intel.com>
Date:   Fri Apr 16 15:28:07 2021 +0800

    [DbgTran] Translate subprogram debug info before scopes
    
    This resolves the parent scope dependency issue of lexical blocks.
    
    Signed-off-by: Yilong Guo <yilong.guo@intel.com>

commit b9e4fa4b912d9dc65f776c94197185a86d1d200f
Author: Pavel Chupin <pavel.v.chupin@intel.com>
Date:   Mon Apr 19 00:09:13 2021 -0700

    Fix warning when build by clang (#1004)
    
    Warning message:
    private field 'RetTy' is not used [-Werror,-Wunused-private-field]
    
    Signed-off-by: Pavel V Chupin <pavel.v.chupin@intel.com>

commit 5071ae977065ac11661c6d3a9e56cf42f2258c42
Author: amochalo <anastasiya.mochalova@intel.com>
Date:   Mon Apr 5 18:04:27 2021 +0300

    Translate the llvm.fshr intrinsic function
    
    Add llvm.fshr intrinsic translation, similar to llvm.fshr translation.
    Add test for that
    A detailed description of FSHR can be found at
    https://llvm.org/docs/LangRef.html#llvm-fshr-intrinsic
    
    Signed-off-by: amochalo <anastasiya.mochalova@intel.com>

commit 4418e70edefa57b16cfc2bb7d0c4ee0556244c73
Author: Sven van Haastregt <sven.vanhaastregt@arm.com>
Date:   Fri Apr 16 09:49:09 2021 +0100

    [CI] Exclude spirv.hpp for clang-format

commit 5d910604dfb5dd1aa570721748257468afb2934c
Author: amochalo <anastasiya.mochalova@intel.com>
Date:   Mon Mar 15 11:32:14 2021 +0300

    Fix llvm-spirv crash when count of Fortran metadata variables is an array
    
    Handle the case when Count of Fortran metadata variables is an array
    
    Signed-off-by: amochalo <anastasiya.mochalova@intel.com>

commit 6f1afb4752a3a0d3a359fee7fce98133fa057e8d
Author: KornevNikita <33487926+KornevNikita@users.noreply.github.com>
Date:   Wed Apr 14 14:08:13 2021 +0300

    Fix transTypeComposite bug (#964)
    
    * Fix transTypeComposite bug
    
    This is a workaround to fix an error caused by DIBuilder which always creates
    a node with the DW_TAG_struct_type tag for both class and structure.

commit ea6935b158fecebde96e5d8be8d760a5302a04f0
Author: Dmitry <dmitry.sidorov@intel.com>
Date:   Wed Apr 14 13:13:13 2021 +0300

    Fix incorrect translation of FPGA decoration on arrays (#983)
    
    * Fix incorrect translation of FPGA decoration on arrays
    
    var.annotation shall be emitted, but instead the translator was
    generating ptr.annotation. It was happening due to incorrect assumption,
    that for attributed static memory variable decoration shall be applied
    to alloca instruction, whilst in the reality the alloca instruction
    might be hidden by several cast instructions.
    
    Signed-off-by: Dmitry Sidorov <dmitry.sidorov@intel.com>

commit 2c6156165c9c3e60e82174a7e4a751e53d462624
Author: Dmitry <dmitry.sidorov@intel.com>
Date:   Tue Apr 13 19:18:52 2021 +0300

    Tolerate more inputs during alias.scope/noalias MD translation (#994)
    
    According to https://llvm.org/docs/LangRef.html aliasing metadata
    must have following layout:
    List { MD Node Scope1, (other scopes) ... }
    Scope1 { MD Node Scope1, MD Node Domain1, (optional MD String) }
    ... (other scopes)
    Domain1 { MD Node Domain1, (optional MD String) }
    ... (other domains)
    
    and this pattern is actually being checked in LLVM's
    ScopedNoAliasAA.cpp.
    
    But in a harsh reality LLVM opt have bugs, which can result in this
    pattern violation. So lets be more tolerant to the input IR module.
    
    Signed-off-by: Dmitry Sidorov <dmitry.sidorov@intel.com>

commit f653af399450acf70e16a84b958206205a97ecf0
Author: Sven van Haastregt <sven.vanhaastregt@arm.com>
Date:   Tue Apr 13 09:59:49 2021 +0100

    Update for LLVM iterator change
    
    Fix the build after LLVM commit 0a92aff721f4 ("Replace uses of
    std::iterator with explicit using", 2021-04-12).

commit ff7d062aaaf2a7ab712609e1153e90f9929a2a49
Author: KornevNikita <33487926+KornevNikita@users.noreply.github.com>
Date:   Mon Apr 12 18:00:01 2021 +0300

    Fix crash at translation of Entity of DebugImportedEntity (#951)
    
    This is workaround to fix crash, which caused by using `dyn_cast` on a `nullptr`,
    as the result of translation of `Entity` operand of `DebugImportedEntity`, because
    this operand is `DebugInfoNone`.

commit 58d6120e35528bbc0f43fa4bbb323864473073f1
Author: Nikita Rudenko <nikita.rudenko@intel.com>
Date:   Fri Mar 12 20:57:07 2021 +0300

    Add HandleLLVMOptions to main CMakeLists.txt
    to propagate configuration flags. In particular, this enables
    Multi-threaded option in MSVC (instead of Multi-threaded DLL)

commit fcf7c48fb9f9eaeb0896c6f4d9cbdffcc83a4ad5
Author: Nikita Rudenko <nikita.rudenko@intel.com>
Date:   Tue Mar 23 20:13:30 2021 +0300

    Fix uninitialized variables warnings
    These warnings come into place when HandleLLVMOptions is imported

commit bb97a5dfd36753ad2db99c116ff10ea8f413812a
Author: Neil Hickey <neil.hickey@arm.com>
Date:   Fri Nov 20 09:21:30 2020 +0000

    Initial implementation of new LLVM PassManager Passes.
    
    This commit just introduces the new PassManager to the LLVMToSPIRV Translator.
    Moved all the Pass functionality into base class and added two new derived classes, one for the LegacyPM one for the new PM.
    Migrating to usage of the new PM will come in a subsequent commmit.

commit 4ad66e55c73c8876b4cfbc5ba7be1de265509597
Author: Sven van Haastregt <sven.vanhaastregt@arm.com>
Date:   Mon Apr 12 09:44:47 2021 +0100

    [CI] Run check-code-style on explicit OS version
    
    Instead of specifying "latest", which GitHub may change any time,
    specify the OS version that the checks actually depend on.

commit b2a85e8fcc9cdd1c31b7baa6e9cdf6856328ae9d
Author: Mariya Podchishchaeva <mariya.podchishchaeva@intel.com>
Date:   Mon Apr 12 12:16:02 2021 +0300

    Fix SPIRV friendly IR for OpImageSampleExplicitLod&OpSampledImage (#984)
    
    These instructions were translated directly to OCL even if SPIR-V
    friendly LLVM IR was requested.

commit 974749c53412863552164a580ec543ae1b076730
Author: Dmitry <dmitry.sidorov@intel.com>
Date:   Thu Apr 8 14:28:26 2021 +0300

    Implement SPV_INTEL_memory_access_aliasing extension (#966)
    
    * Implement SPV_INTEL_memory_access_aliasing extension
    
    This extension adds analogs of alias.scope and noalias metadata
    in SPIR-V. These metadata is being used to annotate non-aliasing
    memory accesses and being generated, for example, during inlining
    of functions with restrict pointer parameters.
    
    Spec: https://github.com/intel/llvm/pull/3426
    
    This patch also casually adds OpDecorateId in the translator flow.
    
    Signed-off-by: Dmitry Sidorov <dmitry.sidorov@intel.com>

commit 5d0b8de16634d39bd63bfc9672eaffa0ec2dab59
Author: Ben Ashbaugh <ben.ashbaugh@intel.com>
Date:   Tue Apr 6 02:21:20 2021 -0700

    fix legacy atomic and memory fence memory order and scope (#965)
    
    * fix memory scope and memory order for legacy atomics
    * fix memory order for legacy memory fence functions
    
    Co-authored-by: Mikhail Lychkov <51128024+mlychkov@users.noreply.github.com>
    Signed-off-by: Ben Ashbaugh <ben.ashbaugh@intel.com>

commit 733c4612c926ed5bf68d3c8b2e288cea55c64bf2
Author: Mochalova Anastasiya <anastasiya.mochalova@intel.com>
Date:   Mon Apr 5 21:49:33 2021 +0300

    Add llvm.*max and llvm.*min intrinsics translation (#973)
    
    
    Signed-off-by: amochalo <anastasiya.mochalova@intel.com>

commit 56988bb67213554db07932d0f0765a5f0de2e581
Author: Mariya Podchishchaeva <mariya.podchishchaeva@intel.com>
Date:   Fri Apr 2 10:26:33 2021 +0300

    Fix SPIR-V friendly IR for OpGroupAsyncCopy and OpGroupWaitEvents (#963)
    
    These instructions were translated directly to OCL even if SPIR-V
    friendly LLVM IR was requested.

commit 6b29cc624a5aad1c372c926a831ab833598c8e4f
Author: Dmitry Sidorov <dmitry.sidorov@intel.com>
Date:   Thu Apr 1 12:04:36 2021 +0300

    [NFC] Remove unnecessary addCapability calls for decorations
    
    It's already handled in SPIRVEnum.h.
    
    Signed-off-by: Dmitry Sidorov <dmitry.sidorov@intel.com>

commit f4a0a027e8bef29718028fdbc5fd01280fb8931c
Author: Andrzej Ratajewski <andrzej.ratajewski@intel.com>
Date:   Mon Mar 29 14:37:28 2021 +0200

     Fix emission of SPIR-V friendly IR for vload/vload_half/vload_halfn/vloada_halfn OpenCL EIS instructions

commit 7225f1a2678376dd8b5cbd11a7c83e5d047a68e4
Author: Mariya Podchishchaeva <mariya.podchishchaeva@intel.com>
Date:   Tue Mar 30 19:45:35 2021 +0300

    Add support for SPV_KHR_linkonce_odr (#950)
    
    This extension adds a new Linkage Type LinkOnceODR. A global variable or
    function with such linkage type can be merged with equivalent global variables
    or functions from other modules during the linking process. The primary use case
    of this linkage type is to satisfy the C++ language One Definition Rule.
    
    The spec
    https://github.com/KhronosGroup/SPIRV-Registry/blob/master/extensions/KHR/SPV_KHR_linkonce_odr.asciidoc

commit e4af3a9d6c1e3066b52b957e80915452c735b69b
Author: Andrzej Ratajewski <andrzej.ratajewski@intel.com>
Date:   Tue Mar 23 14:04:05 2021 -0400

    Fix mangling of OpAtomicUMax/OpAtomicUMin representation in SPV-IR

commit 767f67240009ae22f595d5ff0c4d9ec455a65357
Author: Anatoly Parshintsev <anatoly.parshintsev@intel.com>
Date:   Tue Mar 23 18:59:25 2021 +0300

    Try to derive the size of vectors when translating DICompositeType
    
    SPIRV translator does not have the facilities to preserve the size specified
    in the DICompositeType node for DW_TAG_array_type.  Instead, it relies on the
    size of the underlying base type to calculate the intended size. In
    cases when the underlying base type is typedef - this size can`t be
    restored. This commit introduces a way to recursively traverse the
    definition of the base type to restore the original size

commit 64be6c6efe33c2c190b78884416b80b542326875
Author: Dmitry <dmitry.sidorov@intel.com>
Date:   Wed Mar 24 11:46:30 2021 +0300

    Print path info in error messages only in debug build (#941)
    
    * Print path info in error messages only in debug build
    
    Signed-off-by: Dmitry Sidorov <dmitry.sidorov@intel.com>

commit aa78268c2a11885349d8cd13f09753db7b33d3f7
Author: KornevNikita <33487926+KornevNikita@users.noreply.github.com>
Date:   Mon Mar 22 18:22:21 2021 +0300

    [SPIRV] Encode CodeView checksum information in SPIR-V (#936)
    
    * [SPIRV] Encode CodeView checksum information in SPIR-V
    
    This is a workaround to keep CodeView checksum information throughout the
    translation. The idea is to store checksum kind and value to Ops[TextIdx]
    and then parse this string while creating DIFile.

commit 336a61db944338f428659632949021991f909db2
Author: Naveen Saini <naveen.kumar.saini@intel.com>
Date:   Thu Mar 4 11:23:20 2021 +0800

    cmake: allow to enable/disable ccache
    
    By default ccache is enabled.
    
    Signed-off-by: Naveen Saini <naveen.kumar.saini@intel.com>

commit e5fb5473a18d9f7fab2a98ca73c28642052007f4
Author: Yilong Guo <yilong.guo@intel.com>
Date:   Wed Mar 3 15:45:28 2021 +0800

    [DbgTran] Fix wrong usage of replaceTemporary
    
    The uniqued node could have a different address.
    
    Signed-off-by: Yilong Guo <yilong.guo@intel.com>

commit 94ec2b67d249aa068f4318a99a5bfba23e01a351
Author: Sven van Haastregt <sven.vanhaastregt@arm.com>
Date:   Tue Mar 2 11:30:08 2021 +0000

    Use -fdeclare-opencl-builtins for more .cl tests
    
    Since clang commit 85eb12eefdf6 ("[OpenCL] Add declarations with
    enum/typedef args", 2021-02-24), Clang provides most of the OpenCL
    builtin functions through the faster `-fdeclare-opencl-builtins` flag.
    Update various .cl tests to make use of this flag, to speed up running
    of the tests and to avoid maintaining excerpts from `opencl-c.h` in
    the tests.

commit 12bf9628d5a05aa542ddf9bf5c32e12eca0ecddd
Author: amochalo <anastasiya.mochalova@intel.com>
Date:   Tue Mar 9 21:47:56 2021 +0300

    Add Early Exit
    
    Signed-off-by: amochalo <anastasiya.mochalova@intel.com>

commit c4a0702f27976b904e390c380c512da9d270b215
Author: amochalo <anastasiya.mochalova@intel.com>
Date:   Thu Mar 4 14:48:49 2021 +0300

    Remove language check assert
    
    According to specification, OpSource has no semantic impact and can safely be removed from a module. Therefore, such a strict check is not required.
    
    Signed-off-by: amochalo <anastasiya.mochalova@intel.com>

commit 25ed710028ab03ae7dda594b1097563e4214f0d1
Author: Artem Gindinson <artem.gindinson@intel.com>
Date:   Tue Mar 9 12:32:48 2021 +0300

    Fix builds: adjust to the new DbgVariableIntrinsic API
    
    The API change is brought by llvm/llvm-project@e5d958c.
    
    Signed-off-by: Artem Gindinson <artem.gindinson@intel.com>

commit d46ee756e31c813ee4556ca29ef9ddc7c0fb86c9
Author: Mikhail Lychkov <mikhail.lychkov@intel.com>
Date:   Fri Feb 26 16:56:24 2021 +0300

    [SYCL][FPGA] Update ArbitraryFloatCastTo/FromInt processing
    
    Add processing of a new parameter To/FromSign that specifies if integer value
    to cast to/from is signed or not for ArbitraryFloatCastTo/FromInt functions.
    
    See spec update (intel/llvm#1934): https://github.com/intel/llvm/blob/ea96f3ccee007e04074af6e275dbfce4fce13717/sycl/doc/extensions/SPIRV/SPV_INTEL_arbitrary_precision_floating_point.asciidoc
    
    Signed-off-by: Mikhail Lychkov <mikhail.lychkov@intel.com>

commit 601e4a5895c328b575edb7b07c4a924daa42bc88
Author: KornevNikita <33487926+KornevNikita@users.noreply.github.com>
Date:   Wed Mar 3 14:08:19 2021 +0300

    [SPIRV] Encode debug info producer in SPIR-V (#924)
    
    * [SPIRV] Encode debug info producer in SPIR-V
    
    This is a workaround to keep debug info producer information throughout the
    translation. We need it because the debug info specification doesn't provide
    means to carry this information.

commit e219ce06d3f2e77fe0e87aba47ad5e138cfafce0
Author: Sven van Haastregt <sven.vanhaastregt@arm.com>
Date:   Tue Mar 2 09:40:22 2021 +0000

    Update DebugInfo test after LLVM change
    
    Update for LLVM commit d39bc36b1be7 ("[debug-info] refactor
    emitDwarfUnitLength", 2021-02-25).

commit a53d233f5d1439817c5656592ac35a9a25dc9bab
Author: Jason Ekstrand <jason.ekstrand@intel.com>
Date:   Wed Feb 24 11:07:39 2021 -0600

    Implement read/write_mem_fence
    
    There's no real difference at the SPIR-V level between these and the
    more generic mem_fence intrinsic because mem_fence is already relaxed
    and SPIR-V doesn't have a concept of anything more relaxed than that.
    
    Closes: #920

commit fac29d67074a261ad2a230e99797b5f7c1cca508
Author: Sven van Haastregt <sven.vanhaastregt@arm.com>
Date:   Thu Feb 25 14:31:45 2021 +0000

    Fix -Wignored-qualifiers warnings
    
    Fix two instances of:
    
      warning: type qualifiers ignored on cast result type [-Wignored-qualifiers]

commit 0db2efed7a062f83974a289e2ee0f0db14317471
Author: Mikhail Lychkov <mikhail.lychkov@intel.com>
Date:   Thu Feb 4 14:22:38 2021 +0300

    Add support for constant integers of any bitwidth
    
    Add translation of constant integers of any bitwidth greater or equal 2.
    However, they are still limited to maximum supported number of words in
    one SPIR-V instruction. For constants maximum word count for literal
    part is 65532. So, max integer bitwidth is 65532*32.
    
    Signed-off-by: Mikhail Lychkov <mikhail.lychkov@intel.com>

commit 574d5bb0f2a1173bb7e39549937bed7173d9681e
Author: Artem Gindinson <artem.gindinson@intel.com>
Date:   Wed Feb 24 10:43:27 2021 +0300

    Minimize IR for atomic float tests (#917)
    
    Removes excessive kernel code from the test examples. The key
    source-level change for re-generating such IR from Intel SYCL is
    to use `SYCL_EXTERNAL` function definitions instead of "true"
    heterogeneous code. E.g. the following DPC++ code may be used to
    generate IR for the AtomicFAdd test:
    
    ```
    using namespace cl::sycl;
    
    template <typename T>
    using atomic_ref_T = ONEAPI::atomic_ref<T, ONEAPI::memory_order::relaxed,
                         ONEAPI::memory_scope::device,
                         access::address_space::global_space>;
    
    SYCL_EXTERNAL decltype(auto) AtomicFloatInc(float &Arg) {
      atomic_ref_T<float> Atm(Arg);
      return Atm.fetch_add(1);
    }
    
    SYCL_EXTERNAL decltype(auto) AtomicDoubleInc(double &Arg) {
      atomic_ref_T<double> Atm(Arg);
      return Atm.fetch_add(1);
    }

commit 156909678f99fcf6d8c6eb5c85483bfb92526ac0
Author: Alexey Sachkov <alexey.sachkov@intel.com>
Date:   Fri Feb 19 23:34:27 2021 +0300

    Remove Travis CI badge

commit 06bddc1c80a0d37a9b94524bc313d76025734674
Author: Alexey Sachkov <alexey.sachkov@intel.com>
Date:   Fri Feb 19 23:12:06 2021 +0300

    Disable Travis CI on master branch
    
    We have GitHub Actions configured and there is no need to use two CI
    systems at the same time.
    
    The .travis.yml config file is not removed completed yet as we haven't
    swithed to use GitHub Actions on release branches - this file will be
    kept as some kind of reference for now.

commit 1dbc09c7c07c61184d384d3bacab4a6b13d1ef1a
Author: Artem Gindinson <artem.gindinson@intel.com>
Date:   Fri Feb 19 23:00:03 2021 +0300

    Accept intrinsic namings into -spirv-allow-unknown-intrinsics (#912)
    
    Previously, enabling the option would let all intrinsics through
    the translator. From now on, the option can be configured so
    that only specific intrinsic calls with the given prefix are
    allowed, while those not matching the prefix will result in an
    error as if no option was given.
    
    The allowed intrinsic prefixes are fed into the option as a
    comma-separated list, akin to `--spirv-ext`. The list can also
    be left unspecified, which, as before, will accept all intrinsic
    calls into SPIR-V.
    
    One of the relevant use cases involves llvm.genx.* intrinsics,
    which stem from SYCL ESIMD code, but can also mix with common LLVM
    intrinsics that stem from regular SYCL code. It would be desirable
    to allow ESIMD-specific intrinsics, but still error out on other
    unknown ones, To better highlight this case, all ESIMD-specific
    tests have been switched to passing an explicit prefix to the
    CLI option.

commit b89b25ffa6badad229502b857e876f9709355ad9
Author: Yilong Guo <yilong.guo@intel.com>
Date:   Wed Feb 3 14:45:46 2021 +0800

    Expose SPIRVToOCL12, SPIRVToOCL20 interfaces in SPIRVToOCL.h
    
    Signed-off-by: Yilong Guo <yilong.guo@intel.com>

commit 90feaa58b1786b373f1f46ba81fd1b41aca81b20
Author: Ge Jin <ge.jin@intel.com>
Date:   Tue Jul 28 15:29:31 2020 +0800

    Support llvm.is.constant
    
    Signed-off-by: Ge Jin <ge.jin@intel.com>
    Co-authored-by: Alexey Sachkov <alexey.sachkov@intel.com>
    Co-authored-by: Artem Gindinson <artem.gindinson@intel.com>

commit 9f3c10f4991a5b66618994de8a60ea35cb34cb18
Author: Mariya Podchishchaeva <mariya.podchishchaeva@intel.com>
Date:   Thu Feb 18 09:25:25 2021 +0300

    Fix SPIR-V friendly LLVM IR for conversion functions (#899)
    
    In most cases convert functions are translated to set of LLVM IR
    instructions but in case of saturated conversion or if conversion has
    rounding mode, the translation should go through SPIR-V friendly LLVM IR.

commit d1213fe1c6be56bc8b9796079337ee7489ed1360
Author: Artem Gindinson <artem.gindinson@intel.com>
Date:   Tue Feb 16 14:15:06 2021 +0300

    Support the SPV_EXT_shader_atomic_float_min_max extension (#916)
    
    * Support the SPV_EXT_shader_atomic_float_min_max extension
    
    As with other atomic instructions, we're looking to translate
    an LLVM IR call akin to `__spirv_AtomicFMaxEXT()` into a
    corresponding SPIR-V OpCode akin to `AtomicFMaxEXT`.
    
    Extension specification can be found at
    https://github.com/KhronosGroup/SPIRV-Registry/blob/master/extensions/EXT/SPV_EXT_shader_atomic_float_min_max.asciidoc
    
    Support in SPIR-V Header was added with
    https://github.com/KhronosGroup/SPIRV-Headers/pull/189.
    
    Signed-off-by: Artem Gindinson <artem.gindinson@intel.com>

commit 20ba782e10ecc645980bbdfdd065e636f505a7f9
Author: Dmitry <dmitry.sidorov@intel.com>
Date:   Tue Feb 16 00:26:32 2021 +0300

    Ignore experimental_noalias_scope_decl intrinsic (#906)
    
    
    Signed-off-by: Dmitry Sidorov <dmitry.sidorov@intel.com>

commit 3f314d82aa9d9cffe9ca86bb406bf8a610064381
Author: Mariya Podchishchaeva <mariya.podchishchaeva@intel.com>
Date:   Mon Feb 15 20:02:44 2021 +0300

    Implement SPV_INTEL_optnone extension (#913)
    
    This extension adds new Function Control mask value to request to not
    optimize the corresponding function. It supposed to work as analog of
    `optnone` function attribute in LLVM IR.
    
    The spec can be found under https://github.com/intel/llvm/pull/3198

commit 5cc492e2211ac32f34caf7e0082ee97e3786d0e1
Author: Zahira Ammarguellat <zahira.ammarguellat@intel.com>
Date:   Tue Feb 9 10:42:51 2021 -0800

    Fixed various compiler errors.
    
    Our compiler is triggering various errors. This is a patch to fix them.

commit c65388fcd4eac9ce070fc330d5fe263ba2c72d66
Author: Dmitry Vodopyanov <dmitry.vodopyanov@intel.com>
Date:   Tue Feb 9 19:58:55 2021 +0300

    Fix test/DebugInfo/X86/static_member_array.ll
    
    This patch fixes static_member_array.ll test which fails on Windows. The
    reason why it failed is missing a-f letters in hex number from regex in
    test.

commit 2a899bada27c7ad41f00fc45dd37d329e48acd64
Author: Alexey Sotkin <alexey.sotkin@intel.com>
Date:   Wed Feb 10 12:36:48 2021 +0300

    Fix translation of cmpxchg instruction
    
    Previous implementation optimized produced code assuming a particular
    pattern in input LLVM IR. But that assumption is not always correct.
    Now we always insert extra instructions to preserve semantics of cmpxchg.
    Those extra instruction can be optimized later.
    
    Signed-off-by: Alexey Sotkin <alexey.sotkin@intel.com>

commit 8f0126098ee623ee1085d2e6596c7f483597c848
Author: Mariya Podchishchaeva <mariya.podchishchaeva@intel.com>
Date:   Mon Feb 8 17:26:38 2021 +0300

    Fix LLVM-SPIRV::dbg-value-location.ll test
    
    After recent changes in LLVM, debug info for this test changed for
    Windows triple and caused test fail on Windows. Debug info can be
    represented in several ways, it may depend on the triple. This test was
    originally made for x86_64-apple-darwin10.0.0 triple, so this patch sets
    this triple permanently.

commit 2e3658a8b47368eb98c7911810a354e5b1e47a02
Author: Nikita Rudenko <nikita.rudenko@intel.com>
Date:   Thu Jan 14 13:33:04 2021 +0000

    Fix visitUIToFPInst method in SPIRVLowerBool
    The method did not handle correctly the case where
    operand of UIToFPInst instruction is vector. This patch fixes it.
    
    Co-authored-by: Sven van Haastregt <sven.vanhaastregt@arm.com>

commit bdf1d1b25d578b3dc4b12d10ef0bc854f7eeb5bc
Author: Sven van Haastregt <sven.vanhaastregt@arm.com>
Date:   Mon Feb 1 11:11:55 2021 +0000

    Treat warnings as errors in out of tree CI builds
    
    Ensure build warnings are not left unnoticed in CI builds.  Only do
    this for out of tree builds, such that any warnings from compiling
    LLVM sources are not breaking the build unnecessarily.

commit f80a4ecd35cdf6092b0b28986adebc6963d958db
Author: Sven van Haastregt <sven.vanhaastregt@arm.com>
Date:   Mon Feb 1 11:05:58 2021 +0000

    Fix unused variable warnings in release builds

commit a8e59e326c4f609d53381cc3c86c348cd0cd7ae3
Author: Sven van Haastregt <sven.vanhaastregt@arm.com>
Date:   Wed Jan 27 09:34:13 2021 +0000

    Update LLVM version from 12 to 13

commit bd391609380a34685747206bc4acf890d6a04232
Author: Alexey Sotkin <alexey.sotkin@intel.com>
Date:   Fri Jan 29 16:25:16 2021 +0300

    Fix access specifiers in debug info
    
    This commit fixes two issues:
    
    1. FlagIsProtected and FlagIsPrivate had wrong values.
    
    2. Set access flags for class/struct/union members which don't have sccess
       flags set in input LLVM IR, because Clang "optimized" them out in case the
       flags match with default access specifier of the containing type.
       This change also required adjustment of LIT tests to reflect the fact that
       now in DWARF we emit DW_AT_accessibility attribute even for members with
       deafult access specifier.
    
    Signed-off-by: Alexey Sotkin <alexey.sotkin@intel.com>

commit fabf003152489f0579ebd535376579a2217d1dba
Author: DmitryBushev <dmitry.bushev@intel.com>
Date:   Thu Dec 17 17:03:29 2020 +0300

    Update translator for new Fast Composite extension
    
    SPV_INTEL_fast_composite extension specification separated some
    decorations and execution modes from SPV_INTEL_vector_compute

commit 0dac9b028ead5602411073a42e8da661f2ce1cb0
Author: Sven van Haastregt <sven.vanhaastregt@arm.com>
Date:   Thu Jan 28 10:48:40 2021 +0000

    Switch to LLVM main branch
    
    The LLVM project is renaming the "master" branch to "main" [1].
    Update the CI configuration and README for this change.
    
    [1] https://foundation.llvm.org/docs/branch-rename/

commit 5b641633b3bcc3251a52260eee11db13a79d7258
Author: Alexey Sotkin <alexey.sotkin@intel.com>
Date:   Tue Jan 26 13:55:28 2021 +0300

    Improve decoding of constant composites (#885)
    
    * Improve decoding of constant composites
    
    Signed-off-by: Alexey Sotkin <alexey.sotkin@intel.com>

commit bec81d1cc9fe22ae87045d74f441e92eb7899a65
Author: Sven van Haastregt <sven.vanhaastregt@arm.com>
Date:   Tue Jan 19 10:26:12 2021 +0000

    Do not truncate subgroup return value
    
    Various SPIR-V subgroup operations return a boolean value, whereas the
    equivalent OpenCL builtins return a zero or non-zero integer value.
    
    Until now, the SPIR-V to OpenCL conversion would yield a truncate to
    convert from integer to boolean, which is incorrect because any
    non-zero integer value should be treated as a "true" value.  Use a
    compare for the conversion instead.
    
    Also rename the helper function to reflect better what it does and add
    some comments.

commit 2a9faf76e3849f610b5145eeee64227f0ce211f0
Author: Sven van Haastregt <sven.vanhaastregt@arm.com>
Date:   Tue Jan 19 14:53:13 2021 +0000

    Set capabilities for BuiltIn Decorations
    
    BuiltIn Decorations have their own Enabling Capabilities, so report
    those capabilities when emitting a BuiltIn Decoration.

commit 736e6c26c6034885f101f6cc7529272a28cb5130
Author: Sven van Haastregt <sven.vanhaastregt@arm.com>
Date:   Tue Jan 19 13:51:02 2021 +0000

    Print capability string instead of number in debug

commit 5d678fe1b57378a0c24546ed2573aec40d0229fa
Author: Dmitry Sidorov <dmitry.sidorov@intel.com>
Date:   Tue Jan 19 20:05:40 2021 +0300

    Add support for non-constant 'Scope' operand of OpMemoryBarrier
    
    Signed-off-by: Dmitry Sidorov <dmitry.sidorov@intel.com>

commit bc0936f1b232552593030152cd70b6f9c34a8368
Author: Sven van Haastregt <sven.vanhaastregt@arm.com>
Date:   Tue Jan 19 15:18:44 2021 +0000

    [CI] Only check code style in include/ and lib/

commit 588e825884258fa2c7a0581f53fe45ca25fed226
Author: Alexey Bader <alexey.bader@intel.com>
Date:   Mon Jan 18 17:35:27 2021 +0300

    Update links to external documents.
    
    Fix a typo in LLVM IR example.

commit 4f5545867fc36e5f61a073e941dde854bb48a416
Author: Mariya Podchishchaeva <mariya.podchishchaeva@intel.com>
Date:   Tue Jan 12 14:54:39 2021 +0300

    Fix names of some instructions in SPIR-V friendly IR
    
    Remove double mangling for OpAll/OpAny and relational instructions. Add
    return type to name of function which corresponds to
    OpImageQuerySizeLod/OpImageQuerySize instructions.

commit 8155f8fa80e9ed16a1b67ce88830290a3faac563
Author: Viktoria Maximova <viktoria.maksimova@intel.com>
Date:   Mon Jan 18 16:57:52 2021 +0300

    Lower SIToFPInst with bool operand (#869)
    
    `SIToFPInst` LLVM instruction is translated to `OpConvertSToF` SPIR-V instruction.
    `OpConvertSToF` instruction can not receive boolean operand, so replace it with
    the select instruction.

commit ea1d263bbf0f86dee8086dc4f09ae63a64af246a
Author: Kurapov, Petr <petr.a.kurapov@intel.com>
Date:   Tue Jan 12 20:15:46 2021 +0300

    Fix isSpirvBinary signature

commit fc5550ce08b955b67e3237820919cccf1bd4bbd8
Author: Alexey Sachkov <alexey.sachkov@intel.com>
Date:   Thu Dec 17 20:33:31 2020 +0300

    Make GitHub Action badges links to build history

commit 4728e862c513922b859a0abc6386c174ea123669
Author: Sven van Haastregt <sven.vanhaastregt@arm.com>
Date:   Wed Dec 30 11:22:51 2020 +0000

    Update tests after LLVM uses poison for some vector ops
    
    Update for LLVM commit 278aa65cc495 ("[IR] Let IRBuilder's
    CreateVectorSplat/CreateShuffleVector use poison as placeholder",
    2020-12-30).

commit da075cd53a4081e5a2fcafec8b52c6472400e0a8
Author: Artem Gindinson <artem.gindinson@intel.com>
Date:   Mon Dec 7 20:24:09 2020 +0300

    [NFC] Instantiate atomic instructions via inheritance
    
    The objective of this change is to reduce `OpCode`-based branching in the base
    class for atomic instructions, and to simplify specialization for ones that will
    be added in future.
    
    Signed-off-by: Artem Gindinson <artem.gindinson@intel.com>

commit f57e6c9b425e58e366c2bcdbc78fa463250c6639
Author: Viktoria Maximova <viktoria.maksimova@intel.com>
Date:   Fri Dec 25 10:53:30 2020 +0300

    Translate cmpxchg instruction in case it is followed by store inst (#865)

commit 2494cb01b64dce078da12137c8502166b5ee0962
Author: Artem Gindinson <artem.gindinson@intel.com>
Date:   Tue Dec 22 11:15:58 2020 +0300

    Fix out-of-tree builds by installing OpenMP libs explicitly
    
    Signed-off-by: Artem Gindinson <artem.gindinson@intel.com>

commit cbeeb9b57a3e3ada247d84342c9041c2ee029a25
Author: Mariya Podchishchaeva <mariya.podchishchaeva@intel.com>
Date:   Mon Dec 21 11:19:29 2020 +0300

    Fix build with g++ 8.3.0 (#857)
    
    g++ 8.3.0 diagnoses invalid cast from SPIRVEntry* to SPIRVType* in
    SPIRVEntry.h file because SPIRVType is a forward declaration in this
    file. Move the method which requires this conversion to cpp file where
    definition of SPIRVType is available.

commit 9326deff2916f9f566aadf5cedeb58f8d65e945e
Author: gejin <ge.jin@intel.com>
Date:   Thu Dec 17 14:36:16 2020 +0800

    Move fp-intrinsic test to test/llvm-intrinsic
    
    Signed-off-by: gejin <ge.jin@intel.com>

commit 988cde556e3c852d10230d3086904f659a054e17
Author: gejin <ge.jin@intel.com>
Date:   Thu Dec 10 22:46:09 2020 +0800

    Fix clang format issue
    
    Signed-off-by: gejin <ge.jin@intel.com>

commit 933ea0b6bb07a7a0e27616a9562bb833d4b40561
Author: gejin <ge.jin@intel.com>
Date:   Thu Dec 10 22:41:22 2020 +0800

    Add support for some llvm FP intrinsic in llvm-spirv
    
    Signed-off-by: gejin <ge.jin@intel.com>

commit f897d9b0b6e6caf2b58a6747c0b897b0ae5e48c4
Author: Mariya Podchishchaeva <mariya.podchishchaeva@intel.com>
Date:   Wed Dec 16 17:34:52 2020 +0300

    Fix build after 41c3b2713 llvm commit

commit ff6d190fd0d838af8eed0ae949d504997a9a2094
Author: Dmitry <dmitry.sidorov@intel.com>
Date:   Wed Dec 16 15:39:59 2020 +0300

    Update spirv.hpp (#810)
    
    New spirv.hpp is generated from github.com/KhronosGroup/SPIRV-Headers
    using following PRs:
    - KhronosGroup/SPIRV-Headers#176
    - KhronosGroup/SPIRV-Headers#177
    with an exception of `SPV_INTEL_fpga_loop_fuse` and
    `SPV_INTEL_long_constant_composite` extensions definitions that were added
    manually in this PR.

commit ff9babe1a88054b55bc20a7bf2e9a34a75c5d07b
Author: Mariya Podchishchaeva <mariya.podchishchaeva@intel.com>
Date:   Thu Dec 10 23:27:57 2020 +0300

    Implement SPV_INTEL_long_constant_composite extension (#848)
    
    It is not possible to represent constant array initializer with number of
    elements greater than maximum word count (65532) in SPIR-V. Splitting big array
    before SPIR-V translation doesn't seem like a robust solution and can cause
    performance problems.
    To fix this disadvantage we can use something like OpSource and
    OpSourceContinued pair of instructions, i.e. invent a new instruction which
    will hold remaining constituents of a composite constant if resulting number
    of constituents is greater than maximum word count.

commit 7200048f48998707a635d94fca819f8d9bef773e
Author: Mariya Podchishchaeva <mariya.podchishchaeva@intel.com>
Date:   Wed Dec 9 18:53:05 2020 +0300

    Improve ignoring of vim swap files by git
    
    When a file opened in vim multiple times, vim starts producing swap
    files with different extensions, for example .swo. Add them to gitignore
    so git doesn't highlight them.

commit 1cb18fd7f9abb3098e45fa1c4b2b146399dcff99
Author: Alexey Sachkov <alexey.sachkov@intel.com>
Date:   Wed Dec 9 17:45:33 2020 +0300

    Add possibility to lower llvm.fmuladd into mad from OpenCL extinst (#824)

commit 02c43e7568618343ab00569c96c931bd2343f774
Author: Sven van Haastregt <sven.vanhaastregt@arm.com>
Date:   Wed Dec 9 09:27:10 2020 +0000

    [NFC] Remove non-ASCII characters from source

commit 6b330aa57f451cf68c7956f41880ee4bf13f3392
Author: Alexey Bader <alexey.bader@intel.com>
Date:   Tue Dec 8 21:19:53 2020 +0300

    Fix typo in the comments.

commit 09d5508a737fac6bd491b93840d64957dfa41f7f
Author: Viktoria Maksimova <viktoria.maksimova@intel.com>
Date:   Tue Dec 8 17:32:03 2020 +0300

    Do not run test if spirv-as is not present on the system

commit 2f70dccda368494dcd6bae214d793c5c65b44c5e
Author: Viktoria Maximova <viktoria.maksimova@intel.com>
Date:   Tue Dec 8 11:22:27 2020 +0300

    Implement lowering of llvm.umul.with.overflow.* intrinsic (#743)
    
    Since the intrinsic can't be mapped to SPIR-V directly, its semantics has been
    implemented as a function in LLVM IR.

commit b4dcf7c939c88a01c9dcef2a7dfd53a635acad52
Author: Alexey Sotkin <alexey.sotkin@intel.com>
Date:   Thu Dec 3 17:07:47 2020 +0300

    Add 'convergent' attribute for group and subgroup instructions.
    
    Signed-off-by: Alexey Sotkin <alexey.sotkin@intel.com>

commit 7a1f9b3bb0d94406186b3b706aa1688233e4388d
Author: Dmitry Sidorov <dmitry.sidorov@intel.com>
Date:   Fri Nov 27 10:31:01 2020 +0300

    Implement SPV_INTEL_fpga_loop_fuse extension
    
    It adds LoopFuseINTEL decoration Request, to the extent possible,
    that loops in the function be fused if they are contained in strictly
    fewer than Depth other loops in the function. Depth is a 32-bit
    unsigned integer type scalar with value at least 1. Independent is a
    32-bit unsigned integer type scalar. If Independent is non-zero, it
    guarantees that negative distance dependencies do not exist between
    loops in the function that are contained in strictly fewer than Depth
    other loops within the function.
    
    Spec:
    https://github.com/KhronosGroup/SPIRV-Registry/pull/88/
    
    Signed-off-by: Dmitry Sidorov <dmitry.sidorov@intel.com>

commit c0f719496e029fd8990c8e482fba683a5d10b7bf
Author: Dmitry Sidorov <dmitry.sidorov@intel.com>
Date:   Thu Dec 3 11:42:27 2020 +0300

    Replace illegal address space casts asserts with errors
    
    Purpose of this patch is to make the translator a little bit more
    user-friendly. For example following SYCL code:
      SYCL_EXTERNAL sycl::global_ptr<int> kernel_fun(int *ptr) {
        return sycl::global_ptr<int>((int*)&ptr);
      }
    
    is UB since it has an implicit cast from private address space to
    global. It's hard to detect such UB in FE, hence this diagnostic is
    moved to the translator (which already had it, but in form of an
    assert).
    
    Signed-off-by: Dmitry Sidorov <dmitry.sidorov@intel.com>

commit d5c5b4f8daafd978001911912f8bfcb62f8b07b2
Author: Alexey Sachkov <alexey.sachkov@intel.com>
Date:   Thu Dec 3 22:41:18 2020 +0300

    Improve paths-ignore in our CI workflows
    
    There are more reasons to skip particular workflows, like:
    - if we change check-code-style workflow, no need to launch builds
    - if we change some CMakeLists.txt, no need to launch check-code-style

commit 6699bc50e3c2201b45f2d1dbaa071be0099d8481
Author: Alexey Sachkov <alexey.sachkov@intel.com>
Date:   Thu Dec 3 22:43:53 2020 +0300

    Apply clang-format

commit 5503dea29c391302543ce60d72964b756c4c39d6
Author: Alexey Sachkov <alexey.sachkov@intel.com>
Date:   Thu Dec 3 22:30:33 2020 +0300

    Reduce amount of noise from clang-tidy
    
    When we do some changes to `include/LLVMSPIRVExtension.inc`, clang-tidy
    complains about undefined `EXT` macro, because it looks at the file
    alone, while it was designed to be included from another file where
    `EXT` is defined.
    
    In order to fix this constant complain, let's add a dummy definition of
    `EXT` macro instead of using `#error` directive.

commit 09a49260921883809873c271f01bc161b8488199
Author: Dmitry Sidorov <dmitry.sidorov@intel.com>
Date:   Mon Nov 16 22:38:17 2020 +0300

    Add SchedulerTargetFmaxMhzINTEL execution mode
    
    Indicates the target clock frequency (Fmax) for the kernel, in MHz.
    Only valid with the Kernel Execution Model.
    
    Spec:
    https://github.com/KhronosGroup/SPIRV-Registry/blob/master/extensions/INTEL/SPV_INTEL_kernel_attributes.asciidoc
    
    Signed-off-by: Dmitry Sidorov <dmitry.sidorov@intel.com>

commit a506cbc97328c06f9cd1371a00a0fc0871ed3e64
Author: Dmitry Sidorov <dmitry.sidorov@intel.com>
Date:   Fri Nov 20 20:22:50 2020 +0300

    Implement SPV_INTEL_fpga_cluster_attributes extension
    
    This extension adds a decoration, applicable on functions, that
    statically-scheduled clusters should handle stalls using a
    stall-enable signal to freeze computation within the cluster.
    
    Spec: https://github.com/KhronosGroup/SPIRV-Registry/pull/85/
    
    Signed-off-by: Dmitry Sidorov <dmitry.sidorov@intel.com>

commit 1e420a3c1ae08a95887ec38f0d55f8cc19077793
Author: Dave Airlie <airlied@redhat.com>
Date:   Tue Dec 1 10:42:23 2020 +1000

    Support LLVM 12 interface change for getTypeByName
    
    fe431683484a3041e024ab2373bb707b1ca8d1cf in llvm master
    changed how this API is used.
    
    Signed-off-by: Dave Airlie <airlied@redhat.com>

commit 70bd4cabded77f5bc60d910becdddf30ff2065f5
Author: Dmitry <dmitry.sidorov@intel.com>
Date:   Tue Dec 1 13:42:52 2020 +0300

    Move assume/expect to spirv_internal.hpp (#832)
    
    SPV_INTEL_optimization_hints isn't going to be upstreamed to SPIR-V
    Headers repository, therefore this patch is needed. Also it serves
    a purpose to show, how can extensions be implemented using
    spirv_internal.hpp.
    
    Signed-off-by: Dmitry Sidorov <dmitry.sidorov@intel.com>

commit 54849c57499aac207608679cc8479eeb9b24c58f
Author: Artem Gindinson <artem.gindinson@intel.com>
Date:   Mon Nov 23 18:49:19 2020 +0300

    Support the SPV_EXT_shader_atomic_float_add extension
    
    The new `AtomicFAddEXT` instruction will be mapped onto
    `__spirv_AtomicFAddEXT()` external calls in LLVM IR. No
    additional logic is required to facilitate this - the
    existing infrastructure does the replacement by default
    based on the `__spirv` prefix.
    
    The full specification can be found at
    github.com/KhronosGroup/SPIRV-Registry/blob/master/extensions/EXT/SPV_EXT_shader_atomic_float_add.asciidoc
    
    Signed-off-by: Artem Gindinson <artem.gindinson@intel.com>

commit 101c918e1fae3f8e85777e7427e4e34ab3afe333
Author: Mochalova Anastasiya <anastasiya.mochalova@intel.com>
Date:   Mon Nov 30 17:17:28 2020 +0300

    Add support for SPV_INTEL_fp_fast_math_mode (#822)
    
    Spec: https://github.com/KhronosGroup/SPIRV-Registry/pull/85
    
    Signed-off-by: amochalo <anastasiya.mochalova@intel.com>

commit 17096c1071bab0567b7a83517ca183ef60fca50d
Author: Dmitry Sidorov <dmitry.sidorov@intel.com>
Date:   Fri Nov 20 20:14:09 2020 +0300

    Add intel::nofusion loop attribute translation
    
    The new loop control bit NoFusionINTEL is enabled by the FPGALoopControlsINTEL
    capability. If this bit is set, it indicates that the loop should not be fused
    with any adjacent loop.
    
    Signed-off-by: Dmitry Sidorov <dmitry.sidorov@intel.com>

commit 1c11bc0fe40db0144de0727b23f8ed744d122152
Author: Alexey Sotkin <alexey.sotkin@intel.com>
Date:   Thu Nov 26 13:28:01 2020 +0300

    Extend atomics.spt test with SPIR-V friendly IR representation
    
    Signed-off-by: Alexey Sotkin <alexey.sotkin@intel.com>

commit aabb6265a57275496862465a1c388f74ea650dde
Author: Alexey Sotkin <alexey.sotkin@intel.com>
Date:   Mon Nov 23 17:06:17 2020 +0300

    Support atomic ordering for LLVM load/store instructions
    
    LLVM IR "store atomic" and "load atomic" instructions are now lowered
    to the corresponding SPIR-V atomics.
    
    Signed-off-by: Andrew Savonichev <andrew.savonichev@intel.com>
    Signed-off-by: Alexey Sotkin <alexey.sotkin@intel.com>

commit 4c2b1d1bcbb4e8284623aa03e4eeb305a6beabfc
Author: Alexey Sotkin <alexey.sotkin@intel.com>
Date:   Thu Nov 26 15:02:22 2020 +0300

    Add command line options test for OpSpecConstantComposite
    
    Signed-off-by: Alexey Sotkin <alexey.sotkin@intel.com>

commit c6c81771a63e6ea5295793295c2feedeaaa7ea80
Author: Alexey Sotkin <alexey.sotkin@intel.com>
Date:   Thu Nov 12 12:13:33 2020 +0300

    Support of OpSpecConstantComposite instruction
    
    Signed-off-by: Alexey Sotkin <alexey.sotkin@intel.com>

commit 4b31abb0000dcd5a3a5ba00b22bd593e42732578
Author: Dmitry Sidorov <dmitry.sidorov@intel.com>
Date:   Wed Nov 18 12:56:29 2020 +0300

    Make LoopControlLoopCoalesceINTELMask parameter be mandatory
    
    Otherwise we can't make any assumptions about LoopControl parameters
    order.
    
    Signed-off-by: Dmitry Sidorov <dmitry.sidorov@intel.com>

commit c6eadcac3434e0aa0adcc456eaf584a2a716d371
Author: Dmitry Bushev <dmitry.bushev@intel.com>
Date:   Thu Nov 26 19:43:47 2020 +0300

    Add support for VectorComputeFastCompositeKernelINTEL (#827)
    
    Added translation of VCFCEntry kernel attribute to execution mode
    VectorComputeFastCompositeKernelINTEL

commit 52a1027bc74acb6de1b0193bd4b00ebac9fa953d
Author: Alexey Sotkin <alexey.sotkin@intel.com>
Date:   Thu Nov 26 12:42:50 2020 +0300

    Add GitHub Actions badges

commit d58078d22a0c4f197cdb8f203db23be3f0958682
Author: Artem Gindinson <artem.gindinson@intel.com>
Date:   Mon Nov 2 17:34:01 2020 +0300

    Move the "IVDep on closure fields" test into the common directory
    
    Signed-off-by: Artem Gindinson <artem.gindinson@intel.com>

commit 62496052486e35d248fc6b336729c2ee1c34c9cc
Author: Artem Gindinson <artem.gindinson@intel.com>
Date:   Mon Nov 2 14:15:37 2020 +0300

    [SYCL][FPGA] Fix IVDep translation for pointer parameters
    
    The original implementation of IVDep for kernel closure parameters
    (KhronosGroup/SPIRV-LLVM-Translator@f0e3545e1f)
    has only resolved array parameters. When the attribute is applied
    to a pointer instead, an additional load instruction gets emitted
    for each access by the FE compiler. Accesses to different load
    results have been treated as different arrays, while still referring
    to the same memory. As a consequence, accesses to the same pointer
    have been marked into different `!llvm.index.group` metadata nodes -
    essentially, this issue is what the new patch aims to resolve.
    
    Additionally, the IR for the test was bumped up to the new LLVM
    version.
    
    Signed-off-by: Artem Gindinson <artem.gindinson@intel.com>

commit 2d87a4f8d671394fe288a7e6d3630e928bc576ca
Author: Artem Gindinson <artem.gindinson@intel.com>
Date:   Wed Nov 25 18:06:59 2020 +0300

    [Doc] Update the test build instructions
    
    - Ensure correct naming of `LLVM_SPIRV_INCLUDE_TESTS` in the
      documentation;
    - Clarify the usage scenario of the `LLVM_EXTERNAL_LIT` variable.
    
    Signed-off-by: Artem Gindinson <artem.gindinson@intel.com>

commit 66e4aa84d16ad3e826427a251f33a239c6b463c5
Author: Artem Gindinson <artem.gindinson@intel.com>
Date:   Wed Nov 25 14:56:23 2020 +0300

    Align with LLORG on sret/byval parameter attribute types (#830)
    
    * Align with llvm.org on sret/byval parameter attribute types
    
    With the latest community changes, the StructRet/ByVal parameter
    attributes are now required to have a type. Fix the build by:
    1. updating the LIT IR to match this policy;
    2. adding correct attribute types in backwards translation.
    
    Signed-off-by: Artem Gindinson <artem.gindinson@intel.com>

commit 0797ca944b7d66b72253a11145c58d10d762d8ec
Author: Mochalova Anastasiya <anastasiya.mochalova@intel.com>
Date:   Tue Nov 24 15:04:22 2020 +0300

    Fix issues found by a static analysis tool (#806)

commit b44290b0101904c37960751110dc1dfd2f6efb85
Author: Dmitry <dmitry.sidorov@intel.com>
Date:   Tue Nov 24 11:26:30 2020 +0300

    [NFC] Remove unnecessary check for ivdep (#819)
    
    At this point LoopControlParameters can be empty only if a single
    metadata llvm.loop.ivdep.enable is attached to a branch instruction.
    
    Signed-off-by: Dmitry Sidorov <dmitry.sidorov@intel.com>

commit eca49ffd5f01fe30beff3a852104cb306c0acfcd
Author: Alexey Sachkov <alexey.sachkov@intel.com>
Date:   Tue Nov 24 11:18:34 2020 +0300

    [CI] Enable GitHub Actions for builds and tests (#818)
    
    Added two new workflows: for in-tree and out-of-tree configurations.
    Each of them features building and testing the translator for each push
    or pull request to master and release branches and nightly build as
    well.
    
    In-tree workflow also enables builds on Windows and macOS.

commit a825cdba21306daf40725107d354a6858aed638d
Author: Sven van Haastregt <sven.vanhaastregt@arm.com>
Date:   Wed Nov 4 11:59:14 2020 +0000

    Fix -Wparentheses build warning in asserts

commit e493c26ad7710bcb64b4799f4d40594d22bc4ca1
Author: Dmitry <dmitry.sidorov@intel.com>
Date:   Tue Nov 3 11:53:30 2020 +0300

    [NFC] Move internal definitions to spirv_internal.hpp (#573)
    
    To align translator's version of spirv.hpp with
    https://github.com/KhronosGroup/SPIRV-Headers
    we need first to eliminate internal definitions in this repository.
    
    With this PR a new header `spirv_internal.hpp` introduced.
    It contains internal (for the translator) definitions
    that are not a part of SPIR-V spec. For now it is `LinkageTypeInternal`
    and `OpForward`.
    
    Signed-off-by: Dmitry Sidorov dmitry.sidorov@intel.com

commit d606b72356e073fcce1f2de8a5b9405be5d7f0dc
Author: Dmitry Sidorov <dmitry.sidorov@intel.com>
Date:   Wed Oct 28 15:59:42 2020 +0300

    Fix ptr/var/global annotations after https://reviews.llvm.org/D88645
    
    Signed-off-by: Dmitry Sidorov <dmitry.sidorov@intel.com>

commit 941044c33f3401aea82fe02943d4c870e4f284eb
Author: Alexey Sachkov <alexey.sachkov@intel.com>
Date:   Thu Oct 22 12:23:54 2020 +0300

    Improve clang-tidy CI check
    
    Enabled warnings as errors to clarify that most of enabled checks are
    required.
    
    New feature: warnings and errors found by clang-tidy are now being
    reported as annotations at "Files changed" page.

commit ee145be0b3f4b05b29beee8b1d18c26715437d14
Author: Artem Gindinson <artem.gindinson@intel.com>
Date:   Tue Oct 20 14:29:14 2020 +0300

    Translate the llvm.fshl intrinsic function
    
    "Funnel shift left" doesn't have an analogue in the OpenCL
    ExtInst set. We unroll `llvm.fshl.i<n>(i<n>, i<n>, i<n>)`
    into a small algorithm that performs the actual funnel shift.
    
    A detailed description of FSHL can be found at
    https://llvm.org/docs/LangRef.html#llvm-fshl-intrinsic
    
    The generated SPIR-V implementation can be slightly optimized
    for scalar integers, but since llvm_fshl_* functions are replaced
    by the intrinsics in backwards translation, a slightly less optimal
    implementation is just a minor concern for non-LLVM-based
    backends.
    
    Signed-off-by: Artem Gindinson <artem.gindinson@intel.com>

commit 35c423ea59a8dadd6ba2c189eef2d6d4abe8354d
Author: Alexey Sachkov <alexey.sachkov@intel.com>
Date:   Wed Oct 21 17:23:51 2020 +0300

    [NFC] Re-organize tests a bit (#780)
    
    Moved all tests for llvm intrinsics into a separate folder
    Moved some negative tests into corresponding directory

commit b5d9445a3d9229ec3c6a94e188d7e9c706086d51
Author: Mariya Podchishchaeva <mariya.podchishchaeva@intel.com>
Date:   Mon Oct 19 18:10:19 2020 +0300

    Lower constant expressions inside metadata operands
    
    It is possible that instruction has metadata operand which is actually
    is a constant expression which should be lowered, for example constant
    expression metadata can appear as operand of debug instruction.

commit e1405604253a8569375c8031a73e020af2da9bd1
Author: Nikita Rudenko <nikita.rudenko@intel.com>
Date:   Tue Oct 20 13:34:08 2020 +0300

    Implement SingleElementVectorINTEL decoration (#750)
    
    Spec can be found at intel/llvm#1612

commit bd4c88adf759012dafad37bd9ae623172f7b3e2b
Author: Alexey Sachkov <alexey.sachkov@intel.com>
Date:   Mon Oct 19 16:32:28 2020 +0300

    Refactor some tests for OpenCL built-ins (#530)
    
    Refactored tests for `barrier`, `mem_fence` and some `atomic_` OpenCL C
    built-in functions: removed old `.ll` tests and replaced them with `.cl` ones.

commit 167e36817ae504a63b85f052f9b9b6548f8dbb48
Author: Alexey Sachkov <alexey.sachkov@intel.com>
Date:   Mon Oct 12 18:00:11 2020 +0300

    Add possibility to lower BuiltIn-s into SPIR-V friendly IR

commit f2021c56989f3f2a56b238ac23ac2a803d67ad3c
Author: Alexey Sachkov <alexey.sachkov@intel.com>
Date:   Mon Oct 19 10:38:02 2020 +0300

    [NFC] Update in-tree build instruction (#778)
    
    Updated REAMDE.md to mention that `clang` is required to build/test the
    translator.

commit 2a8581be7d01c3a8464da8d014c7d818790e8567
Author: Sven van Haastregt <sven.vanhaastregt@arm.com>
Date:   Wed Oct 14 11:14:13 2020 +0100

    [NFC] Regenerate SPIRVNameMapEnum.h
    
    This effectively reorders the manual additions made to the generated
    file.

commit 58947a588ea43dd65d0a45f678916ac3b84308d4
Author: Sven van Haastregt <sven.vanhaastregt@arm.com>
Date:   Wed Oct 14 11:02:57 2020 +0100

    Generate all .h files in one invocation
    
    This makes running the script after changing spirv.hpp more convenient.

commit a6270730655d64f83b9176a49cbda39a8f786989
Author: Sven van Haastregt <sven.vanhaastregt@arm.com>
Date:   Wed Oct 14 10:47:19 2020 +0100

    [NFC] Move enum lists to top of script

commit 3b7277e80fdf465b6c38c3cc4a824eab70f71e8c
Author: Sven van Haastregt <sven.vanhaastregt@arm.com>
Date:   Wed Oct 14 10:32:36 2020 +0100

    Update isValid generator and regenerate SPIRVIsValidEnum.h
    
    For many enums in `spirv.hpp`, an isValid function was generated in
    `SPIRVIsValidEnum.h` even though that function was never used.  Remove
    them to reduce build times and maintenance burden.
    
    If a removed isValid function is needed again in the future, the enum
    name needs to be added back to `gen_spirv.bash` followed by a rerun of
    the script.
    
    Regenerate SPIRVIsValidEnum.h using the updated `gen_spirv.bash`
    script.

commit 6e651eb08d407700be683cd44d3d71738b310ab7
Author: Alexey Sachkov <alexey.sachkov@intel.com>
Date:   Wed Oct 14 18:54:45 2020 +0300

    Move clang-format and cland-tidy to GitHub Actions (#770)
    
    Switched to GitHub Actions for performing code style checks:
    new  `check-code-style` workflow which is responsible for launching
    `clang-format` and `clang-tidy` on incoming PRs.
    
    Features:
    - workflow is skipped for docs-/test-only changes
    - as a result, patch with fixes for clang-format is uploaded to
      artifacts
    - workflow is optimized, i.e. it won't even install clang-format package
      if there are no changes to format (i.e. only workflow file was
      changed)
    
    Notable changes:
    - both tidy and format were enabled on `lib/Mangler/` and
      `lib/runtime/` subdirectories
    - tidy was enabled on the translator header files
    - both tidy and format were enabled on `OpenCL.std.h` and `spirv.hpp`,
      which are "external" files and it is not necessary that they conform
      with our coding standards. clang-format was disabled in those
      files in place, but clang-tidy will still be launched for them
    
    Also removed `utils/` folder: those scripts are not usable from local
    environment out-of-the box and new coding style check with GitHub
    Actions won't use them as well.

commit bccb7d8f13a26dfee66a663e01a3d8c023aefd9c
Author: Marco Antognini <marco.antognini@arm.com>
Date:   Mon Oct 21 14:28:36 2019 +0100

    Add default initializer to CrossWorkgroup globals
    
    This patch ensures that OpenCL program-scope variables in the global
    address space have an appropriate null value by default, following
    the OpenCL C Specification s6.7.1.
    
    This patch is needed to support linked SPIR-V modules.
    
    An OpenCL program-scope variable in the global address space such as
    "int foo;" is represented as follows in LLVM IR:
    
        @foo = common dso_local local_unnamed_addr addrspace(1) global i32 0, align 4
    
    Given the above IR, the LLVM to SPIR-V translator produces an exported
    OpVariable without the default zero initializer, because
    LLVMToSPIRV::transValueWithoutDecoration knows that variables with
    common linkage type are initialized to 0 and that they can be
    represented in SPIR-V as uninitialized variables with the "Export"
    linkage type as shown:
    
        OpDecorate %foo LinkageAttributes "foo" Export
        %foo = OpVariable %_ptr_CrossWorkgroup_uint CrossWorkgroup
    
    When the SPIR-V linker is used to create a program, and not a library,
    it removes the "Export" decoration.
    
    When translating back to LLVM, the SPIR-V reader knows in
    SPIRVToLLVM::transLinkageType that an exported OpVariable with no
    initializer corresponds to a global LLVM variable with common linkage
    type and that, therefore, its initializer is zero (as per the LLVM IR
    specification).
    
    However, after linking, the variable no longer has the export decoration
    and SPIRVToLLVM::transLinkageType assumes it has an internal linkage
    type and prior to this patch SPIRVToLLVM::transValueWithoutDecoration no
    longer knew its default value. This resulted in an invalid LLVM module:
    
        @foo = internal addrspace(1) global i32, align 4
        ;                  missing initializer ^
    
    Actually, llvm::verifyModule complains that:
    
        Global is external, but doesn't have external or weak linkage!
        i32 addrspace(1)* @foo
    
    Side note: this message might seem a bit confusing at first. The
    verifier thinks that this LLVM global variable is external because it is
    a declaration (as it has no initializer). It has internal linkage type,
    which is not valid for declarations.
    
    This patch recovers the lost information, by ensuring that program-scope
    variables in the global address space have a default value of zero and,
    therefore, ensures that the translation from LLVM to SPIR-V and back to
    LLVM is consistent even when the SPIR-V linker is involved.
    
    Co-authored-by: Sven van Haastregt <sven.vanhaastregt@arm.com>

commit af347685145edeaa56700429ec7b70fe223830e7
Author: Marco Antognini <marco.antognini@arm.com>
Date:   Tue Oct 22 17:38:41 2019 +0100

    Make spirv-link usable in tests
    
    This instructs CMake where to find spirv-link (i.e. within the
    SPIRV-Tools) and makes it available to lit tests.
    
    This patch also adds a test that is currently failing because global
    variables without initializer aren't read properly after linking.

commit c3c7e24add28d9666b7789906f20cb4aabd4a19f
Author: DmitryBushev <dmitry.bushev@intel.com>
Date:   Thu Oct 8 14:16:15 2020 +0300

    Implementing VectorComputeCallableFunctionINTEL decoration
    
    Added following decoration and bidirectional translation it to
    "VCCallable" attribute

commit 0e375bca2e7c60cac84402ffdcf321ce3c3c9544
Author: Aleksander Fadeev <60697485+fadeeval@users.noreply.github.com>
Date:   Mon Oct 12 10:58:49 2020 +0300

    Add ReadNone attr for Builtin functions (#768)
    
    * Add ReadNone attr for Builtin functions
    
    Signed-off-by: Aleksander Fadeev <aleksander.fadeev@intel.com>

commit 52f0b3ab1a8c2b7ec16ecbd9a2dc9528e75d523f
Author: Aleksander Fadeev <60697485+fadeeval@users.noreply.github.com>
Date:   Fri Oct 9 16:25:20 2020 +0300

    Add nearbyint support (#774)
    
    * Add support for llvm.nearbyint.* intrinsic
    
    Signed-off-by: Aleksander Fadeev <aleksander.fadeev@intel.com>

commit 4a7e04ff737f955ee4cce0cba88148a9378c56f3
Author: amochalo <anastasiya.mochalova@intel.com>
Date:   Thu Oct 8 16:35:41 2020 +0300

    Add llvm.ctpop* intrinsic translation
    
    Add llvm.ctpop.* translation to BitCount instruction
    Add test for this
    
    Signed-off-by: amochalo <anastasiya.mochalova@intel.com>

commit f0e3545e17b94a11c5f3adb92be27aa9d0a2f3e6
Author: Artem Gindinson <artem.gindinson@intel.com>
Date:   Sun Oct 4 09:51:55 2020 +0300

    [SYCL][FPGA] Fix IVDep translation for accesses to kernel closure fields
    
    When IVDep is applied to a regular kernel-scope array/pointer variable,
    the GEP instructions that access this variable are marked with index
    group metadata.
    When IVDep is applied to a captured argument of a kernel, however,
    the pointer operand of index group-marked instructions becomes a GEP
    itself. The latter GEP accesses the closure of a kernel lambda with
    an offset that signifies the number of the captured parameter in the
    closure layout.
    
    To treat the second case:
    1. In forward translation, we ensure that for each memory block, all
    pointer accesses marked into IVDep index groups are recognized and
    translated into LoopControl parameters. Previously, only the latest
    pointer access would get listed in the SPIR-V representation of
    attribute parameters.
    2. In backward translation, we also differentiate between GEP
    instructions that access an array variable directly and the GEPs
    accessing the "closure field accesses". An additional map stores
    1 index group metadata node per each "pointer to closure + integer
    offset" pair. This ensures that all accesses to the same kernel
    parameter are marked into the same index group on a given loop nest
    level.
    
    Signed-off-by: Artem Gindinson <artem.gindinson@intel.com>

commit 9298facdc0dce27b432fc36ed60bef8030ef87d5
Author: Mochalova Anastasiya <anastasiya.mochalova@intel.com>
Date:   Wed Oct 7 11:11:16 2020 +0300

    Add llvm.abs.i32 translation  (#758)
    
    * Add llvm.abs.i32 intrinsic translation
    
    Add translation of @llvm.abs.* to `s_abs` extended instruction.
    
    Signed-off-by: amochalo <anastasiya.mochalova@intel.com>

commit d7ea1e0d81051cd76b77241f7bbd4b330c879821
Author: Alexey Sachkov <alexey.sachkov@intel.com>
Date:   Mon Oct 5 13:01:48 2020 +0300

    [NFC] Refactor OCLBuiltinFuncMangleInfo
    
    The most notable change is that usages of `std::string` were replaced
    with `llvm::StringRef` to simplify code and probably speedup it a little
    bit.

commit f33b94656087cf1401e49b09cc5fdfb4260f0f83
Author: Alexey Sachkov <alexey.sachkov@intel.com>
Date:   Tue Oct 6 13:34:05 2020 +0300

    Fix emission of SPIR-V friendly IR for OpenCL EIS (#746)
    
    Added possibility to emit SPIR-V friendly IR instead of OpenCL-C-like
    mangled function names for instructions from OpenCL extended instruction
    set.

commit 24599a85048ce05ff4ba798c5e32421145c4c0d3
Author: Sven van Haastregt <sven.vanhaastregt@arm.com>
Date:   Mon Sep 28 12:30:35 2020 +0100

    Only emit Initializer and Finalizer from SPIR-V 1.1
    
    The Initializer and Finalizer Execution Modes were missing before
    SPIR-V 1.1.

commit 193e88ec864cb26f89da8688de3b64495ae277de
Author: Sven van Haastregt <sven.vanhaastregt@arm.com>
Date:   Wed Sep 23 18:05:22 2020 +0100

    Translate Initializer to llvm.global_ctors
    
    Reconstruct a llvm.global_ctors variable for entry points with the
    Initializer Execution Mode.

commit 4ed6213fd00e8ba0c7e1507a08568ea1771c80db
Author: Sven van Haastregt <sven.vanhaastregt@arm.com>
Date:   Tue Sep 22 17:46:37 2020 +0100

    Set Initializer ExecutionMode for global ctors
    
    SPIR-V 1.1 adds the Initializer Execution Mode for entry points.  Set
    this execution mode for entry points listed in the llvm.global_ctors
    variable.

commit d15ab1d987c2f5c8262025d947769d2cf1575485
Author: Sven van Haastregt <sven.vanhaastregt@arm.com>
Date:   Tue Sep 22 17:46:37 2020 +0100

    Conditionalize translation of llvm.global_ctors/dtors
    
    Do not translate the llvm.global_ctors and llvm.global_dtors variables
    to SPIR-V when the function pointers extension is not enabled, because
    we currently cannot represent the variable without the function
    pointers extension.

commit 4a8d7200397f9903b68a6eaf9319ce33295a4ba0
Author: Alexey Sachkov <alexey.sachkov@intel.com>
Date:   Mon Oct 5 18:29:09 2020 +0300

    Apply clang-format to OCLToSPIRV.cpp

commit 66cfa9772237e9c39c07e457fc20efefc6825014
Author: Alexey Sachkov <alexey.sachkov@intel.com>
Date:   Fri Oct 2 18:56:25 2020 +0300

    Remove OCL21ToSPIRV pass
    
    Since
    KhronosGroup/SPIRV-LLVM-Translator@6ceea975375b44fe0238fb30f6dffc50a9c33fb5
    this pass only handles input files coming out OpenCL C++ 2.1, which
    technically doesn't exists and therefore this should be a dead code.
    
    Additionally: most of the pass functionality (except sub-group barrier
    handling) is untested and duplicated in OCLToSPIRV pass.

commit 1680d2628d436d781821b2ec6dad723aee484b64
Author: Alexey Sachkov <alexey.sachkov@intel.com>
Date:   Fri Oct 2 18:50:51 2020 +0300

    [NFC] Rename OCL20ToSPIRV pass
    
    Renamed the pass to OCLToSPIRV: the problem with the old name is that it
    doesn't represent actual pass content: it handles not only OpenCL C 2.0
    built-in functions, but also OpenCL C 1.2 built-in functions, acting
    like an adapter between OpenCL C representation and SPIR-V friendly IR
    representation. Also updated some comments to reflect that.

commit eae8bc719cf25fb7b86127054cc1e51cb13c54ca
Author: Dmitry Sidorov <dmitry.sidorov@intel.com>
Date:   Wed Sep 23 13:42:17 2020 +0300

    Fix translation of APInt constants
    
    Previously APInt constants were being stored into uint64_t value
    with following encoding/decoding. Now they are being packed into
    SPIRVWords array directly.
    
    Signed-off-by: Dmitry Sidorov <dmitry.sidorov@intel.com>

commit 419403060640de3c4e2cb8eef61d25be33ea2f76
Author: Sven van Haastregt <sven.vanhaastregt@arm.com>
Date:   Mon Oct 5 09:54:57 2020 +0100

    Update dbg-declare-arg test after LLVM change
    
    Propagate the test change from LLVM commit 55f9f87da2c ("Reapply
    Revert "RegAllocFast: Rewrite and improve"", 2020-09-21).

commit 289d43349e51c824513b35eee2f865e42b6c3a0d
Author: Mariya Podchishchaeva <mariya.podchishchaeva@intel.com>
Date:   Thu Oct 1 11:08:35 2020 +0300

    Allow to translate llvm.fabs with half arguments
    
    The OpenCL SPIR-V Environment Specification seems to allow corresponding
    instruction.

commit d6e5eac549e548d899be5431436af730aa8a8553
Author: Alexey Sotkin <alexey.sotkin@intel.com>
Date:   Thu Oct 1 11:53:08 2020 +0300

    Handle @llvm.memset.* with non-constant arguments (#696)
    
    * Handle @llvm.memset.* with non-constant arguments
    
    There is no SPIR-V counterpart for @llvm.memset.* intrinsic. Cases with constant
    value and length arguments are emulated via "storing" a constant array to the
    destination.
    
    For other cases we wrap the intrinsic in @spirv.llvm_memset_* function and
    expand the intrinsic to a loop via expandMemSetAsLoop() from
    llvm/Transforms/Utils/LowerMemIntrinsics.h.
    
    During reverse translation from SPIR-V to LLVM IR we can detect
    @spirv.llvm_memset_* and replace it with @llvm.memset.
    
    Signed-off-by: Alexey Sotkin <alexey.sotkin@intel.com>
    Co-authored-by: Sven van Haastregt <sven.vanhaastregt@arm.com>

commit f7d1ce4a26764d33af9e394e326548c07684a6b2
Author: Sven van Haastregt <sven.vanhaastregt@arm.com>
Date:   Tue Sep 29 15:46:40 2020 +0100

    travis: report llvm revision for non-external builds
    
    The build log did not contain the llvm-project repository revision
    being built for `BUILD_EXTERNAL=0` builds.  Add it to ease debugging
    of build failures.

commit a88d869eee6ad76b9ce89d791ae2cf340459a564
Author: Sven van Haastregt <sven.vanhaastregt@arm.com>
Date:   Fri Sep 25 15:51:31 2020 +0100

    Remove unused includes

commit 2eecd08c353b7ba988e6db8dea1be91ee084fc32
Author: Sven van Haastregt <sven.vanhaastregt@arm.com>
Date:   Fri Sep 25 13:44:01 2020 +0100

    Move some includes from SPIRVDebug.h to .cpp files
    
    Header files should only include the minimum required, to keep build
    times reasonable.

commit abc0d6cf4a224584febe10a190dc900b100138a1
Author: Mariya Podchishchaeva <mariya.podchishchaeva@intel.com>
Date:   Thu Sep 17 16:08:27 2020 +0300

    Translate empty LLVM module to empty SPIR-V module
    
    When translator tool is used in toolchain it is possible that it can
    receive an empty LLVM module as an input, just emit an empty SPIR-V module
    with Linkage capability in this case.

commit 15639f32eec6547d4909bc256418db56749bcb01
Author: Wenju He <wenju.he@intel.com>
Date:   Mon Sep 21 07:54:47 2020 +0800

    Fix global ctor/dtor translation from SPIRV to LLVM IR
    
    Translate global variable if its storage is StorageClassFunction and its
    name is either llvm.global_ctors or llvm.global_dtors. Apply appending
    linkage to the global variable.
    SPV_INTEL_function_pointers extension is required for the translation.

commit 7bb36dce4e6336bfaf1aa7d22dcab4185fb05be9
Author: Aleksandr Bezzubikov <zuban32s@gmail.com>
Date:   Mon Sep 21 07:54:18 2020 +0800

    Support function pointers in constant struct value
    
    Signed-off-by: Aleksandr Bezzubikov <zuban32s@gmail.com>

commit 9ede94ccc038a54e6b308d594ffa341894f19369
Author: Ben Ashbaugh <ben.ashbaugh@intel.com>
Date:   Wed Sep 23 15:19:36 2020 -0700

    updates for OpenCL C 3.0
    
    OpenCL C 3.0 is a derivative of OpenCL C 2.0 and not OpenCL C++.
    Run the OpenCL C++ passes for OpenCL 2.1 only, and run similar
    OpenCL C 2.0 passes for OpenCL C 3.0.

commit c734c5c8bbd3012a09c610e4be68e90cc603c580
Author: Wenju He <wenju.he@intel.com>
Date:   Mon Sep 21 18:49:24 2020 +0800

    Fix debug info of work-item builtin translation (#745)
    
    debug info of work-item builtins are lost in both llvm IR -> spirv and
    spirv -> llvm IR translations. See #744

commit 1f6f7259c783c5780d3fc17ec9328451896160fb
Author: Andrew Savonichev <andrew.savonichev@intel.com>
Date:   Fri Sep 18 17:29:38 2020 +0300

    Support missing DWARF opcodes (#679)
    
    Experimental support of extra DWARF operations
    
    As this functionality is not documented by any formal SPIR-V extension or SPIR-V
    extended instruction set specification, it is disabled by default and in order
    to enable generation of extra debug information, user needs to pass
    `spirv-allow-extra-diexpressions` command line option to the
    translator.
    
    Signed-off-by: Andrew Savonichev <andrew.savonichev@intel.com>

commit fdd19ed26164fae6eacfe1926f51c443c5ea0552
Author: Karol Herbst <kherbst@redhat.com>
Date:   Thu Aug 27 17:23:16 2020 +0200

    OpGroupWaitEvents doesn't require the Group capability
    
    Fixes #595

commit 250abc13604f0eb8befaa5e14d203addb20e2468
Author: Alexey Sachkov <alexey.sachkov@intel.com>
Date:   Wed Sep 16 21:22:11 2020 +0300

    [NFC] Cleanup LIT tests a bit (#747)
    
    Removed executable bit from test files
    
    Moved some tests into separate directories to group them
    by the extension they supposed to test.

commit 8ed2cb39c76362331b3d97cea6a2b32737bdf9d5
Author: Alexey Sachkov <alexey.sachkov@intel.com>
Date:   Wed Sep 16 21:20:45 2020 +0300

    [NFC] Avoid verifying module in release builds (#712)
    
    This is achieved by guarding most (only covered LLVM IR -> SPIR-V passes)
    `verifyModule` calls by corresponding command line option, which is
    disabled/enabled in accordance with _SPIRVDBG define.
    
    Made _SPIRVDBG define disabled in release builds by default.
    
    Adjusted SPIRVErrorLog::CheckError to not use `spvdbg` for printing
    information about errors.

commit cef541cb6848a87e2afefdec9a8a863da7cd2ca0
Author: Alexey Sachkov <alexey.sachkov@intel.com>
Date:   Tue Sep 15 21:42:44 2020 +0300

    Adjust Travis CI testing scope (#739)
    
    Reduced amount of jobs launched with clang compiler: now
    we launch only 3 jobs jobs instead of 8 for clang compiler
    
    Switched to use https to download packages and keys
    Removed outdated comment

commit 9d89f6baca21e5f0c57febf05bf39d7a0d52b50b
Author: Alexey Sachkov <alexey.sachkov@intel.com>
Date:   Thu Sep 10 19:04:17 2020 +0300

    [NFC] Refactor transOCLBuiltinFromExtInst
    
    Removed extra variables, simplified code, removed dead code related to
    "read_image" handling: it is not present in OpenCL.std extended instruction
    set and therefore we can't encounter it in `transOCLBuiltinFromExtInst`
    function.

commit 48c6ff66bfe2168bd00cfdb5d82fa91335d4316e
Author: Mochalova Anastasiya <anastasiya.mochalova@intel.com>
Date:   Thu Sep 10 18:44:53 2020 +0300

    Avoid usage of deprecated "VectorType::getNumElements" (#737)
    
    Replaced usages of "VectorType::getNumElements" with "FixedVectorType::getNumElements"
    
    Signed-off-by: amochalo <anastasiya.mochalova@intel.com>

commit 246ba2063160d772ab05509fbc125996ba7d5b6d
Author: fadeeval <60697485+fadeeval@users.noreply.github.com>
Date:   Wed Sep 9 22:51:35 2020 +0300

    Fix nullptr dereference (#741)
    
    Replaced nullptr with an empty string

commit 4f54d093ef9bf46f3c638b13e5b47f509a7d2fb7
Author: Viktoria Maximova <viktoria.maksimova@intel.com>
Date:   Wed Sep 9 11:13:17 2020 +0300

    Do not translate arbitrary precision operations without corresponding extensions (#714)
    
    This patch addresses [comment][1]
    
    If the appropriate extension for arbitrary precision instruction is not
    enabled, invalid IR will be produced. Report an error in this case.
    
    [1]: https://github.com/KhronosGroup/SPIRV-LLVM-Translator/pull/653#discussion_r463629986

commit f203f04738079c4ad41c2b71540ad9478cec404e
Author: amochalo <anastasiya.mochalova@intel.com>
Date:   Tue Aug 25 16:16:37 2020 +0300

    Add Constrained Floating-Point Intrinsics support
    
    Add llvm.experimental.constrained.* intrinsic support, namely : fadd, fsub, fmul, fdiv, frem, fma, fmulladd, fptoui, fptosi, uitofp, sitofp, fptrunc, fpext, fcmp, fcmps.
    These intrinsics are not actually supported in SPIR-V, but just being emulated via existing functionality with loss of "constrained" semantic
    
    Signed-off-by: amochalo <anastasiya.mochalova@intel.com>

commit 537218d828a64c676cad5810c4d578fbe3a6250d
Author: Alexey Sachkov <alexey.sachkov@intel.com>
Date:   Thu Sep 3 12:28:52 2020 +0300

    Fix build
    
    Fixed an error caused by interference of
    KhronosGroup/SPIRV-LLVM-Translator@7cd1a3bb95646d0c7b9375ca3bd1277657d61b60 and
    KhronosGroup/SPIRV-LLVM-Translator@584329fb1ded7453b9e75990980ec8935e24c9ce

commit 3aa4db6e31d3e2e20c0e78ec307cca9388049adf
Author: nrudenko <nikita.rudenko@intel.com>
Date:   Tue Sep 1 16:26:24 2020 +0300

    Implement OpTypeBufferSurfaceINTEL according to the spec published at:
    https://github.com/intel/llvm/pull/1612

commit d18db4d1fc80311c1fd7456c1ec232521308a84d
Author: nrudenko <nikita.rudenko@intel.com>
Date:   Thu Sep 3 20:35:33 2020 +0300

    Add llvm:Optional to SPIRVStream.h
    
    SPIRVTypeImage uses std::vector<T> emulating std::optional behavior
    This commit allows to use native llvm::Optional class in
    SPIRVEncoder and SPIRVDecoder and replace std::vector in SPIRVTypeImage

commit 7bbf69f46d8e21561667c0f2dc222e6914800e7d
Author: nrudenko <nikita.rudenko@intel.com>
Date:   Fri Aug 28 18:58:34 2020 +0300

    Refactor Access Qualifiers

commit be2b7fb2a59b6593a9a05d127afa205a9e1fdd70
Author: Artem Gindinson <artem.gindinson@intel.com>
Date:   Thu Sep 3 19:33:56 2020 +0300

    Replace the IVDep index group validity assertion (#723)
    
    The assertion now gives way to a simple check until all known
    LLVM IR edge cases that do not accord to the condition can be
    handled.
    
    Signed-off-by: Artem Gindinson <artem.gindinson@intel.com>

commit 584329fb1ded7453b9e75990980ec8935e24c9ce
Author: Alexey Sachkov <alexey.sachkov@intel.com>
Date:   Tue Aug 25 00:18:47 2020 +0300

    [NFC] Do not use std::set in getRequiredExtensions
    
    In all cases what we have encountered so far each instruction has either
    zero or one extension that it requires and therefore there is no need to
    use `std::set` to store that information.
    
    Replaced `std::set` with `llvm::Optional` and renamed function to
    indicate that it can only return a single extension.

commit 33a9dd078ccbffaaba34bb670d653b5c4037ca53
Author: Mariya Podchishchaeva <mariya.podchishchaeva@intel.com>
Date:   Wed Sep 2 11:19:38 2020 +0300

    Add a test for consumption

commit fd04d440bfcd4d245e217ddc82ce7b52ba40dd42
Author: Mariya Podchishchaeva <mariya.podchishchaeva@intel.com>
Date:   Wed Sep 2 00:00:28 2020 +0300

    Do not emit OpDecorationGroup and OpGroupDecorate
    
    They are deprecated in the later version of the spec. Consumption of
    them is saved for backward compatibility.

commit e0f29294b989024ed55c309df506022017b8b180
Author: fadeeval <60697485+fadeeval@users.noreply.github.com>
Date:   Tue Sep 1 18:12:38 2020 +0300

    Improve error reporting (#693)
    
    Added an error message when the translator encounters an
    unknow/unsupported LLVM instruction

commit a33e437504f9e1ae5dd89dc1164acad0351edc81
Author: Mariya Podchishchaeva <mariya.podchishchaeva@intel.com>
Date:   Tue Sep 1 18:06:13 2020 +0300

    Lower UIToFPInst with bool operand (#721)
    
    UIToFPInst LLVM instruction is translated to OpConvertUToF SPIRV
    instruction. OpConvertUToF instruction cannot receive boolean operand,
    so replace boolean operand with with select instruction.

commit 622864e71432303d426dffde3a64079f5935bd78
Author: Alexey Sachkov <alexey.sachkov@intel.com>
Date:   Tue Sep 1 17:02:40 2020 +0300

    Fix inlined-formal-parameter LIT test after LLVM update (#722)
    
    Adjusted the test in accordance with llvm/llvm-project@57d8acac64b87cb4286b00485fb2da7521fc091e

commit 103f90f415d9c532e08c0ad48e9b1750c9b97738
Author: Alexey Sachkov <alexey.sachkov@intel.com>
Date:   Mon Aug 31 19:20:06 2020 +0300

    Support 1024-bit constants (#719)
    
    Adjusted SPRIVConstantBase class to hold up to 32 SPIR-V words in a
    constant.
    
    Motivation for this change is that optimized LLVM IR can represent
    types like `[3 x i32]` as `i96` and in combination with
    SPV_INTEL_arbitrary_precision_integers extension it generates pretty
    valid SPIR-V. However, during its consumption the translator reads more
    than 2 SPIR-V words from an input and stores them in array for only 2
    SPIR-V words, which causes memory corruption.
    
    Discovered by debugging an issue with SYCL compiler from intel/llvm
    project where internal representation of `cl::sycl::vec<int, 8>` class
    were transformed into `i256` and stored in a constant.
    
    Decided to go with 1024-bit instead of 256-bit constants support just
    in case we will need extra capacity next time

commit 7cd1a3bb95646d0c7b9375ca3bd1277657d61b60
Author: Alexey Sotkin <alexey.sotkin@intel.com>
Date:   Mon Jun 29 15:53:02 2020 +0300

    Support of SPV_INTEL_variable_length_array
    
    The extension spec is at https://github.com/intel/llvm/pull/2217
    
    Signed-off-by: Alexey Sotkin <alexey.sotkin@intel.com>

commit cdede2ce77a94afa11e07e4daacee22e7464e60f
Author: Dmitry Sidorov <dmitry.sidorov@intel.com>
Date:   Mon Aug 24 18:58:02 2020 +0300

    Fix LoopControl parameters order
    
    3.23 Loop Control:
    If there are multiple following operands indicated, they are ordered: Those
    indicated by smaller-numbered bits appear first.
    
    This rule was violated in previous implementation.
    
    Signed-off-by: Dmitry Sidorov <dmitry.sidorov@intel.com>

commit ad5de9ce719c99f657b29998250c01d94a2e6f22
Author: Nikita Rudenko <nikita.rudenko@intel.com>
Date:   Thu Aug 27 23:11:16 2020 +0300

    Add --spirv-debug-info-version option (#694)
    
    New option allows to specify which version of extended
    instruction set for representing debug info should be used

commit 29b48361e152105aa9a74241014ca659240c413c
Author: DmitryBushev <dmitry.bushev@intel.com>
Date:   Mon Aug 24 18:22:21 2020 +0300

    Fix release build fail
    
    Fixed bug leaded to release build fail occured by
    Float Control decs commit

commit 1fcabda056f9e8138fa41931fa92032140210077
Author: Dmitry Sidorov <dmitry.sidorov@intel.com>
Date:   Mon Aug 24 12:40:31 2020 +0300

    Be more tolerant with buffer_location MDNode type
    
    Ignore other than constant integer type instead of crashing.
    
    Signed-off-by: Dmitry Sidorov <dmitry.sidorov@intel.com>

commit b6aac228859f7e5002622dccc08040679a2e35f4
Author: nrudenko <nikita.rudenko@intel.com>
Date:   Wed Aug 19 17:16:28 2020 +0300

    Fix emitting SPIRV metadata for non-kernel functions in PreprocessMetadata.cpp
    SPIRV metadata contains pointers to relevant functions
    Passes like SPIRVLowerOCLBlocks and SPIRVRegularizeLLVM can erase
    declarations with no usage and invalidate those pointers

commit a15b2fbee85a065160c38ea5358ab76d4aaea454
Author: Aleksandr Bezzubikov <aleksandr.bezzubikov@intel.com>
Date:   Tue Aug 18 02:06:18 2020 +0300

    Fix handling of phi nodes in LowerConstExprs.
    
    Put newly created insertElement instructions at the ends
    of the incoming blocks instead of putting them immediately before
    the phi thus breaking the module.

commit 0bcb157a0233d0cb7dd43e6b28fc7aadcea49ef7
Author: Alexey Sachkov <alexey.sachkov@intel.com>
Date:   Mon Aug 24 12:53:24 2020 +0300

    Add contribution guidelines (#608)

commit de6a7182b530517418e830a8ec427cff6286b31c
Author: Alexey Bader <alexey.bader@intel.com>
Date:   Thu Aug 20 23:35:49 2020 +0300

    Fix translation of non 32/64-bit constants

commit 61491e0b1876ad7b2c7e37cc85c66760cbf7159a
Author: Sven van Haastregt <sven.vanhaastregt@arm.com>
Date:   Thu Aug 20 11:01:31 2020 +0100

    Update for ElementCount LLVM API change
    
    Update for LLVM commit a407ec9b6db ("Revert "Revert "[NFC][llvm] Make
    the contructors of `ElementCount` private.""", 2020-08-19).

commit 8e4d3675cf6ddd67d9cd09806c9b349988c62118
Author: Sven van Haastregt <sven.vanhaastregt@arm.com>
Date:   Wed Aug 19 16:27:10 2020 +0100

    Update DebugInfo test after LLVM change
    
    Propagate the change from LLVM commit 24c3dabef44 ("DebugInfo: Emit
    class template parameters first, before members", 2020-08-17).

commit 6fd7f5593fe414c3e01f5b847b707912a1ecafd7
Author: Viktoria Maximova <viktoria.maksimova@intel.com>
Date:   Thu Aug 20 16:38:06 2020 +0300

    Fix translation of llvm.ptr.annotation (#678)
    
    This patch follows from 71039dd3c5dbfafab78f6b86a5bb06ba2af93c89
    
    * Replaced the destination operand with the result of its intrinsic call for store inst.
    * Replaced the read-from operand with the result of its intrinsic call for load inst.

commit 09fc239bea3bca21752b285daa8b3ff4eea84727
Author: Mariya Podchishchaeva <mariya.podchishchaeva@intel.com>
Date:   Tue Aug 18 19:37:54 2020 +0300

    Improve SPIRVToLLVM::transOCLBuiltinFromVariable
    
    The old version expected only extractelement instructions as users of
    load from built-in variable, whereas it is possible to get other kinds
    of instructions as users of this load.
    This patch replaces load from built-in global variable with a vector
    filled with ids.

commit 5c8099b822d753130f6e32b7509f2271d6fc1b9b
Author: DmitryBushev <dmitry.bushev@intel.com>
Date:   Fri Aug 14 17:13:53 2020 +0300

    New decorations for VCFloatControl
    
    Added following decorations for function VCFloatControl attributes:
    
    DecorateFunctionRoundingModeINTEL DecorateFunctionDenormModeINTEL
    DecorateFunctionFloatingPointModeINTEL

commit fbedb129d7a487fa9b50fe7d44bf7ec215d57060
Author: DmitryBushev <dmitry.bushev@intel.com>
Date:   Fri Aug 14 17:09:39 2020 +0300

    New ctor for SPIRVDecorate & SPIRVDecorateGeneric
    
    Added new ctors for SPIRVDecorate and SPIRVDecoarteGeneric
    accepting two SPIRVWord for decorations with 2 literals

commit ee69105fc8722c94aca8e5ddd3b115b3dca77f4f
Author: DmitryBushev <dmitry.bushev@intel.com>
Date:   Fri Aug 14 17:00:05 2020 +0300

    Add new SPIRVEntry interface method accessing decs
    
    Added SPIRVEntry::getDecoration(Decoration Kind) method
    returning vector of SPIRVDecorate* containing all decoration
    ptrs of matching Kind

commit 306673775639a9451508f4505936c7fac11001a8
Author: Mikhail Lychkov <mikhail.lychkov@intel.com>
Date:   Wed Aug 12 12:34:27 2020 +0300

    Fix ptr.annotation translation for pointers on non-struct types
    
    Signed-off-by: Mikhail Lychkov <mikhail.lychkov@intel.com>

commit c960158db8778620325529e87f4fd7afe0fd58f1
Author: Mochalova Anastasiya <anastasiya.mochalova@intel.com>
Date:   Thu Aug 13 15:36:16 2020 +0300

    Support UserSemantic decoration on functions (#666)
    
    Added support of SPIR-V -> LLVM IR translation for UserSemantic
    decoration applied to functions. Having that decoration on functions
    is against SPIR-V spec, but it is useful for prototyping different features:
    you can easily propagate custom annotation string through SPIR-V
    to see if your idea works or not without adding new code
    to the translator
    
    Signed-off-by: amochalo <anastasiya.mochalova@intel.com>

commit f51e2805a6b29c1a623f028008f0cbcad93b2b9e
Author: Sven van Haastregt <sven.vanhaastregt@arm.com>
Date:   Mon Aug 10 12:11:20 2020 +0100

    Remove unused NameMaps
    
    For many enums in `spirv.hpp`, a NameMap was generated in
    `SPIRVNameMapEnum.h` even though that NameMap was never used.  Remove
    them to reduce build times and maintenance burden.
    
    If a removed NameMap is needed again in the future, the enum name
    needs to be added back to `gen_spirv.bash` followed by a rerun of the
    script.

commit c691c9604a6bc72658f6a0c8c0ad369f59da5864
Author: Sven van Haastregt <sven.vanhaastregt@arm.com>
Date:   Mon Aug 10 12:10:10 2020 +0100

    Separate enum lists for NameMap and isValid
    
    This enables pruning unused NameMap or isValid entities in the
    generated source files.

commit c72dd6ca4d87ffe377201f497a47f7c1da1ed359
Author: Sven van Haastregt <sven.vanhaastregt@arm.com>
Date:   Mon Aug 10 10:52:35 2020 +0100

    Sync SPIRVNameMapEnum.h with gen_spirv.bash
    
    Regenerate SPIRVNameMapEnum.h using `gen_spirv.bash`.
    
    Assign a value to `LinkageTypeInternal` such that the script picks up
    the entry.

commit 380c429858c8697dd515f9bfc64ca9f8eb57dabf
Author: Alexey Bader <alexey.bader@intel.com>
Date:   Tue Aug 11 20:35:16 2020 +0300

    Translate llvm.maxnum intrinsic function
    
    Map to fmax SPIR-V instruction from OpenCL extended instruction set.

commit 914b25575c2532b851c9d8fa1b2cf0849b1470da
Author: Aleksandr Bezzubikov <zuban32s@gmail.com>
Date:   Tue Jul 21 23:02:42 2020 +0300

    Introduce OpConstFunctionPointerINTEL

commit dbbb2ee54834ef8c3ce08d925076e0e6cd1a98c2
Author: Aleksandr Bezzubikov <zuban32s@gmail.com>
Date:   Tue Jul 21 22:49:21 2020 +0300

    Refactor OpFunctionPointerINTEL generation

commit dd7e3d4ae31a6205b6045070ec46d37803d7c083
Author: amochalo <anastasiya.mochalova@intel.com>
Date:   Mon Jul 20 22:43:41 2020 +0300

    Fix translation of user functions into SPIR-V instructions
    
    User may get their function a name the same as SPIR-V instruction.
    In that case thier function call will be translated to SPIR-V instruction call.
    The only functions that should be translated to SPIR-V instructions are SPIR-V built-ins
    and they should have __spirv prefix.
    Add checking for __spirv prefix in demangler to filter SPIR-V built-ins from other function calls.
    
    Signed-off-by: amochalo <anastasiya.mochalova@intel.com>

commit 1965beff7f6d1ce7398a826c442abc28ed975c44
Author: Nikita Rudenko <nikita.rudenko@intel.com>
Date:   Mon Aug 10 11:58:09 2020 +0300

    Add OpenCL.DebugInfo.100 as alias to SPIRV.debug according to specification: (#659)
    
    Docs: https://www.khronos.org/registry/spir-v/specs/unified1/OpenCL.DebugInfo.100.html
    
    The incorrect "SPIRV.debug" name is preserved for backward compatibility: to allow newer
    translator versions consume SPIR-V files generated by the older translator versions.

commit b24a75c970d3da4b0aeb930f30b8fa54266d50fb
Author: Sven van Haastregt <sven.vanhaastregt@arm.com>
Date:   Wed Jul 15 13:59:24 2020 +0100

    Special-case builtins in gen_spirv.bash
    
    Apply the change of fc83fc7 ("updated built-in variable names to match
    LLVM for SPIR-V documentation (issue #89)", 2016-03-14) to the script
    generating `SPIRVNameMapEnum.h`, such that the output of the script
    for builtins is aligned with the current code.

commit 6f4bef43c8010ea7d2532d8e4f1d48d0b7c73280
Author: Sven van Haastregt <sven.vanhaastregt@arm.com>
Date:   Wed Jul 15 12:46:35 2020 +0100

    Do not generate NameMap or isValid for SPIR-V ops
    
    The `isValid(Op)` function is not used and the NameMap for opcodes is
    constructed in `SPIRVOpCode.h`.

commit f96487ac3b644b05e65b4f5dbd439627e1a0fe1b
Author: Sven van Haastregt <sven.vanhaastregt@arm.com>
Date:   Wed Jul 15 12:01:18 2020 +0100

    Align gen_spirv.bash with current formatting
    
    `SPIRVNameMapEnum.h` and `SPIRVIsValidEnum.h` have been
    clang-formatted to be consistent with rest of the code base.  Apply
    those formatting changes to the script generating those files.

commit 179f24ca0022a5e0ea6d1dd4dd009f5e6de51f61
Author: Sven van Haastregt <sven.vanhaastregt@arm.com>
Date:   Wed Jul 15 11:51:04 2020 +0100

    Derive output file name from type argument

commit b11e2d31b24a03d0c92e0a390b864b21312b597e
Author: Sven van Haastregt <sven.vanhaastregt@arm.com>
Date:   Wed Jul 15 11:35:28 2020 +0100

    Remove td file generation from gen_spirv.bash
    
    This functionality is not used.

commit a69a0f73adbff40fa2108e0841dd84df2eb37e1f
Author: Mikhail Lychkov <51128024+mlychkov@users.noreply.github.com>
Date:   Fri Aug 7 11:57:09 2020 +0300

    Add support for SPV_INTEL_arbitrary_precision_fixed_point (#653)
    
    This patch introduces SPV_INTEL_arbitrary_precision_fixed_point extension,
    which adds operations for arbitrary precision fixed point numbers.
    
    The ac_fixed datatype is represented as a pseudo type using OpTypeInt. Its
    parameters are:
    * W - total width of the datatype. It's encoded in the width of the OpTypeInt.
    * I - determines the position of the decimal point.
    * S - determines if this is a signed or an unsigned number.
    
    Full specification  can be found in intel/llvm#1934
    
    Co-authored-by: Viktoria Maksimova <viktoria.maksimova@intel.com>

commit 119b20108235f3f27d8e5f9b6336fc5aaa9f61d2
Author: Mariya Podchishchaeva <mariya.podchishchaeva@intel.com>
Date:   Fri Aug 7 11:24:19 2020 +0300

    Add support for usub.sat intrinsic (#665)
    
    Translate usub.sat(a, b) as (a > b) ? a - b : 0 sequence.

commit 69db7bb7f119ec6e060bebe7e1f88a60743a5a8c
Author: Dmitry Sidorov <dmitry.sidorov@intel.com>
Date:   Sun Aug 2 14:39:44 2020 +0300

    Add CapabilityFPGABufferLocationINTEL only when the decoration is added
    
    Signed-off-by: Dmitry Sidorov <dmitry.sidorov@intel.com>

commit d8e1e0886c5ebae789e24563f09f1334f8739e99
Author: Sven van Haastregt <sven.vanhaastregt@arm.com>
Date:   Thu Jul 23 11:27:16 2020 +0100

    Update DebugInfo test after LLVM change
    
    Update the test according to LLVM commit ce6de3747bc ("[DebugInfo]
    Drop location ranges for variables which exist entirely outside the
    variable's scope", 2020-07-22).

commit 4ca80358252104a70c1b195d0f5e780616264cf5
Author: Sven van Haastregt <sven.vanhaastregt@arm.com>
Date:   Tue Jul 21 11:06:33 2020 +0100

    Drop DebugInfo test that broke after LLVM update
    
    The test broke after LLVM commit df952cb914e ("[llvm-readobj] Print error
    when executed with no input files", 2020-07-20), but it turns out we
    actually do not need this test because the translator does not attempt
    to preserve XRay instrumentation.

commit d72e1a0abca06ce697c3c8684f4300407007c90e
Author: Dmitry Sidorov <dmitry.sidorov@intel.com>
Date:   Tue Aug 4 12:06:49 2020 +0300

    [NFC] Update GetUnderlyingObject usage
    
    That fixes build after:
    89051ebac "GetUnderlyingObject -> getUnderlyingObject"
    b0eb40ca3 "Remove unused GetUnderlyingObject paramenter"
    
    Signed-off-by: Dmitry Sidorov <dmitry.sidorov@intel.com>

commit 501a277a0b18e6d709f4bec5e6557c9099207af4
Author: Sven van Haastregt <sven.vanhaastregt@arm.com>
Date:   Thu Jul 16 10:06:13 2020 +0100

    Update LLVM version from 11 to 12

commit 71039dd3c5dbfafab78f6b86a5bb06ba2af93c89
Author: Artem Gindinson <artem.gindinson@intel.com>
Date:   Wed Jul 29 19:37:29 2020 +0300

    Fix translation of LLVM intrinsics when their args are stored
    
    Replacement of the read-from operand with the result of its
    intrinsic call user should only happen for `llvm.ptr.annotation`
    calls.
    
    Signed-off-by: Artem Gindinson <artem.gindinson@intel.com>

commit a86e15fb3d841f459f8658ceb57e9715c76f62e9
Author: Mikhail Lychkov <mikhail.lychkov@intel.com>
Date:   Thu Jul 23 17:32:11 2020 +0300

    [SYCL] Fix translation of kernel args of arbitrary integer pointer type
    
    Signed-off-by: Mikhail Lychkov <mikhail.lychkov@intel.com>

commit 0bb365d6bd899636ff13b20dee6808d2bdfd7605
Author: Mikhail Lychkov <mikhail.lychkov@intel.com>
Date:   Mon Jul 20 19:57:54 2020 +0300

    [SYCL][FPGA] Enable translation of hls_float functions
    
    Add SPV_INTEL_arbitrary_precision_fixed_point extension, which
    introduces operations for arbitrary precision floating point numbers.
    The hls_float datatype is represented as a pseudo type using
    OpTypeInt. Its parameters are:
    * W - width of the datatype. It's encoded in the width of the OpTypeInt.
    * E - represents the number of exponent bits. Exponent values
          are inferred from the width of corresponding variable.
    * M - represents the number of mantissa bits.
    The total width W is equal to `E+M+1` where the last bit is used to
    represent the sign.
    
    Full specification (intel/llvm#1934):
    https://github.com/intel/llvm/blob/bd86b218f749ea0e20ddc18c42db491faf54014a/sycl/doc/extensions/SPIRV/SPV_INTEL_arbitrary_precision_floating_point.asciidoc
    
    Signed-off-by: Mikhail Lychkov <mikhail.lychkov@intel.com>

commit c35ca633bb8bec648d23db5fa4d668b8b423da69
Author: Artem Gindinson <artem.gindinson@intel.com>
Date:   Tue Jul 28 09:38:50 2020 +0300

    [SYCL][FPGA] Lift the restriction on LSU intrinsic operands
    
    The initial implementation had required that the first
    ptr.annotation operand be a result of a load intruction.
    However, it may be the case that the LSU built-in gets applied
    to a cast result/to a result of a function call, therefore
    this patch drops the unfeasible requirement.
    
    Signed-off-by: Artem Gindinson <artem.gindinson@intel.com>

commit 93339201c7fbc158d7967b98fff156ded1a597ff
Author: Alexey Sotkin <alexey.sotkin@intel.com>
Date:   Thu Jul 23 19:03:30 2020 +0300

    Improve SPIRVToLLVM::transOCLBuiltinFromVariable
    
    The method did not handle correctly the case when addrspacecast instruction had
    more than one usage.
    
    Signed-off-by: Alexey Sotkin <alexey.sotkin@intel.com>

commit 3a5ab43e23f2a6d98f7a9353c9975dfa548aebef
Author: Dmitry Sidorov <dmitry.sidorov@intel.com>
Date:   Fri Jul 10 12:38:47 2020 +0300

    Add support for SPV_INTEL_fpga_buffer_location extension
    
    This extension adds a function parameter decoration that is useful
    for FPGA targets. This decoration indicates that a particular global
    memory pointer can only access a particular physical memory location.
    Knowing this information at compile time can allow FPGA compilers to
    generate load store units of lower area for accesses done through such
    a pointer.
    
    Specification: https://github.com/intel/llvm/pull/2084
    
    Signed-off-by: Dmitry Sidorov <dmitry.sidorov@intel.com>

commit 945913cea0d5eb54225681540ac82c6924ce0ece
Author: Artem Gindinson <artem.gindinson@intel.com>
Date:   Wed Jul 22 16:29:31 2020 +0300

    [SYCL][FPGA] Translate the LSU controls built-in
    
    The LSU controls (interchangeable with "memory access controls")
    apply to a pointer variable; in LLVM IR, this is expressed via
    `llvm.ptr.annotation` intrinsics:
    `T* llvm.ptr.annotation.*(T* %, "{params:}{cache-size:..}")`.
    
    As far as the annotation algorithm is concerned, LSU controls go
    down the similar path as FPGA memory attributes. The primary
    differences are:
    1) the "on/off" parameters are encoded in a bitmask. Meanwhile,
    auxilary parameters like LSU cache size should be found in additional
    annotation blocks, if enabled by a corresponding flag;
    2) in SPIR-V, the memory access decorations are applied to the results
    of particular load instructions/pointer access instructions, as opposed
    to memory attributes, which are applied to static entities (static
    variables/struct members).
    
    The "Intel FPGA memory accesses" SPIR-V extension specification can be found at
    https://github.com/KhronosGroup/SPIRV-Registry/blob/master/extensions/INTEL/SPV_INTEL_fpga_memory_accesses.html
    
    Signed-off-by: Artem Gindinson <artem.gindinson@intel.com>

commit c82fcb652c72af7958f05731d5ef332a8ef43fdb
Author: Elie Tournier <tournier.elie@gmail.com>
Date:   Mon Jul 20 20:49:20 2020 +0100

    travis: build should complete with clang
    
    Signed-off-by: Elie Tournier <elie.tournier@collabora.com>

commit 088f97da1161981a42e2ea8680ad399cb4f905c3
Author: Elie Tournier <tournier.elie@gmail.com>
Date:   Mon Jul 20 17:51:33 2020 +0100

    travis: bump cmake version to lastest available
    
    Signed-off-by: Elie Tournier <elie.tournier@collabora.com>

commit 926d2e305e1d7de8f9054ef29dcb956bb588dc2c
Author: Elie Tournier <tournier.elie@gmail.com>
Date:   Mon Jul 20 17:40:20 2020 +0100

    travis: bump xcode version to lastest available
    
    Signed-off-by: Elie Tournier <elie.tournier@collabora.com>

commit 5202e9c5e35692ab86d68154552351d49f3ad9b8
Author: Dmitry Sidorov <dmitry.sidorov@intel.com>
Date:   Mon Jul 13 19:30:25 2020 +0300

    Fix type mapping for pointers with Device/HostOnlyINTEL storage classes
    
    a7b763b265d introduces a bug, when it could be possible to map a
    single pointer type in LLVM IR to two different pointer types in
    SPIR-V (when SPV_INTEL_usm_storage_classes extension is not allowed).
    This patch fixes this bug.
    
    Signed-off-by: Dmitry Sidorov <dmitry.sidorov@intel.com>

commit 70a3c5fe3d1b39676da5a2bc6226550eb630f487
Author: nrudenko <nikita.rudenko@intel.com>
Date:   Thu Jul 9 16:42:01 2020 +0300

    Add SIMTCallINTEL decoration of SPV_INTEL_vector_compute extension
    
    Extension is published at https://github.com/intel/llvm/pull/1612

commit fa938638b9fa390dde6ce2d5d870755ccb22a5da
Author: Sven van Haastregt <sven.vanhaastregt@arm.com>
Date:   Wed Jul 15 10:25:56 2020 +0100

    Drop unused CLVer member
    
    Its use was removed in dff07df ("[SPIRV] Fix assertion due to
    duplicate operands in opencl version metadata. This happens when two
    SPIR modules are linked together. Remove check for OCL version in
    OCLTypeToSPIRV. Only check if language is C or C++.", 2015-12-16).

commit b703fb9ac73f4020f2a68ec861cf0d0a544b7f1b
Author: nrudenko <nikita.rudenko@intel.com>
Date:   Thu Jul 9 15:28:41 2020 +0300

    Extend LLVMSPIRVOpts.h interface allowing pass options to spirv passes

commit bb2092ec2f5c2af1443bbeecc8a8b02a093ff92a
Author: nrudenko <nikita.rudenko@intel.com>
Date:   Thu Jul 9 14:51:47 2020 +0300

    Move SPIRVAllowUnknownIntrinsics option to TranslatorOpts class

commit ce17792a8917c89043a03dc6fa4348b1cc289e54
Author: Sven van Haastregt <sven.vanhaastregt@arm.com>
Date:   Fri Jul 10 10:49:14 2020 +0100

    Move SPIRVMap initializations out of OCLUtil.h
    
    The map initialization unnecessarily ends up in almost every
    translation unit due to transitive inclusion.

commit 2846475f19c56ae034d6e418fac48b117ab68bc2
Author: Sven van Haastregt <sven.vanhaastregt@arm.com>
Date:   Thu Jul 9 11:25:30 2020 +0100

    Update DebugInfo tests for LLVM -dwarf-column-info change
    
    Update for LLVM commit b0b5162fc23 ("[Driver] Pass -gno-column-info
    instead of -dwarf-column-info", 2020-07-05).  Either remove the
    obsolete `-dwarf-column-info` flag, or add the `-gno-column-info` flag
    for tests for which column info is not relevant.

commit bd6bb335013f15d9365f03dc3e9f5f2c44e3dcac
Author: nrudenko <nikita.rudenko@intel.com>
Date:   Fri Jul 3 17:06:49 2020 +0300

    Fix crash on debug info when -spirv-allow-unknow intrinsics option
    enabled.
    
    Bug is caused by translating of known intrinsics declarations,
    which should not be translated.

commit 1dfdb916660c8cbf53f119be1637384879b50988
Author: Andrew Savonichev <andrew.savonichev@intel.com>
Date:   Mon Jul 6 16:02:06 2020 +0300

    Fix incorrect usage of StringRef (#607)
    
    * Fix incorrect usage of StringRef
    
    `setName' function invalidates the name returned by `getName', so
    `InstName' is invalid. Since `takeName' is called later, we can avoid
    this renaming altogether.
    
    Signed-off-by: Andrew Savonichev <andrew.savonichev@intel.com>

commit da1363e651e42b0925c2f54cb140925c33875c0a
Author: Sven van Haastregt <sven.vanhaastregt@arm.com>
Date:   Wed Jul 1 11:00:21 2020 +0100

    README.md: Update branches section
    
    Remove any remaining references to LLVM SVN/trunk and update any links
    that were still pointing to the old LLVM split repository mirrors.
    
    Elaborate on tags and how they match up with LLVM.
    
    Line-wrap the affected paragraphs to 80 characters.

commit 6f2ce34fc1b196a2bd42747f6a0c5b87476fdfd7
Author: Aleksander Us <aleksander.us@intel.com>
Date:   Mon Jun 1 19:31:17 2020 +0300

    Fix base branch in code check scripts
    
    Patch fixes github issue:
    https://github.com/KhronosGroup/SPIRV-LLVM-Translator/issues/496

commit 523328f1de04e7d1027030c0e59bfc1e1aa6268d
Author: nrudenko <nikita.rudenko@intel.com>
Date:   Wed Jun 24 16:58:30 2020 +0300

    Add common OCL address spaces for VectorCompute globals
    This commit allows to use UniformConstant and CrossWorkgroup
    storage classes for VectorCompute globals

commit d8dd6f4aa8f13c091a1b52ab3fe96dfd4a028f83
Author: Dmitry Sidorov <dmitry.sidorov@intel.com>
Date:   Thu Jun 18 23:13:19 2020 +0300

    Add support for SPV_INTEL_usm_storage_classes extension
    
    With this extension 2 new Storage Classes are introduced:
    DeviceOnlyINTEL and HostOnlyINTEL appropriately mapped on
    global_device and global_host SYCL/OpenCL address spaces which
    are part of SYCL_INTEL_usm_address_spaces extension.
    
    Co-authored-by: Viktoria Maksimova <viktoria.maksimova@intel.com>
    
    Signed-off-by: Dmitry Sidorov <dmitry.sidorov@intel.com>
    Signed-off-by: Viktoria Maksimova <viktoria.maksimova@intel.com>

commit d80e55614c4b2332af5538d78a5e92d3b62043f2
Author: Sven van Haastregt <sven.vanhaastregt@arm.com>
Date:   Tue Jun 23 10:52:13 2020 +0100

    Use LLVM FixedVectorType::get
    
    Update for commit eb81c85afdc ("[SVE] Deprecate default false variant
    of VectorType::get", 2020-06-16).

commit 6c2a8a9cf73df714ecd64538a95e0b2ecc2cde49
Author: fadeeval <60697485+fadeeval@users.noreply.github.com>
Date:   Tue Jun 23 13:03:31 2020 +0300

    Fix issue found by a static analysis tool. (#596)
    
    Signed-off-by: Aleksander Fadeev <aleksander.fadeev@intel.com>

commit 6707e5eef661bfe1e6d2bf9ad4a53bb27db0b7a3
Author: Alexey Sotkin <alexey.sotkin@intel.com>
Date:   Mon Jun 22 18:10:58 2020 +0300

    Implement lowering of llvm.sadd.with.overflow.[i16/i32/i64] (#565)
    
    Since the intrinsic can't be mapped to SPIR-V directly, its semantics has been
    implemented as a function in LLVM IR. This patch introduces a pass which links
    the implementation function into the IR being translated to SPIR-V.
    
    Signed-off-by: Alexey Sotkin <alexey.sotkin@intel.com>

commit f85915cc7ed39371a8c5879a696657c5b04bd562
Author: fadeeval <60697485+fadeeval@users.noreply.github.com>
Date:   Mon Jun 22 14:15:21 2020 +0300

    Handle LLVM function aliases SPIRVWriter.cpp (#589)
    
    Signed-off-by: Aleksander Fadeev <aleksander.fadeev@intel.com>

commit f8b112ace5aa28320119c33184e72d539412583e
Author: Artem Gindinson <artem.gindinson@intel.com>
Date:   Fri May 1 10:40:32 2020 +0300

    [NFC] Improve parsing of FPGA memory decorations
    
    - Use regex to avoid regular `find`s and substring
      assignments;
    - Make variable names more readable.
    
    Signed-off-by: Artem Gindinson <artem.gindinson@intel.com>

commit 0420de4e37ddef60ba449921597efb3529940b7b
Author: Alexey Sotkin <alexey.sotkin@intel.com>
Date:   Mon May 25 13:27:06 2020 +0300

    Emit error if WordCount exceeds 16-bit max value
    
    According to the SPIR-V specification(Table 2) the 16 high-order bits of every
    instruction encode word count(length) of the instruction. This fundamental
    limitation doesn't allow to have instruction longer than 65535 words.
    
    Signed-off-by: Alexey Sotkin <alexey.sotkin@intel.com>

commit 43d1f102aa2aba980c89f68d99172bb04a4eca4d
Author: Alexey Sotkin <alexey.sotkin@intel.com>
Date:   Mon Jun 15 20:09:43 2020 +0300

    Update tests after LLVM changes
    
    Update tests after llvm/llvm-project@c9a52de
    "[CodeGen] Simplify the way lifetime of block captures is extended"
    
    Signed-off-by: Alexey Sotkin <alexey.sotkin@intel.com>

commit 43cf458a8423fa7fc97a5c3868fc2136f194a0bb
Author: Andrzej Ratajewski <andrzej.ratajewski@intel.com>
Date:   Wed Apr 15 11:52:02 2020 -0400

    SPIRV to LLVM translation for cl_khr_subgroup_extensions

commit f8839eb07b52b90defac94b9c72bb7f351353707
Author: Dmitry Sidorov <dmitry.sidorov@intel.com>
Date:   Fri Jun 5 17:09:20 2020 +0300

    [NFC] Fix Intel loop control masks spelling
    
    Signed-off-by: Dmitry Sidorov <dmitry.sidorov@intel.com>

commit 7bf9e14cecb4616cb94d75d6161d00d6aed7a7c9
Author: Brian Watling <bwatling@google.com>
Date:   Fri Jun 5 14:42:06 2020 -0400

    Support DebugInfoNone in DebugTypeComposite
    
    Per the spec opaque types should use DebugInfoNone for the Size
    operand

commit 9777594ee3e72ba5318ce206f8200d3852b95060
Author: Alexey Sotkin <alexey.sotkin@intel.com>
Date:   Tue Jun 9 15:24:29 2020 +0300

    Allow to cast function pointers
    
    Signed-off-by: Alexey Sotkin <alexey.sotkin@intel.com>

commit 966bbbaa8f42504ee317073bd31332957d3bb7f7
Author: Aleksandr Pronin <aleksandr.pronin@intel.com>
Date:   Fri Jun 5 15:22:24 2020 +0300

    Fix for trunc to bool lowering

commit 4c372462d218281eb47beb60381f442e503ec022
Author: nrudenko <nikita.rudenko@intel.com>
Date:   Thu May 21 13:54:59 2020 +0300

    Add tests for implementations of SPV_INTEL_vector_compute,
    SPV_INTEL_float_controls2 and SPV_KHR_float_controls extensions
    
    Extensions are published at https://github.com/intel/llvm/pull/1612
                                https://github.com/intel/llvm/pull/1611

commit 4c608cc33f5d8dc3f5036bf239d7ceca45586be1
Author: nrudenko <nikita.rudenko@intel.com>
Date:   Fri Feb 21 17:06:56 2020 +0300

    Implementation of SPV_INTEL_vector_compute extension
    Frontend part
    
    Extension is published at https://github.com/intel/llvm/pull/1612
    
    Co-Authored-By: Aleksandr Bezzubikov  <aleksandr.bezzubikov@intel.com>
    Co-Authored-By: Aleksander Us         <aleksander.us@intel.com>
    Co-Authored-By: Alexey Sachkov        <alexey.sachkov@intel.com>
    Co-Authored-By: Alexey Sotkin         <alexey.sotkin@intel.com>
    Co-Authored-By: Anton Sidorenko       <anton.sidorenko@intel.com>
    Co-Authored-By: Gang Chen             <gang.y.chen@intel.com>
    Co-Authored-By: Kai Chen              <kai.yu.chen@intel.com>
    Co-Authored-By: Konstantin Vladimirov <konstantin.vladimirov@intel.com>
    Co-Authored-By: Wei Pan               <wei.pan@intel.com>
    
    Change-Id: Ic8bd645316f054729b8571efd2b9800a38cb723c

commit 29522acea5e1aa121d8c8b25dcbb72c554d8f143
Author: nrudenko <nikita.rudenko@intel.com>
Date:   Fri Feb 21 17:06:56 2020 +0300

    Implementation of SPV_INTEL_vector_compute extension
    Backend part
    
    Extension is published at https://github.com/intel/llvm/pull/1612
    
    Co-Authored-By: Aleksandr Bezzubikov  <aleksandr.bezzubikov@intel.com>
    Co-Authored-By: Aleksander Us         <aleksander.us@intel.com>
    Co-Authored-By: Alexey Sachkov        <alexey.sachkov@intel.com>
    Co-Authored-By: Alexey Sotkin         <alexey.sotkin@intel.com>
    Co-Authored-By: Anton Sidorenko       <anton.sidorenko@intel.com>
    Co-Authored-By: Gang Chen             <gang.y.chen@intel.com>
    Co-Authored-By: Kai Chen              <kai.yu.chen@intel.com>
    Co-Authored-By: Konstantin Vladimirov <konstantin.vladimirov@intel.com>
    Co-Authored-By: Wei Pan               <wei.pan@intel.com>
    
    Change-Id: Ic8bd645316f054729b8571efd2b9800a38cb723c

commit 1146822fe95bf2dce92f450df916dc9840078d2a
Author: nrudenko <nikita.rudenko@intel.com>
Date:   Fri Feb 21 17:06:56 2020 +0300

    Add infrastructure for SPV_INTEL_vector_compute extension
    
    Extension is published at https://github.com/intel/llvm/pull/1612
    
    Co-Authored-By: Aleksandr Bezzubikov  <aleksandr.bezzubikov@intel.com>
    Co-Authored-By: Aleksander Us         <aleksander.us@intel.com>
    Co-Authored-By: Alexey Sachkov        <alexey.sachkov@intel.com>
    Co-Authored-By: Alexey Sotkin         <alexey.sotkin@intel.com>
    Co-Authored-By: Anton Sidorenko       <anton.sidorenko@intel.com>
    Co-Authored-By: Gang Chen             <gang.y.chen@intel.com>
    Co-Authored-By: Kai Chen              <kai.yu.chen@intel.com>
    Co-Authored-By: Konstantin Vladimirov <konstantin.vladimirov@intel.com>
    Co-Authored-By: Wei Pan               <wei.pan@intel.com>
    
    Change-Id: Ic8bd645316f054729b8571efd2b9800a38cb723c

commit f158d11a234c8bc9e39bb7705a371d4674c3571f
Author: nrudenko <nikita.rudenko@intel.com>
Date:   Wed Apr 29 16:52:44 2020 +0300

    Add infrastructure for SPV_INTEL_float_controls2 extension
    
    Extension is published at https://github.com/intel/llvm/pull/1611

commit 4137b113be1d713b2cc34125b665afb9d0339bb3
Author: Sven van Haastregt <sven.vanhaastregt@arm.com>
Date:   Sat Jun 6 13:05:54 2020 +0100

    Use -fdeclare-opencl-builtins for more .cl tests
    
    The combination of `-fdeclare-opencl-builtins -finclude-default-header`
    stops Clang from parsing its large opencl-c.h file.  Switch some more
    .cl tests that do not need the full opencl-c.h file to this flag
    combination, to speed up test execution.

commit eeca4506075a0acd0085ea4a580a52eef757d610
Author: Sven van Haastregt <sven.vanhaastregt@arm.com>
Date:   Fri Jun 5 10:34:59 2020 +0100

    Fix build warnings
    
    Found*contractedFMulAdd became unused after commit e89518b ("Enable
    strict rules to set ContractionOFF (#521)", 2020-05-20).
    
    Add a missing override to suppress a -Winconsistent-missing-override
    warning.

commit 25683eb9e6893e34323d0cb53a1c53e190fc1f44
Author: fadeeval <60697485+fadeeval@users.noreply.github.com>
Date:   Fri Jun 5 13:11:03 2020 +0300

    Exchange abort() to exit() in llvm-spirv tool by default. (#561)
    
    The behavior is still configurable via source code change
    
    Signed-off-by: Aleksander Fadeev <aleksander.fadeev@intel.com>

commit e4638af50f87c1c4d4ae8d2532ff61a1e8c4e066
Author: nrudenko <nikita.rudenko@intel.com>
Date:   Mon Jun 1 18:42:42 2020 +0300

    Minor amends needed for future commits:
    * Fix CapabilitySubgroupDispatch name in SPIRVNameMapEnum.h
    * Add ExecutionModeSubgroupSize to SPIRVNameMapEnum.h

commit df5853a6656f230e0f87d28bd44dfb87a3595279
Author: Alexey Sachkov <alexey.sachkov@intel.com>
Date:   Wed Jun 3 13:07:03 2020 +0300

    [NFC] Remove executable bit from some test files

commit 453799ff9147c4c9c9ae10c6e0c189233ebd1bda
Author: Aleksandr Bezzubikov <zuban32s@gmail.com>
Date:   Wed May 20 01:16:22 2020 +0300

    Improve constant expressions lowering for function pointers.
    
    Extend constexprs lowering support to lower constant vector of pure function pointers
    w/o any transformations inside.

commit 0d1a32ea1fe36494678fed9261a7240d609b5367
Author: nrudenko <nikita.rudenko@intel.com>
Date:   Wed May 27 20:45:05 2020 +0300

    Add translation of memory model from module metadata

commit bc97fa6a22c873012dd82bf1fd745a88233e6b88
Author: Alexey Sotkin <alexey.sotkin@intel.com>
Date:   Fri May 29 09:40:59 2020 +0300

    Update DebugInfo test after LLVM changes D80197
    
    Update after LLVM commit llvm/llvm-project@d20bf5a
    "[DebugInfo] Upgrade DISubrange to support Fortran dynamic arrays"
    
    Signed-off-by: Alexey Sotkin <alexey.sotkin@intel.com>

commit c0130961e5637b2e97c9e5a41fbaf63ec044530c
Author: Zahira Ammarguellat <zahira.ammarguellat@intel.com>
Date:   Tue May 26 09:39:11 2020 -0700

    Ignore llvm.trap instrinsic
    
    Clang, due to some ABI constraints needs to generate llvm.trap
    intrinsics. According to the LangRef documentation a trap instruction
    is lowered to a target's trap instruction or to an abort() function
    if the target doesn't have a trap instruction. SPIRV has neither a
    trap nor an abort instruction and no current opcode has the semantics
    of an abort/trap.
    Currently the IR to SPIRV translator is crashing when it finds an
    llvm.trap intrinsic. The solution will require some thoughts on the
    SPIRV side to decide how to implement an abort instruction.
    This patch changes the translator so it doesn't crash. This will be
    revised when a decision is taken.
    
    NOTE: clang could eventually not generate an llvm.trap instruction in
    the current case (non-base destructor of an abstract class needs to be
    emmitted) but keep in mind that clang might generate an llvm.trap
    intrinsic some other ways and we might stumble into this issue again.
    An alternative to this, could be to add an LLVM pass that will get rid
    of the llvm.trap intrisincs in the code before the SPIRV translator.
    But having the translator solve this issue is a preferred solution.

commit c9ca432049badf7acf40439c01d96e2a40b4a7a7
Author: Alexey Sachkov <alexey.sachkov@intel.com>
Date:   Mon May 25 17:18:21 2020 +0300

    Fix handling of function pointers going through select

commit 3cae4d6562a5244ba164b90a8454705b3569ca96
Author: Nikita Rudenko <nikita.rudenko@intel.com>
Date:   Wed May 27 22:56:22 2020 +0300

    Minor changes and cleanups (#553)
    
    * Refined condition for CapabilityVector16
    * Removed redundant assert from SPIRVVectorShuffle
    
      This assert is redundant because the allowed size of Components
      is checked by Type. Moreover it can interfere with capabilities
      allowing non-standart sizes.
    
    * Added required capabilities for ExecutionModeSubgroupSize
    * Added missing float control capabilities to SPIRVIsValidEnum.h

commit 3bc9ff061d61558394ffed27a6ee0a83f75d2dcd
Author: Nikita Rudenko <nikita.rudenko@intel.com>
Date:   Wed May 27 12:45:50 2020 +0300

    Add infrastructure for SPV_KHR_float_controls extension (#540)
    
    Added support for `SPV_KHR_float_controls` extension to SPIR-V generator part
    Fixed not emitting required extensions for capabilities

commit 4d014d0cf45f114f857804c35a606edf324a4e6a
Author: Andrew Savonichev <andrew.savonichev@intel.com>
Date:   Mon May 25 12:59:09 2020 +0300

    Fix a warning from "Enable strict rules to set ContractionOFF (#521)"
    
    Signed-off-by: Andrew Savonichev <andrew.savonichev@intel.com>

commit 54bcbf2ab60f5aac0ea356c91a6e43f7f14f4b45
Author: Andrzej Ratajewski <andrzej.ratajewski@intel.com>
Date:   Tue May 5 12:47:16 2020 -0400

    extend spirv-max-version option to versions 1.2 and 1.3

commit da93f298f117e81a279837322ead065a566273de
Author: Piotr Fusik <piotr.fusik@intel.com>
Date:   Mon May 4 14:43:32 2020 +0200

    Fix case style.

commit c0a01c53ea441a9fae8daf77a43fa469294732ca
Author: Ben Ashbaugh <ben.ashbaugh@intel.com>
Date:   Tue Apr 21 23:45:08 2020 -0700

    don't add enums for SPIR-V 1.4 or 1.5 yet
    update version-controls-negative tests

commit d147071ae0526f53d71b07beaaef8842b8749e12
Author: Andrzej Ratajewski <andrzej.ratajewski@intel.com>
Date:   Tue Apr 21 11:08:26 2020 +0200

    Handle capabilities related to cl_khr_subgroup_extensions.

commit c8601821ae30ceeb7904764c8f9f5daf7bacaf9d
Author: Ben Ashbaugh <ben.ashbaugh@intel.com>
Date:   Tue Apr 21 23:00:45 2020 -0700

    formatted with clang-format

commit 6b96a16f52dcf4352de1e46df27c7c0019a22448
Author: Andrzej Ratajewski <andrzej.ratajewski@intel.com>
Date:   Fri Apr 17 12:08:45 2020 +0200

    Add two-way translation test for sub_group_non_uniform_arithmetic.

commit 4a4684f24e9347ac8bc0bbdc8512cbbdd54fe1ca
Author: Andrzej Ratajewski <andrzej.ratajewski@intel.com>
Date:   Fri Apr 17 09:56:17 2020 +0200

    Remove duplicated values from OCLSPIRVBuiltinMap.

commit 7cf0e83ea4583c3232b5a5cc6658b0c6ebeca81f
Author: Andrzej Ratajewski <andrzej.ratajewski@intel.com>
Date:   Thu Apr 16 13:42:46 2020 +0200

    Add two-way translation test for sub_group_extended_types.

commit bb99e6a89a046ee52ac54a899b04aa42d741ece2
Author: Andrzej Ratajewski <andrzej.ratajewski@intel.com>
Date:   Thu Apr 16 10:42:27 2020 +0200

    Add two-way translation test for sub_group_clustered_reduce.

commit 723e005121a0a38133bbbd39d046802b90499a9f
Author: Andrzej Ratajewski <andrzej.ratajewski@intel.com>
Date:   Wed Apr 15 14:29:18 2020 +0200

    Add two-way translation test for sub_group_shuffle_relative.

commit 2abd3fd2c6dd76a44b5d89dd5a061fe8513bf55a
Author: Andrzej Ratajewski <andrzej.ratajewski@intel.com>
Date:   Wed Apr 15 14:02:16 2020 +0200

    Add two-way translation test for sub_group_shuffle.

commit 85af74bcc799d5576feaa7b52c74bf4fb3a8bd1b
Author: Andrzej Ratajewski <andrzej.ratajewski@intel.com>
Date:   Wed Apr 15 13:04:39 2020 +0200

    Add two-way translation test for sub_group_ballot.

commit f273319c3ea1906e4fb0c8dc39f2b76df4a489cc
Author: Andrzej Ratajewski <andrzej.ratajewski@intel.com>
Date:   Wed Apr 15 09:35:33 2020 +0200

    Fix group_ops test

commit 277ec31db7f5eae0e3c9c1ef68a86a12145c98d6
Author: Andrzej Ratajewski <andrzej.ratajewski@intel.com>
Date:   Fri Apr 10 10:13:09 2020 +0200

    Add two-way translation test for sub_group_non_uniform_vote.
    
    Testing SPIRV->LLVM translation is disabled in this commit. Enable this
    once it gets implemented.

commit 0c2ade64300af27609d85dc59a296422380abdf9
Author: Ben Ashbaugh <ben.ashbaugh@intel.com>
Date:   Mon Apr 6 13:13:27 2020 -0700

    distinguish between signed and unsigned clustered min and max

commit 11ee99bb9faf323b7d4bfeda1763b9143a9aae9a
Author: Ben Ashbaugh <ben.ashbaugh@intel.com>
Date:   Sun Mar 29 23:43:55 2020 -0700

    properly return boolean type for inverse ballot instruction

commit 81c940eafc21b61e504bb32380b840a178adf065
Author: Ben Ashbaugh <ben.ashbaugh@intel.com>
Date:   Sun Mar 29 23:37:36 2020 -0700

    properly return boolean types for elect and logical instructions

commit 5ff669f35ff6c2fce4c86afe3d0fefe2287686c1
Author: Ben Ashbaugh <ben.ashbaugh@intel.com>
Date:   Fri Mar 27 16:59:05 2020 -0700

    initial changes for cl_khr_subgroup_clustered_reduce

commit ef6a5467faaa42129d154113ff3b1ebec675587d
Author: Ben Ashbaugh <ben.ashbaugh@intel.com>
Date:   Mon Mar 23 23:20:55 2020 -0700

    added cl_khr_subgroup_shuffle_relative

commit b0ce08c6bade3b411b71728f872d0ddbd95260bd
Author: Ben Ashbaugh <ben.ashbaugh@intel.com>
Date:   Mon Mar 23 23:12:46 2020 -0700

    added cl_khr_subgroup_shuffle

commit b74ecbe8e81bcc8465664a8ba75556f84c23c915
Author: Ben Ashbaugh <ben.ashbaugh@intel.com>
Date:   Mon Mar 23 18:06:06 2020 -0700

    added cl_khr_subgroup_non_uniform_arithmetic

commit 6d7e57bf57e28b32367336f57a9abffbce269443
Author: Ben Ashbaugh <ben.ashbaugh@intel.com>
Date:   Sun Mar 22 23:52:34 2020 -0700

    initial changes for cl_khr_subgroup_non_uniform_arithmetic

commit 511a00c1c8f061d4706bdeab8ef6278ccf090626
Author: Ben Ashbaugh <ben.ashbaugh@intel.com>
Date:   Sun Mar 22 23:06:53 2020 -0700

    added cl_khr_subgroup_ballot

commit a85802e263387f237235e5dc1c490b802abfd9ec
Author: Ben Ashbaugh <ben.ashbaugh@intel.com>
Date:   Thu Mar 12 15:22:02 2020 -0700

    added cl_khr_subgroup_extended_types and cl_khr_subgroup_non_uniform_vote

commit 39482f5d64e374b9757398fe6fdde6e5dcee7f60
Author: Viktoria Maksimova <viktoria.maksimova@intel.com>
Date:   Tue May 19 21:18:32 2020 +0300

    Fix translation of undefined function call when debug info is present
    
    This fix resolves issue:
    https://github.com/KhronosGroup/SPIRV-LLVM-Translator/issues/524
    
    Function translation invokes translation of LLVM loop metadata as a last step.
    SPIRVToLLVM keeps a map with metadata. If function with loop metadata is
    forward-referenced, translation starts and metadata is placed in the map. If
    this function contains calls of undefined functions inside, it will fail -
    metadata map is not empty, but there is no loop info inside the undefined
    function.
    
    Example:
    ```
    float bar(int x);
    
    __kernel void foo(__global float* outPtr, int i) {
      for (int j = 0; j < i; ++j) {
        outPtr[j] = bar(j);
      }
    }
    ```

commit 1b5467738bd89bbb0882f9a9a9c5e3a34e50b145
Author: Alexey Sotkin <alexey.sotkin@intel.com>
Date:   Mon May 25 14:41:04 2020 +0300

    Update DebugInfo test after LLVM changes 77ffce6
    
    Update after LLVM commit llvm/llvm-project@77ffce6
    "[Instruction] Set metadata uses to undef on deletion"
    
    Signed-off-by: Alexey Sotkin <alexey.sotkin@intel.com>

commit ef1606fef352c0fcc160c1c3308dffd7e73deeeb
Author: Alexey Sachkov <alexey.sachkov@intel.com>
Date:   Tue May 12 17:12:24 2020 +0300

    Improve handling of OpMemoryBarrier
    
    Added support for non-constant 'Semantics' operand

commit 96af6ec80f955e3d262c6edd683ac6b29e427a3e
Author: Alexey Sachkov <alexey.sachkov@intel.com>
Date:   Tue May 12 17:10:25 2020 +0300

    [NFC] Refactor logic of memory scopes, orders and flags translation
    
    There are several OpenCL built-ins which accept cl_mem_fence_flags,
    memory_scope and memory_order arguments (like barriers, fences or atomics) and
    representation of that info is different between OpenCL and SPIR-V:
    different values for enumerations and bitmasks, different arguments for
    OpenCL built-ins and SPIR-V instructions.
    
    To avoid code duplication, refactored all common code for translation
    aforementioned entities into helper functions.
    
    Simplified interface of getOrCreateSwithFunc helper: `llvm::Module`
    argument is now infered from `InsertPoint` argument.

commit caa3d880e2ff509996f8b18bc430dcd700e61cf9
Author: Parshintsev Anatoly <anatoly.parshintsev@intel.com>
Date:   Wed May 20 16:29:51 2020 +0300

    Add missing implementation of getPassName for SPIRVLowerOCLBlocks (#543)

commit e89518b7d3566eac8e65836fe6a1dc32c860c0a7
Author: Andrew Savonichev <andrew.savonichev@intel.com>
Date:   Wed May 20 16:09:46 2020 +0300

    Enable strict rules to set ContractionOFF (#521)
    
    This patch makes several improvements to enable correct setting for
    ContractionOFF:
    
      1) Plain `fadd' or `fsub' instruction trigger ContractionOFF to
         avoid optimizations that may fold them to an FMA.
    
      2) `contract' flag is recognized on `fadd' and `fsub', and it allows
         to suppress (1).
    
      3) Undefined (external) functions, function pointers and inline asm
         calls force ContractionOFF flag.
    
      4) Contraction information is now propagated up the call stack until
         an entry point.
    
    Signed-off-by: Andrew Savonichev <andrew.savonichev@intel.com>

commit d977b41c1479db4b40b153ed3db29d3eaf251945
Author: Nikita Rudenko <nikita.rudenko@intel.com>
Date:   Wed May 20 14:58:59 2020 +0300

    [NFC] Move translation of OCL metadata to separate function (#539)

commit 686d08b41de1243270a0cdacccdf018b39d1eb34
Author: Nikita Rudenko <nikita.rudenko@intel.com>
Date:   Tue May 19 21:11:42 2020 +0300

    [NFC] Move preprocessing OCL metadata to separate function (#538)

commit 076974ec01c2a385d4473f6bb4eff9da66869b78
Author: Andrew Savonichev <andrew.savonichev@intel.com>
Date:   Tue May 19 13:23:50 2020 +0300

    Add --spirv-fp-contract={on|off|fast} option (#509)
    
    Add --spirv-fp-contract={on|off|fast} option
    
    In SPIR-V, floating point contraction (fused multiply add) can only be
    controlled per entry point using ContractionOFF execution mode: it can
    either allow any floating point operation to contract across a call
    graph (with an entry point as a root), or disallow contraction for a
    call graph.
    
    SPIR-V translator currently have an algorithm to determine if
    ContractionOFF should be set, but this algorithm is supposed to be
    very pessimistic. A single non-contracted fmul + fadd or a single
    undefined function must force ContractionOFF for the entire call
    graph. This behavior is used by default, or when --spirv-fp-contract=on is
    set.
    
    Two more modes are added:
        - `off' disables contraction for all entry points
        - `fast' unconditionally enables contraction for all entry points

commit 8a111d03c9a998c76d20b4cb37bcba0f5005f6ee
Author: Alexey Sachkov <alexey.sachkov@intel.com>
Date:   Mon May 18 13:48:03 2020 +0300

    Fix build after D79917
    
    See llvm/llvm-project@08e2386d Revert "Revert "[llvm][NFC] Cleanup uses
    of std::function in Inlining-related APIs""

commit 0cdbf9037213d6cc7526257a900d5ff812133eeb
Author: Alexey Sachkov <alexey.sachkov@intel.com>
Date:   Mon May 18 13:42:14 2020 +0300

    Fix build after D79968
    
    See llvm/llvm-project@11aa3707 StoreInst should store Align, not
    MaybeAlign.

commit d15537b4f9570126c2698a79d57cf15f2e66d9f7
Author: Alexey Sachkov <alexey.sachkov@intel.com>
Date:   Mon May 18 13:37:57 2020 +0300

    Fix build after D80044
    
    See llvm/llvm-project@4f04db4b: AllocaInst now stores Align instead of
    MaybeAlign

commit 916b47d8c5d9579273acb34c1d9ba271f2641a95
Author: Alexey Sachkov <alexey.sachkov@intel.com>
Date:   Mon May 18 10:37:33 2020 +0300

    Fix build after D77454 (#531)
    
    See llvm/llvm-project@accc6b5
    
    Updated SPIR-V reader to use different constructors of LoadInst
    depending on the alignment value. We cannot use the same constructor,
    because Align object cannot be constructed with value 0.
    
    Adjusted one test, because LoadInst which is created without alignment
    automatically contains default alignment for the used data types based
    on data layout of the module.

commit 3882d247d5259e890bb2693951d467c137508cdd
Author: Aleksandr Bezzubikov <zuban32s@gmail.com>
Date:   Thu Apr 30 22:19:20 2020 +0300

    Support function pointers in cast instructions

commit 08849f52c5f3bed5525380014c0aff2e3509af15
Author: Artem Gindinson <artem.gindinson@intel.com>
Date:   Thu May 7 10:51:30 2020 +0300

    Adjust FPGA IVDep translation for embedded loops
    
    The semantics of the `"!llvm.loop.parallel_access_indices"`
    loop metadata node could be defined as follows:
    ```
    The IVDep hint of this loop applies to all arrays whose
    GEP instructions are marked with:
    1. !llvm.index.group metadata nodes that are operands of
    the given !llvm.loop.parallel_access_indices node
    2. !llvm.index.group metadata nodes that are used by the
    operands of the given !llvm.loop.parallel_access_indices
    node
    ```
    Case **2** is vital for IVDep's representation on loop
    nests. This patch fixes its improper translation by
    mapping **all** operands of a given !llvm.index.group
    (if present) onto the affected array IDs.
    
    Additionally, the test was updated to include the legacy
    ivdep metadata (Clang emits it alongside the
    `parallel_access_indices`-based layout).
    
    Signed-off-by: Artem Gindinson <artem.gindinson@intel.com>

commit bc23f64ceb7df094e9193519ff5fdce8e2f1a25f
Author: Dmitry Sidorov <dmitry.sidorov@intel.com>
Date:   Mon Apr 27 15:55:58 2020 +0300

    Add support for SPV_INTEL_optimization_hints extension
    
    This extension adds representation of llvm.assume and llvm.expect
    intrinsics in SPIR-V that can be used as helpers in optimizations.
    
    Initial spec: https://github.com/intel/llvm/pull/1593/files#diff-333c6846d675d58988f3711e40258bda
    
    Signed-off-by: Dmitry Sidorov <dmitry.sidorov@intel.com>

commit 8b58a7fef2925595c2007ed87f7d1660c30bed35
Author: Andrzej Ratajewski <andrzej.ratajewski@intel.com>
Date:   Thu Apr 30 10:47:50 2020 -0400

    Remove deprecated spirv-atomic-prefix option

commit 54f072eb9f1eee8eac799cd701e96c82e9b2d403
Author: Aleksandr Bezzubikov <aleksandr.bezzubikov@intel.com>
Date:   Sat Apr 18 00:44:26 2020 +0300

    Support lowering of constant expressions vector
    
    Since the translator has to lower LLVM constant expressions to be able to represent them in SPIR-V,
    we now need to support not only single constexprs but vectors of constexprs as well.

commit 8a01bee87ae2966d202d5865a58e75f6cd2e1e51
Author: Dmitry Sidorov <dmitry.sidorov@intel.com>
Date:   Tue Apr 28 16:59:32 2020 +0300

    Fix build after a58b62b4a
    
    "Replace all uses of CallBase::getCalledValue() with getCalledOperand()"
    
    Signed-off-by: Dmitry Sidorov <dmitry.sidorov@intel.com>

commit 10cdc73aca7ece07d7428676a84f6e15a06a7c58
Author: nrudenko <nikita.rudenko@intel.com>
Date:   Mon Apr 27 18:38:08 2020 +0300

    Fix incorrect check in dumpLLVM function in SPIRVReader.cpp

commit 54827e6c07a20e0c18a2a00632738d3a58686689
Author: root <root@nntavc564el.inn.intel.com>
Date:   Thu Apr 23 12:19:06 2020 +0300

    Fix translation of debug info for constant sampler
    
    Fix crash at translation of debug info for __translate_sampler_initializer()
    call with a constant argument.
    LLVMToSPIRVDbgTran::transLocationInfo() method assumes that LLVM instructions
    in the basic block are mapped to SPIR-V instructions in the corresponding
    basic block. That's not true for __translate_sampler_initializer() call with
    constant argument. Such call is being translated to an OpConstantSampler in
    global scope.
    
    Signed-off-by: Alexey Sotkin <alexey.sotkin@intel.com>

commit 4b2e4aa5646d0c4c8523e268f3eab92ef5b2bf67
Author: Sven van Haastregt <sven.vanhaastregt@arm.com>
Date:   Mon Apr 27 09:37:58 2020 +0100

    Update LLVM PassSupport.h includes
    
    Update for LLVM commit a3982491db9 ("[Pass] Ensure we don't include
    PassSupport.h or PassAnalysisSupport.h directly", 2020-04-26).

commit 308228ea4f695ee454f056921a3245c161b826d3
Author: Sven van Haastregt <sven.vanhaastregt@arm.com>
Date:   Thu Apr 23 09:43:27 2020 +0100

    Update DebugInfo test after LLVM change
    
    Update after LLVM commit 5771c985624 ("[XRay] Change xray_instr_map
    sled addresses from absolute to PC relative for x86-64", 2020-04-13).

commit 1bc8cbd68b54ad18489c18e8b6df28c3d077745e
Author: Sven van Haastregt <sven.vanhaastregt@arm.com>
Date:   Tue Apr 21 12:45:34 2020 +0100

    Move datalayout in DebugInfo tests up
    
    Update tests for LLVM commit 9b9454af8a5 ("Require "target datalayout"
    to be at the beginning of an IR file.", 2020-04-17).

commit b656125fb2ad0295f910630f1b3efcdab4f88dfe
Author: Alexey Sachkov <alexey.sachkov@intel.com>
Date:   Mon Apr 20 13:19:12 2020 +0300

    [NFC] Fix build after LLVM API change (D62475) (#499)
    
    See https://reviews.llvm.org/D62475: [DebugInfo] Change DIEnumerator
    payload type from int64_t to APInt

commit b67cbb7802d04788596210c75fa9442c8c007376
Author: Alexey Sachkov <alexey.sachkov@intel.com>
Date:   Fri Apr 17 15:53:45 2020 +0300

    [NFC] GEP: replace getPointerElementType uses with getSourceElementType.
    
    Community is going to remove 'getPointerElementType' method,
    https://reviews.llvm.org/D16275 was used as example while preparing this
    patch.

commit ab1c9499caa2bb10b1e5f1d0ec43324423e1b718
Author: Alexey Bader <alexey.bader@intel.com>
Date:   Fri Apr 17 12:19:26 2020 +0300

    [NFC] Fix a couple of typos in the comments

commit 28029846a7d89122b22b27ac20e0522ef8c13cff
Author: Alexey Sachkov <alexey.sachkov@intel.com>
Date:   Fri Apr 17 16:35:13 2020 +0300

    [NFC] Fix build after CallSite removal
    
    Patch-By: Alexey Bader alexey.bader@intel.com

commit 7df22691c96bacfe3daee501754f253745c45602
Author: Alexey Bader <alexey.bader@intel.com>
Date:   Wed Apr 15 19:37:36 2020 +0300

    Improve llvm.memmove intrinsic support (#494)
    
    - Add support for "partial" move
    - Teach the pass to look through addrspace cast
    - Add support for multiple casts
    
    Signed-off-by: Alexey Bader <alexey.bader@intel.com>

commit 2d15e8c29a0863323867a11c0d4a94ac687ff3fb
Author: Alexey Sachkov <alexey.sachkov@intel.com>
Date:   Tue Apr 14 10:51:29 2020 +0300

    [NFC] Clean up usages of asserting vector getters in Type.
    
    A few methods is going to be removed from Type class, see
    https://reviews.llvm.org/D77278
    
    Applied the following transformation to the code:
    
    ```
    Ty->getVectorNumElements() -> cast<VectorType>(Ty)->getNumElements()
    Ty->getVectorElementCount() -> cast<VectorType>(Ty)->getElementCount()
    Ty->getVectorElementType() -> cast<llvm::VectorType>(Ty)->getElementType()
    ```

commit 988df733844d452fef30ebca64058f4a72e2aa30
Author: Sven van Haastregt <sven.vanhaastregt@arm.com>
Date:   Tue Apr 14 10:21:11 2020 +0100

    Update for InlineFunction API change
    
    Update for LLVM commit 4aae4e3f48b ("[llvm][NFC] CallSite removal
    from inliner-related files", 2020-04-13).

commit 197abb9d6d9ec0b2ff610877eea1c9733b496def
Author: Aleksander Us <aleksander.us@intel.com>
Date:   Fri Mar 20 17:21:49 2020 +0300

    Add support for read/write ocl builtins from cl_intel_subgroups_{char|long}
    
    Link to PR with extension: https://github.com/KhronosGroup/OpenCL-Registry/pull/79.

commit fd894d82538c1feb9c22e426a30b8e613d6dc3aa
Author: Alexey Sachkov <alexey.sachkov@intel.com>
Date:   Fri Apr 10 17:32:18 2020 +0300

    Fix build after D76269
    
    Several deprecated IR Builder APIs were removed, see
    https://reviews.llvm.org/D76269 [opaque pointer types] Remove deprecated
    Instruction/IRBuilder APIs.

commit 7d3cadf8114fa776de87eaf6f634cb8f97664f96
Merge: d9063e9b 6c3775b7
Author: Alexey Sachkov <alexey.sachkov@intel.com>
Date:   Fri Apr 10 10:11:28 2020 +0300

    Merge pull request #487 from AlexeySachkov/private/asachkov/fix-build-on-32-bit
    
    [NFC] Fix build on 32-bit systems

commit d9063e9b770566646810fc72e3d1ed114c60eb39
Author: Ilya Mashkov <ilya.mashkov@intel.com>
Date:   Mon Apr 6 18:14:48 2020 +0300

    Ensure using of mem2reg option via library interface
    
    -Implemented using of mem2reg option via TranslatorOpts
    
    -Made setter for SPIRVGenKernelArgNameMD extension to remove this parameter
    from TranslatorOpts constructor
    
    Signed-off-by: Ilya Mashkov <ilya.mashkov@intel.com>

commit 6c3775b780ee5592fe43b7415b2ffe171aa2c150
Author: Alexey Sachkov <alexey.sachkov@intel.com>
Date:   Thu Apr 9 11:33:05 2020 +0300

    [NFC] Fix build on 32-bit systems

commit 667bf137eeda7af93b482552c8959376e9565fc1
Author: Alexey Sachkov <alexey.sachkov@intel.com>
Date:   Thu Apr 2 20:41:01 2020 +0300

    Add possibility to generate SPIR-V friendly IR
    
    - renamed "spirv-ocl-builtins-version" to "spirv-target-env"
    - adjusted tests

commit 5e01f2cf4ce54786115cbdf90bcfa9e169322cc1
Author: Alexey Sachkov <alexey.sachkov@intel.com>
Date:   Tue Mar 31 13:35:50 2020 +0300

    Do not rely on OpSource while translating into LLVM IR
    
    - Refactored --spirv-ocl-builtins-version option so it can be set via library
      interface as well.
    - Removed logic that relied on OpSource while generating LLVM IR for
      OpenCL built-in functions
    - Added one more library entry entry point: 'convertSpirvToLLVM' which
      is a copy of existing one, but accept TranslatorOpts argument

commit 207924d65811a081244b5e0d0d8e19416ce8bb4b
Author: Sven van Haastregt <sven.vanhaastregt@arm.com>
Date:   Thu Apr 2 15:07:34 2020 +0100

    Avoid unnecessary type conversion
    
    The CreateShuffleVector API only accepts `int` or `uint32_t` ArrayRef
    mask arguments.

commit d6404ce0ff47a0b69f219bb3348e64829ec670bc
Author: Viktoria Maksimova <viktoria.maksimova@intel.com>
Date:   Wed Feb 19 19:46:07 2020 +0300

    Enable SPV_INTEL_arbitrary_precision_integers extension
    
    This extension relaxes the restriction that OpTypeInt must have a width of
    32 bits. Ints of arbitrary bit widths can be beneficial on targets that can
    exploit narrower widths such as FPGAs.

commit 4ff9e3c22152b6300949eee7552cde6de3e1f2e6
Author: Sven van Haastregt <sven.vanhaastregt@arm.com>
Date:   Thu Apr 2 09:27:26 2020 +0100

    Update for LLVM API changes to CreateShuffleVector
    
    Update for LLVM commit 1ee6ec2bf37 ("Remove "mask" operand from
    shufflevector.", 2020-03-31).

commit 33d10922b5ae2fec87e605e7d561d17500ff3bf2
Author: Alexey Sachkov <alexey.sachkov@intel.com>
Date:   Thu Mar 26 12:06:23 2020 +0300

    Improve/fix translation of SPIR-V OpControlBarier to OCL1.2
    
    This patch features two things:
    - fixed translation of OpControlBarrier into OpenCL 2.0 built-ins:
    
      Scope of the operation is now respected and we can either get
      work_group_barrier or sub_group_barrier depending on it
    
    - improved the translation so it handles non-constant 'Memory Semantic'
      operand of the instruction

commit e4e8888964c308126d69b2abd800a9f09b1f7b41
Author: Alexey Sachkov <alexey.sachkov@intel.com>
Date:   Tue Mar 31 13:59:28 2020 +0300

    [NFC] Move some tests to transcoding
    
    Done automatically using:
    
    ```bash
    $ for file in $(grep -r "llvm-spirv" --exclude-dir=transcoding --exclude-dir=DebugInfo --exclude="*.sp*" -B 10 -A 10 | grep "llvm-spirv -r" | grep -Po "^[\w\d/.]+(?=:.*$)" | sort | uniq); do git mv $file transcoding/$file; done
    ```

commit a4a8f159f5cade95162e3332528fd9a3d0290e14
Author: Stuart Brady <stuart.brady@arm.com>
Date:   Wed Mar 25 15:21:18 2020 +0000

    Add fneg and fcmp transcoding tests

commit 4a4e0ae2b5bca38727552f5134902ac60d6ae500
Author: Stuart Brady <stuart.brady@arm.com>
Date:   Wed Mar 25 15:21:15 2020 +0000

    Add translation of fast math flags for binary arithmetic ops
    
    This replaces SPIR-V assembly tests for translation of FPFastMathMode
    decorations with transcoding tests, adding a single SPIR-V assembly test
    for the translation of the combination of the Fast and NotNaN flags.

commit cb3be8626ec224aaf1bdf76a26ac5232b34d43fa
Author: Mariya Podchishchaeva <mariya.podchishchaeva@intel.com>
Date:   Fri Mar 27 19:37:03 2020 +0300

    Fix translation of relational operations (#476)
    
    Whereas it is not possible to generate vector of bools in FE,
    we have to change return type for corresponding instructions in SPIRV
    translator to vector of bools. SPIRV translator already did this for
    some instructions, this patch extends this behaviour to handle more
    instructions.

commit 8114d7f4d11280bda98e03d7d83a08e6d233878b
Author: Viktoria Maksimova <viktoria.maksimova@intel.com>
Date:   Thu Mar 26 15:56:50 2020 +0300

    Apply more suggestions

commit 4981d2f71137ec1b642c423fb4e7246c45dd9e5a
Author: Viktoria Maksimova <viktoria.maksimova@intel.com>
Date:   Tue Mar 24 14:53:39 2020 +0300

    Apply suggestions

commit 7abc76564f55a4782fa86702db14df05d2b53bb8
Author: Viktoria Maksimova <viktoria.maksimova@intel.com>
Date:   Fri Mar 13 16:41:24 2020 +0300

    Translate new set of Intel FPGA Loop Controls
    
    Specification can be found here:
    https://github.com/KhronosGroup/SPIRV-Registry/pull/62
    
    As per revision C -> revision E transition in the spec, patch introduces
    translation of the following loop controls:
    * PipelineDisableINTEL
    * LoopCoalesceINTEL
    * MaxInterleavingINTEL
    * SpeculatedIterationsINTEL

commit 05cdada7f2cfccbf7997e410564a52cdd5898cfd
Author: Mikhail Lychkov <mikhail.lychkov@intel.com>
Date:   Tue Mar 24 03:31:05 2020 +0300

    Translate Intel FPGA force_pow2_depth memory attribute
    
    https://github.com/KhronosGroup/SPIRV-Registry/blob/master/extensions/INTEL/SPV_INTEL_fpga_memory_attributes.asciidoc
    
    Signed-off-by: Mikhail Lychkov <mikhail.lychkov@intel.com>

commit 09df859e833298e37f843956768a4472a892c8e0
Author: Sven van Haastregt <sven.vanhaastregt@arm.com>
Date:   Wed Mar 25 14:15:09 2020 +0000

    Initialize a TranslatorOpts field
    
    The GenKernelArgNameMD field would be left uninitialized when calling
    the default constructor.

commit 49f1634ab85a28b66d160fd7f9794f9baf96eca5
Author: Ilya Mashkov <ilya.mashkov@intel.com>
Date:   Mon Mar 23 18:01:57 2020 +0300

    Implement -spirv-allow-unknown-intrinsics option
    
    Here is implementation of command-line option which will allow
    to represent unknown llvm intrinsics as external function call in SPIR-V
    
    Signed-off-by: Ilya Mashkov <ilya.mashkov@intel.com>

commit 1ef8bfce92b15f031c2d8c2465ac6618fcfd45d6
Author: Arvind Sudarsanam <arvind.sudarsanam@intel.com>
Date:   Wed Feb 12 10:54:09 2020 -0800

    Transform fabs and ceil llvm intrinsics into SPIRV extended instructions
    
    Signed-off-by: Arvind Sudarsanam <arvind.sudarsanam@intel.com>

commit b834a81cc0c6c628bea1165d439f1d3d1cc64f71
Author: Mikhail Lychkov <mikhail.lychkov@intel.com>
Date:   Thu Mar 12 12:18:48 2020 +0300

    Improve Intel FPGA Memory Attributes tests
    
    * Rewrite test code to use separate function for each memory attribute
    * Add more test cases for attributes
    * Add additional info about source code, compiler and compilation
      command
    
    Signed-off-by: Mikhail Lychkov <mikhail.lychkov@intel.com>

commit 7a0767f2a83c49003d66edfbc70c9cc6cd374ab7
Author: Konstantin Vladimirov <konstantin.vladimirov@intel.com>
Date:   Wed Mar 18 21:15:13 2020 +0300

    Implementation of SPV_INTEL_inline_assembly extension
    
    Extension is published as https://github.com/intel/llvm/pull/1290
    
    Co-Authored-By: Nikita Rudenko <nikita.rudenko@intel.com>
    Co-Authored-By: Anton Sidorenko <anton.sidorenko@intel.com>
    Co-Authored-By: Alexey Sachkov <alexey.sachkov@intel.com>

commit 2c4b84c6ed551f1a35e61200f1f5db7b3a4ee07a
Author: Konstantin Vladimirov <konstantin.vladimirov@intel.com>
Date:   Thu Mar 19 08:29:54 2020 +0300

    Removing usage of CompositeType to fix build
    
    CompositeType class was removed from llvm-project.

commit 7d6e79b1361c56d07b8a560c52da6abccb5838a6
Author: Konstantin Vladimirov <konstantin.vladimirov@intel.com>
Date:   Wed Mar 18 20:45:06 2020 +0300

    Fix of debug info test, failed due to upstream llvm-objdump option changes

commit a6d4ccf082858e63e139ca06c02a071c343d2657
Author: Andrea Bocci <andrea.bocci@cern.ch>
Date:   Sun Mar 15 17:35:44 2020 +0100

    Fix building in-tree with cmake -DLLVM_LINK_LLVM_DYLIB=ON
    
    Building in-tree with LLVM 11.0 master with the LLVM_LINK_LLVM_DYLIB
    cmake flag fails to link with the LLVMSPIRVLib library.
    
    Add an explicit dependency to force the correct build order and linking.
    
    Signed-off-by: Andrea Bocci <andrea.bocci@cern.ch>

commit d3c63b0d75aaf123f7818ca2b55ba4cde04630b2
Author: Alexey Sotkin <alexey.sotkin@intel.com>
Date:   Fri Mar 13 14:34:48 2020 +0300

    Fix build after changes in the llvm project
    
    The build was broken by llvm/llvm-project@118abf2
    "[SVE] Update API ConstantVector::getSplat() to use ElementCount."
    
    Signed-off-by: Alexey Sotkin <alexey.sotkin@intel.com>

commit 556ebefad623d344a8464e4a22f03b2bf1dacb16
Author: Dmitry Sidorov <dmitry.sidorov@intel.com>
Date:   Tue Feb 25 18:37:14 2020 +0300

    Allow Intel Loop Controls only with SPV_INTEL_fpga_loop_controls
    
    Added the appropriate checks if the extension is allowed.
    
    Signed-off-by: Dmitry Sidorov <dmitry.sidorov@intel.com>

commit 48277fe61d382d43f607368343aa7a916774caa8
Author: Dmitry Sidorov <dmitry.sidorov@intel.com>
Date:   Wed Mar 11 15:05:18 2020 +0300

    Apply suggested assert msg change
    
    Signed-off-by: Dmitry Sidorov <dmitry.sidorov@intel.com>

commit 89c9541f88d75d6a09cd3749027c5838f80d0821
Author: Dmitry Sidorov <dmitry.sidorov@intel.com>
Date:   Mon Feb 10 19:47:54 2020 +0300

    Implement SPV_INTEL_io_pipes extension
    
    Added a new decoration DecorationIOPipeStorageINTEL which is
    attached to a PipeStorage object under a new capability
    CapabilityIOPipeINTEL.
    
    Spec: https://github.com/KhronosGroup/SPIRV-Registry/pull/60
    
    Signed-off-by: Dmitry Sidorov <dmitry.sidorov@intel.com>

commit 710d731b470062f95d4da77eb80c013c1fb0ab17
Author: Alexey Sotkin <alexey.sotkin@intel.com>
Date:   Tue Mar 3 15:25:23 2020 +0300

    Change capability for SpecId decoration
    
    Per the SPIR-V spec the SpecId decoration has 2 enabling capabilities:
    Shader, Kernel. Also in section 2.1 the spec says:
    "When an instruction, enumerant, or other feature specifies multiple
    enabling capabilities, only one such capability needs to be declared to
    use the feature."
    With this commit we choose to emit Kernel capability over Shader.

commit eb42ea13e6363173b74b5c8a652b7b1723e96e3f
Author: Sven van Haastregt <sven.vanhaastregt@arm.com>
Date:   Wed Mar 4 10:31:10 2020 +0000

    README.md: Mention retrieving llvm archive signatures
    
    Fixes https://github.com/KhronosGroup/SPIRV-LLVM-Translator/issues/442

commit 106c3a63be4002ba066b921ddb0ec346f562f1bd
Author: Sven van Haastregt <sven.vanhaastregt@arm.com>
Date:   Fri Feb 28 17:05:06 2020 +0000

    travis: Restore macOS builds
    
    macOS builds seem to have been broken since 3027e3a ("Update version
    of LLVM from 10 to 11", 2020-01-28) due to apt commands being moved
    into the `before_install` step.  Restore macOS testing by only running
    apt commands for Linux builds.

commit 480856d0e1ce181a7ec4f08e33fe34f17d10206f
Author: Sven van Haastregt <sven.vanhaastregt@arm.com>
Date:   Tue Mar 3 09:43:34 2020 +0000

    Fix DebugInfo creation after LLVM change 7a42babeb83
    
    Add a default argument after LLVM commit 7a42babeb83 ("Reland
    "[DebugInfo][clang][DWARF5]: Added support for debuginfo generation
    for defaulted parameters in C++ templates."", 2020-03-02).

commit 102aa6e0740403af093f1fe8f628ead47b0031ff
Author: Dmitry Sidorov <dmitry.sidorov@intel.com>
Date:   Fri Feb 28 11:05:38 2020 +0300

    Add more missing mixes
    
    Signed-off-by: Dmitry Sidorov <dmitry.sidorov@intel.com>

commit adc089c0d20846608641d1e8408bb977367fa5cd
Author: Dmitry Sidorov <dmitry.sidorov@intel.com>
Date:   Thu Feb 27 19:51:41 2020 +0300

    Add missing fixes
    
    Signed-off-by: Dmitry Sidorov <dmitry.sidorov@intel.com>

commit 033d5d9e4a57a8db77e6327a4d7e0897fd419043
Author: Dmitry Sidorov <dmitry.sidorov@intel.com>
Date:   Thu Feb 27 19:09:53 2020 +0300

    [NFC] Fix spelling for Intel Loop Controls
    
    Signed-off-by: Dmitry Sidorov <dmitry.sidorov@intel.com>

commit a932ead87b5d58b86035a49eeb22a081b0ca3304
Author: Dmitry <dmitry.sidorov@intel.com>
Date:   Fri Feb 28 16:53:24 2020 +0300

    Fix build after ddd11273d and align testing
    
    Signed-off-by: Dmitry Sidorov <dmitry.sidorov@intel.com>

commit a231e7b6477cb130db5bf131e37cd72d51d25c63
Author: Sven van Haastregt <sven.vanhaastregt@arm.com>
Date:   Thu Feb 27 12:34:48 2020 +0000

    Add SmallString include after LLVM change 465dca79b31
    
    Update for 465dca79b31 ("Avoid SmallString.h include in MD5.h, NFC",
    2020-02-26).

commit 39edc1dcd71bb08304ab65b1f3a8e5fb90ca40ac
Author: Alexey Sotkin <alexey.sotkin@intel.com>
Date:   Mon Feb 17 17:50:02 2020 +0300

    Translate atomicrmw LLVM instruction to SPIR-V
    
    atomicrmw with nand, fadd and fsub operation can't be represented in
    SPIR-V.
    
    Signed-off-by: Alexey Sotkin <alexey.sotkin@intel.com>

commit 8c9d75790dd00142e161e39d59b1e4fcc2f83733
Author: Sven van Haastregt <sven.vanhaastregt@arm.com>
Date:   Tue Feb 18 16:48:20 2020 +0000

    Handle non-zero values for llvm.memset
    
    Relax a limitation of the SPIR-V writer.  The memset intrinsic is mapped
    to `OpCopyMemorySized`, causing it to be converted to memcpy when
    converting back from SPIR-V to LLVM.
    
    Fixes https://github.com/KhronosGroup/SPIRV-LLVM-Translator/issues/357

commit d42c73d4f886014245caf8264ad2370a2c203483
Author: Vladimir Lazarev <vladimir.lazarev@intel.com>
Date:   Tue Feb 18 10:57:47 2020 +0300

    Fix LIT after LLVM change in community (895cad1a)
    
    Signed-off-by: Vladimir Lazarev <vladimir.lazarev@intel.com>

commit af62bccfbb1c8ae6a8f20fd5b37dafe0e2a06bbf
Author: Alexey Sotkin <alexey.sotkin@intel.com>
Date:   Thu Feb 13 18:33:31 2020 +0300

    Fix potential null pointer dereference
    
    Signed-off-by: Alexey Sotkin <alexey.sotkin@intel.com>

commit 47fdd9648e1a51508742378cb5b189e17d849716
Author: Alexey Sotkin <alexey.sotkin@intel.com>
Date:   Fri Feb 14 14:59:27 2020 +0300

    Translate llvm.sqrt.* intrinsics to SPIR-V
    
    Signed-off-by: Alexey Sotkin <alexey.sotkin@intel.com>

commit 0401a329cfda4b61070def4b7fec50a212c3ded9
Author: Alexey Sotkin <alexey.sotkin@intel.com>
Date:   Tue Feb 4 16:52:43 2020 +0300

    Translate LLVM's cmpxchg instruction to SPIR-V
    
    Signed-off-by: Alexey Sotkin <alexey.sotkin@intel.com>

commit 823c0a45bec654768bdfd94800b749f2a089aee2
Author: Sven van Haastregt <sven.vanhaastregt@arm.com>
Date:   Wed Feb 12 17:30:01 2020 +0000

    Add volatile qualifier for atom_ builtins
    
    Commit 10dee68 ("Fix translation of 64-bit atomics to OpenCL 1.2",
    2019-08-15) changes the "atomic_" prefix to "atom_" for 64-bit types,
    but this caused the "atom_" builtins to no longer have the volatile
    qualifier to their pointer argument.
    
    Update the atomics_int64.spt test to check for the fully mangled
    names; these should include the volatile qualifier.

commit 00398b8ca53c91ac0fb788d284bfede412f242cc
Author: Sven van Haastregt <sven.vanhaastregt@arm.com>
Date:   Tue Feb 11 17:17:59 2020 +0000

    Fix -Wunused-variable warnings
    
    These were introduced by commit 33d4946 ("Enable NoGlobalOffsetINTEL
    execution mode translation", 2020-01-16).

commit 4436ceb21416bb4a13af2f42645b441f763a12c0
Author: Sven van Haastregt <sven.vanhaastregt@arm.com>
Date:   Wed Feb 12 13:36:04 2020 +0000

    Update DebugInfo test after LLVM change 9f6ff07f8a
    
    Update for 9f6ff07f8a3 ("[DebugInfo] Enable the debug entry values
    feature by default", 2020-02-10).

commit 02c1a677cbd4b47f3aaee1cff8dab28767b4f021
Author: Alexey Sotkin <alexey.sotkin@intel.com>
Date:   Tue Feb 11 13:19:22 2020 +0300

    [DebugInfo] Set ModFlagBehavior=Max for the "Dwarf Version" metadata
    
    This commit mirrors llvm/llvm-project@e956952edec140d2475aa7c8cbe20fbdd3320634
    
    "DebugInfo: Flag Dwarf Version metadata for merging during LTO
    
    When the Dwarf Version metadata was initially added (r184276) there was
    no support for Module::Max - though the comment suggested that was the
    desired behavior. The original behavior was Module::Warn which would
    warn and then pick whichever version came first - which is pretty
    arbitrary/luck-based if the consumer has some need for one version or
    the other.
    
    Now that the functionality's been added (r303590) this change updates
    the implementation to match the desired goal.
    
    The general logic here is - if you compile /some/ of your program with a
    more recent DWARF version, you must have a consumer that can handle it,
    so might as well use it for /everything/.
    
    The only place where this might fall down is if you have a need to use
    an old tool (supporting only the older DWARF version) for some subset of
    your program. In which case now it'll all be the higher version. That
    seems pretty narrow (& the inverse could happen too - you specifically
    /need/ the higher DWARF version for some extra expressivity, etc, in
    some part of the program)"
    
    Signed-off-by: Alexey Sotkin <alexey.sotkin@intel.com>

commit 33d49464beee75e02529658ea6682eec15a1cf93
Author: Viktoria Maksimova <viktoria.maksimova@intel.com>
Date:   Thu Jan 16 17:49:47 2020 +0300

    Enable NoGlobalOffsetINTEL execution mode translation
    
    This patch implements the rest of SPV_INTEL_kernel_attributes extension.
    NoGlobalOffsetINTEL execution mode indicates that the global offset is
    always (0, 0, 0). Only valid with the Kernel Execution Model.

commit e980e04d125f212ba0f962b2a942fd37ecef1a71
Author: Alexey Sotkin <alexey.sotkin@intel.com>
Date:   Thu Jan 23 16:26:35 2020 +0300

    Generate specialization constant instructions
    
    Translate SPIRV-friendly LLVM IR builtins represnting specialization constants
    `__spirv_SpecConstant` to corresponding SPIR-V instructions.
    
    This approach works only for scalar constants, so support for
    `OpSpecConstantComposite` and `OpSpecConstantOp` is not implemented in this
    patch.
    
    Signed-off-by: Alexey Sotkin <alexey.sotkin@intel.com>

commit 6a03da64598c876e34d0a17a225dbd25a1a3c844
Author: Alexey Sotkin <alexey.sotkin@intel.com>
Date:   Wed Feb 5 13:32:59 2020 +0300

    Fix Float16 capability
    
    For 16-bit floating point constants we have to emit the Float16
    capability. The implementation is based on checking if cl_khr_fp16
    extension from a source langue (OpenCL C) was enabled.
    This commit fixes a bug: we should check for *source* extension instead
    of SPIR-V extension.
    
    Signed-off-by: Alexey Sotkin <alexey.sotkin@intel.com>

commit bab8e491396b98decf53dbe73b025f9fb8de3362
Author: Alexey Sotkin <alexey.sotkin@intel.com>
Date:   Tue Jan 28 13:11:13 2020 +0300

    Improve error handling for llvm::getSpecConstInfo API
    
    Change return value from `void` to `bool`.
    Return `false` to indicate a failure. Return `true` on success.
    
    Signed-off-by: Alexey Sotkin <alexey.sotkin@intel.com>

commit 0e72368355a51cc90b1b69648a7425a23eefea20
Author: Sven van Haastregt <sven.vanhaastregt@arm.com>
Date:   Wed Feb 5 00:55:11 2020 +0000

    tests: remove llvm.memcpy/move/set alignment argument
    
    Update tests that still called llvm.mem intrinsics with an alignment
    argument.  The alignment argument has been removed by 1e68724d24b
    ("Remove alignment argument from memcpy/memmove/memset in favour of
    alignment attributes (Step 1)", 2018-01-19).

commit 3195f33f2f5ab1f2581740fc72d27ba1948252d3
Author: Sven van Haastregt <sven.vanhaastregt@arm.com>
Date:   Tue Feb 4 21:30:05 2020 +0000

    Update DebugInfo test after LLVM change 41206b61e30
    
    Update for 41206b61e30 ("[DebugInfo] Re-instate LiveDebugVariables
    scope trimming", 2020-02-04).

commit 295b14eaea8ea4cd37a09dd5dc50eb6ac3d8a4d9
Author: Alexey Sotkin <alexey.sotkin@intel.com>
Date:   Mon Feb 3 14:11:34 2020 +0300

    Fix the build after changes in the LLVM project
    
    This is to fix the build after
    https://github.com/llvm/llvm-project/commit/ecd2aaee0645e832566850044c4ee5fc5ff76a02
    "[DebugInfo] Merge DebugInfoFinder::{processDeclare,processValue} into
    processVariable"
    
    Signed-off-by: Alexey Sotkin <alexey.sotkin@intel.com>

commit 940f4ce3faf5accad9117aae6165a4b06d412aa3
Author: Pierre Moreau <dev@pmoreau.org>
Date:   Sat Feb 1 11:31:53 2020 +0100

    Make LLVM_SPIRV_VERSION depend on the base LLVM version
    
    Fixes: https://github.com/KhronosGroup/SPIRV-LLVM-Translator/issues/131

commit 5e25f8f4ead330171dba24ebc55ba4c252f82187
Author: Alexey Sotkin <alexey.sotkin@intel.com>
Date:   Fri Jan 31 10:48:32 2020 +0300

    Fix the build after changes in LLVM project
    
    This commit fixes the build after changes introduced with
    https://github.com/llvm/llvm-project/commit/777180a32b61070a10dd330b4f038bf24e916af1
    "[ADT] Make StringRef's std::string conversion operator explicit"
    
    Signed-off-by: Alexey Sotkin <alexey.sotkin@intel.com>

commit 3027e3aead46558f1b44a18c76434f89612d12ba
Author: Alexey Sotkin <alexey.sotkin@intel.com>
Date:   Tue Jan 28 13:47:14 2020 +0300

    Update version of LLVM from 10 to 11
    
    Signed-off-by: Alexey Sotkin <alexey.sotkin@intel.com>

commit 5642686e67bca4437581a96ca528525a2f636dae
Author: Andrzej Ratajewski <andrzej.ratajewski@intel.com>
Date:   Wed Dec 4 15:56:35 2019 -0500

    Fix mangling of some cl_intel_device_size_avc_motion_estimation
    functions

commit ea8f08b9e6f6624d32ba43b29f14435917f54eaf
Author: Andrzej Ratajewski <andrzej.ratajewski@intel.com>
Date:   Tue Dec 3 16:11:51 2019 -0500

    Refactor cl_intel_device_side_avc_motion_estimation tests
    
    Those tests are divided into two seperate files: one for spv to llvm translation and
    one for llvm to spv translation. None of them is based on OCL representation, so
    its hard to extend the test with more test cases.

commit 6f4f09f97a2f372c4ee3ae42d4a5b74f10d84919
Author: Artem Gindinson <artem.gindinson@intel.com>
Date:   Tue Jan 14 12:02:11 2020 +0300

    [NFC] Coding style improvements for FPGA IVDep attribute
    
    Signed-off-by: Artem Gindinson <artem.gindinson@intel.com>

commit 0a9bb4bf32d14c62f7d6297188a0f878784a0a82
Author: Artem Gindinson <artem.gindinson@intel.com>
Date:   Mon Jan 13 10:43:05 2020 +0300

    [NFC] Improve the LIT tests for FPGA Loop Controls
    
    This patch introduces some clarifying comments with regard to
    loop control mask values, and somewhat improves the CHECK lines'
    structure.
    
    Signed-off-by: Artem Gindinson <artem.gindinson@intel.com>

commit 76e5087f811b7dc9f5edf26e9f7c7fd26698e894
Author: Artem Gindinson <artem.gindinson@intel.com>
Date:   Fri Dec 27 12:24:14 2019 +0300

    Align FPGA Loop Controls translation with the spec (rev C)
    
    The specification itself can be found at
    https://github.com/KhronosGroup/SPIRV-Registry/blob/master/extensions/INTEL/SPV_INTEL_fpga_loop_controls.asciidoc
    
    As per revision B -> revision C transition in the spec, the patch
    removes the "extended loop controls" field, storing the FPGA loop
    controls as bit fields in the "common" LoopControl mask.
    
    Signed-off-by: Artem Gindinson <artem.gindinson@intel.com>

commit 9e51db2899efde37975982705241323fa2ebfafe
Author: Andrzej Ratajewski <andrzej.ratajewski@intel.com>
Date:   Thu Jan 16 15:29:06 2020 +0100

    Extend testing of SPV_INTEL_media_block_io and little refactoring

commit cf331a595dd26e487b966a46b1055df183279f7f
Author: Andrzej Ratajewski <andrzej.ratajewski@intel.com>
Date:   Wed Nov 20 11:07:54 2019 +0100

    Translation of SPV_INTEL_media_block_io from SPIRV to LLVM

commit dd09f1f2f7a406ea26dc1d2f25db3e80c4d922b9
Author: Alexey Sotkin <alexey.sotkin@intel.com>
Date:   Tue Dec 31 14:58:57 2019 +0300

    Translate specialization constants from SPIRV
    
    Add support for OpSpecConstantTrue, OpSpecConstantFalse, OpSpecConstant and
    OpSpecConstantComposite instructions.
    
    Add -spec-const command line option which allows to overwrite the default
    values of specialization constants while translating SPIRV to LLVM.
    
    Add getSpecConstInfo API. This API returns specialization sonstant IDs
    available in the SPIR-V module and their size. This information also can be
    printed out with -spec-const-info command line option.
    
    Signed-off-by: Alexey Sotkin <alexey.sotkin@intel.com>

commit a6bdea0f584ce422092bf4bf88cee5d5007f6e1a
Author: Mohammad Fawaz <mohammad.fawaz@intel.com>
Date:   Fri Jan 17 09:49:26 2020 -0500

    Changing max_private_copies --> private_copies (IR only)
    
    This also needs a change in Clang.
    The decoration MaxPrivateCopies did not change. No SPIRV spec changes
    required.
    
    Signed-off-by: Mohammad Fawaz <mohammad.fawaz@intel.com>

commit 129232c63aa95235f27af1050effe2007994c5f0
Author: Alexey Sachkov <alexey.sachkov@intel.com>
Date:   Tue Jan 14 16:12:36 2020 +0300

    Fix translation of read_image* built-ins to SPIR-V
    
    There are several overloads of read_image function defined by OpenCL C
    spec, but all of them use the same SPIR-V instruction, so, we need to
    add one more optional postfix to differentiate instructions with the
    same argument types, but different return types.
    
    Example:
    - int4 read_imagei(image2d_t, sampler_t, int2)
    - float4 read_imagef(image2d_t, sampler_t, int2)
    
    Both functions above are represented by the same SPIR-V instruction and
    we need to distinguish them in SPIR-V friendly LLVM IR.

commit db54fb95a5737a53ca24ba648386bfbfc9197517
Author: Artem Gindinson <artem.gindinson@intel.com>
Date:   Tue Jan 14 13:30:34 2020 +0300

    Replace the deprecated CHECK-DAG mechanism with multiple FileCheck runs
    
    The patch replaces the initial update undertaken for the FPGA IVDep
    attribute's testing with a more robust approach. The initial changes
    were aimed at allowing multiple "llvm.loop.parallel_access_indices"
    operands to be listed in indeterminate order.
    
    Signed-off-by: Artem Gindinson <artem.gindinson@intel.com>

commit 08ab82a585ee76b108c18c285c8e306795471837
Author: Artem Gindinson <artem.gindinson@intel.com>
Date:   Tue Dec 31 11:54:01 2019 +0300

    Enhance FPGA IVDep attribute testing
    
    The particular order of !"llvm.loop.parallel_access_indices" metadata
    operands being non-deterministic and irrelevant, it makes sense to
    alleviate the LIT tests from the corresponding restriction on the index
    groups' order.
    
    E.g. both of the below scenarios would now pass the tests:
    !0 = !{!"llvm.loop.parallel_access_indices", !1, !2}
    OR
    !0 = !{!"llvm.loop.parallel_access_indices", !2, !1}
    
    The tweaks of SPIRV types' checks fall into the same category.
    
    Signed-off-by: Artem Gindinson <artem.gindinson@intel.com>

commit 2674e50e6927f81d9fefb2220f61c2ee3a67cfb9
Author: Sven van Haastregt <sven.vanhaastregt@arm.com>
Date:   Thu Dec 19 11:34:07 2019 +0000

    Gracefully reject invalid integer bit widths
    
    Instead of asserting (which may not be available in release builds),
    reject invalid/unsupported integer bit widths.

commit a7a4b253773bb62bd5e265f78218f52af342e50a
Author: Artem Gindinson <artem.gindinson@intel.com>
Date:   Thu Dec 26 10:16:21 2019 +0300

    Translate the new representation of Intel FPGA IVDep loop attribute
    
    The new LLVM IR representation of [[intelfpga::ivdep]] takes into account
    the array variables being accessed from within the loop. A brief outline is
    that each array variable's GetElementPtr instruction is marked with a
    so-called "index group metadata". These index groups are referenced by
    IVDep-specific "llvm.loop.parallel_access_indices", which is (finally!)
    attached to "llvm.loop" metadata.
    
    The SPIR-V specification for this version of the attribute can be found at:
    https://github.com/KhronosGroup/SPIRV-Registry/blob/master/extensions/INTEL/SPV_INTEL_fpga_loop_controls.asciidoc (rev B)
    
    Upon encountering loop control parameters, SPIRVReader is now
    required to perform full loop analysis for the given function. This
    allows convenient access to the GEP instructions in all of the
    embedded loops' body blocks.
    
    The older representation of IVDep via {!llvm.loop.ivdep.*} metadata
    was retained to ensure backwards compatibility. The unit testing that
    used to rely on this representation while not being directly aimed
    at testing the IVDep was reworked to use the other loop attributes.
    
    Signed-off-by: Artem Gindinson <artem.gindinson@intel.com>

commit f2d4b72f5f3541907b80eb1ee5217b841c87c353
Author: Artem Gindinson <artem.gindinson@intel.com>
Date:   Thu Dec 26 10:10:40 2019 +0300

    Update the infrastructure for further handling of the IVDep loop attribute
    
    This commit updates the LLVM metadata helper functions and also transfers
    the SPIRVWriter-specific getLoopControl() utility into the SPIRVWriter
    itself. This will facilitate the upcoming patch for handling a complex
    loop attribute.
    
    Signed-off-by: Artem Gindinson <artem.gindinson@intel.com>

commit 12cef00ae862f9a99fdefaefb7e2525dc832e097
Author: Viktoria Maksimova <viktoria.maksimova@intel.com>
Date:   Wed Dec 25 17:52:03 2019 +0300

    Fix lit test

commit 4a4f8faa242a3bbf8f185a6b382c3a95b6547976
Author: Viktoria Maksimova <viktoria.maksimova@intel.com>
Date:   Wed Dec 25 16:18:50 2019 +0300

    Simplify initialization of literals

commit ebdb3d3d9bcbcf30cd08b8857936d258c1a2859b
Author: Viktoria Maksimova <viktoria.maksimova@intel.com>
Date:   Mon Dec 23 17:51:06 2019 +0300

    Apply suggestions

commit 6a18fcaa1d03fa632f97aea749d30692ba53a717
Author: Viktoria Maksimova <viktoria.maksimova@intel.com>
Date:   Mon Dec 23 14:16:04 2019 +0300

    Apply suggestions from code review

commit 0364e83f88f5dd7ed9b99c068b0e7fd4e7223882
Author: Viktoria Maksimova <viktoria.maksimova@intel.com>
Date:   Thu Dec 19 16:36:32 2019 +0300

    Fix check-tidy failure

commit 3fdc1a5b82a9549279b38d5cdbfa4ecf7291bc91
Author: Viktoria Maksimova <viktoria.maksimova@intel.com>
Date:   Wed Dec 4 13:16:49 2019 +0300

    Translate Intel FPGA bank_bits memory attribute
    
    https://github.com/KhronosGroup/SPIRV-Registry/blob/master/extensions/INTEL/SPV_INTEL_fpga_memory_attributes.asciidoc

commit 1bf22f15d78e20f4b2aa60092f6819bb361b03db
Author: Mikhail Lychkov <mikhail.lychkov@intel.com>
Date:   Tue Dec 24 14:00:11 2019 +0300

    Fix template composite type debug info translation
    
    When translating debug info for composite type from IR to SPIR-V
    its template parameters are processed after deletion of temporary
    forward declaration of composite type's metadata node. However,
    pointer on this node is still present in metadata nodes cache map.
    If some of template parameters or their dependences has reference
    on this composite type's node then it leads to accessing to freed
    memory.
    
    Signed-off-by: Mikhail Lychkov <mikhail.lychkov@intel.com>

commit adb93b688d9839270baab6218f9657a664ab4e8b
Author: Viktoria Maksimova <viktoria.maksimova@intel.com>
Date:   Fri Dec 6 17:09:30 2019 +0300

    Fix test for annotate attribute

commit 1ff24e61f7048081d693715306b63bc7c8b898b6
Author: Viktoria Maksimova <viktoria.maksimova@intel.com>
Date:   Fri Dec 6 17:01:59 2019 +0300

    Added test case with variable bitcasting

commit da17c00b402e40d339c1f55d394749565cb85f53
Author: Viktoria Maksimova <viktoria.maksimova@intel.com>
Date:   Wed Dec 4 20:17:13 2019 +0300

    Use correct intrinsic overloading for Intel FPGA decorations applied to fields
    
    llvm.ptr.annotation intrinsic is overloaded so it can be used with the integer
    of any width. However, the previous approach used bitcasting to int8 for any
    integer type.
    Now the correct intrinsic overload is used for integer types.

commit 9833dcae7818f7d5d1d6d5028f27c47deb74c293
Author: Dmitry Sidorov <dmitry.sidorov@intel.com>
Date:   Wed Dec 18 18:44:35 2019 +0300

    Implement SPV_INTEL_fpga_function_attributes extension
    
    The extension introduces 4 more execution modes:
      - MaxWorkgroupSizeINTEL:
      Indicates the maximum possible work-group size in the x, y, and z
      dimensions. Only valid with the Kernel Execution Model.
      - MaxWorkDimINTEL:
      Indicates the maximum number of work dimensions. Legal values range
      from 0 to 3. A maximum dimensionality of 0 indicates that the
      kernel can only be launched with a single work-item. Only valid
      with the Kernel Execution Model.
      - NoGlobalOffsetINTEL (out of scope of this patch):
      Indicates that the global offset is always (0, 0, 0). Only valid
      with the Kernel Execution Model.
      - NumSIMDWorkitemsINTEL:
      Indicates that work-items should be vectorized with the provided
      vector width. Only valid with the Kernel Execution Model.
    
      The execution modes are needed to handle the appropriate SYCL kernel
      attributes.
    
    Signed-off-by: Dmitry Sidorov <dmitry.sidorov@intel.com>

commit 2377924d3877af4efbe171032ac82fb6985db3b7
Author: Sven van Haastregt <sven.vanhaastregt@arm.com>
Date:   Thu Dec 19 10:57:04 2019 +0000

    Update for LLVM API changes to CreateMemCpy
    
    LLVM commit 531c1161b97 ("Resubmit "[Alignment][NFC] Deprecate
    CreateMemCpy/CreateMemMove"", 2019-12-16) deprecated the variants that
    do not take `MaybeAlign` arguments.

commit 6c32a4cc33d1064aa9a093fe41e107da05032077
Author: Andrzej Ratajewski <andrzej.ratajewski@intel.com>
Date:   Mon Dec 2 15:28:08 2019 -0500

    Fix OpAtomicUMin and OpAtomicUMax translation

commit 7c5660faf272ecf4339551ce7e3779ad6c6300f3
Author: Sven van Haastregt <sven.vanhaastregt@arm.com>
Date:   Mon Dec 16 16:48:17 2019 +0000

    Switch some .cl tests to use -fdeclare-opencl-builtins
    
    Clang's `-fdeclare-opencl-builtins` option now supports enough
    builtins that these tests can use the faster TableGen based builtin
    function declaration mechanism.  We still need the
    `-finclude-default-header` option for OpenCL specific types and
    constants, but when combined with `-fdeclare-opencl-builtins`, Clang
    will not parse the full header with OpenCL builtin declarations.
    
    This reduces the running time of the llvm-spirv test suite.

commit 7bb64dde728ee6590148169bba567da0c7a0b0a5
Author: Sven van Haastregt <sven.vanhaastregt@arm.com>
Date:   Wed Dec 11 11:40:40 2019 +0000

    Update for LLVM API changes
    
    Update for
     - 1b2842bf902 ("[Alignment][NFC] CreateMemSet use MaybeAlign",
       2019-12-09).
     - d77ae1552fc ("[DebugInfo] Support to emit debugInfo for extern
       variables", 2019-11-22).

commit 736520f9d6324351e231db1216d04b4874325c9e
Author: Sven van Haastregt <sven.vanhaastregt@arm.com>
Date:   Mon Dec 9 12:20:12 2019 +0000

    Fix unused variable warning
    
    Fix unused variable warning after bc9fa54 ("Enable loop simplify pass
    for all llvm.loop attributes", 2019-11-05).

commit 21eab18a9e86d2b02e0c1320ec32d38800d4c1ac
Author: Alexey Sotkin <alexey.sotkin@intel.com>
Date:   Thu Jun 20 17:40:44 2019 +0300

    Adjust DebugInfo/LocalAddressSpace.ll test for Windows

commit 2edae07dfac4f76a841b5932e350bc765ad37f61
Author: Alexey Sotkin <alexey.sotkin@intel.com>
Date:   Thu Jun 20 15:30:38 2019 +0300

    Using posix style path separator for debug info
    
    By defaul llvm::sys::path::append uses 'native' style for separators,
    which makes lit tests to fail on Windows.

commit cdf990bcae705b517aae912e07c7ac90c081f58d
Author: Alexey Sotkin <alexey.sotkin@intel.com>
Date:   Thu Jun 20 14:57:15 2019 +0300

    Open output file in binary mode for conversion text to SPIRV binary usecase

commit 3855b8bb8a9ad1e901f619e3923d3987b24e1204
Author: Alexey Sotkin <alexey.sotkin@intel.com>
Date:   Wed Jun 19 23:01:51 2019 +0300

    Fix tools path for lit tests on Windows
    
    We need to set config.test_format in lit.cfg.py correctly. Otherwise path
    separators in the tools dir get lost.

commit 52123cde4e3ed18dbdda09fd882c8cec95711890
Author: Sven van Haastregt <sven.vanhaastregt@arm.com>
Date:   Fri Dec 6 10:14:51 2019 +0000

    Drop deprecated OpenCL library functions
    
    These never made it into the 1.0 specification as the specification
    provides dedicated instructions instead.
    
    This is a first step towards synchronizing the translator's SPIR-V
    header files to the official Khronos SPIR-V header files.

commit b152e65976d7b764601cba134faf94d530f7b9b8
Author: Kevin Petit <kevin.petit@arm.com>
Date:   Fri Nov 22 11:34:24 2019 +0000

    Support using an external LLVM tree when embedding in another project
    
    When embedding the translator in another CMake project the existing
    automatic detection for so-called external builds no longer works.
    
    This change adds an LLVM_SPIRV_BUILD_EXTERNAL variable that users
    can set to force the decision. If the variable isn't set, the
    behaviour is detected as previously.
    
    Signed-off-by: Kevin Petit <kevin.petit@arm.com>

commit d09b6b66833b27d89bdeeb68a3403b5aec1d51b1
Author: Qinglai Xiao <q.xiao@think-silicon.com>
Date:   Sat Nov 9 22:39:41 2019 +0200

    Add support for reading OpTranspose
    
    Signed-off-by: Qinglai Xiao <q.xiao@think-silicon.com>

commit bc9fa54d2644b6104a49a0d180e0e022d5ee5638
Author: Viktoria Maksimova <viktoria.maksimova@intel.com>
Date:   Tue Nov 5 13:38:38 2019 +0300

    Enable loop simplify pass for all llvm.loop attributes
    
    It is done to avoid duplicate OpLoopMerge instruction in case of continue
    operand in the loop.

commit c1580671aad5230bdc32a4cd5e024839d37852b2
Author: Alexey Sotkin <alexey.sotkin@intel.com>
Date:   Mon Nov 18 14:03:38 2019 +0300

    Fix the build after changes in LLVM
    
    The following commits broke the build:
    https://github.com/llvm/llvm-project/commit/05da2fe52162c80dfa18aedf70cf73cb11201811
    https://github.com/llvm/llvm-project/commit/631be5c0d41161057d02fe08a7aeb4fbde1a91d6
    https://github.com/llvm/llvm-project/commit/0908093977b2b80d00baa12f0b2f1424dde096fb
    
    Signed-off-by: Alexey Sotkin <alexey.sotkin@intel.com>

commit 90a03aa93adfa94eced8fc200c2afe4b0f230bef
Author: Ilya Mashkov <ilya.mashkov@intel.com>
Date:   Tue Nov 12 18:59:15 2019 +0300

    Fix unused variable warning after 5a56513 Add support for reading OpMatrixTimesMatrix.

commit 4b6b04a3fc3b4881f38134552ec8d0d3cccd4e39
Author: Ilya Mashkov <ilya.mashkov@intel.com>
Date:   Fri Nov 8 20:42:12 2019 +0300

    Fix range of TemplateTemplateParameter
    
    According to SPIR-V Registry DebugTypeTemplateTemplateParameter should have 5 operands, not 4. In function LLVMToSPIRVDbgTran::transDbgTemplateTemplateParameter it also takes 5 operands.
    
    Signed-off-by: Ilya Mashkov ilya.mashkov@intel.com

commit 0cd8d12c98355898b62e48a0e92b7c052974a6d4
Author: Stuart Brady <stuart.brady@arm.com>
Date:   Thu Nov 7 12:16:56 2019 +0000

    Discard OpNop and OpNoLine when reading SPIR-V

commit 5a5651322ac6657e482cdab815c26cac2093bc5d
Author: Qinglai Xiao <q.xiao@think-silicon.com>
Date:   Fri Nov 1 21:02:16 2019 +0200

    Add support for reading OpMatrixTimesMatrix
    
    Signed-off-by: Qinglai Xiao <q.xiao@think-silicon.com>

commit 14e2c5f2a053af80ac684f9fab1994ae27d593bb
Author: Stuart Brady <stuart.brady@arm.com>
Date:   Fri Nov 1 12:33:27 2019 +0000

    Add translation of FPFastMathMode decorations
    
    This includes tests for OpFAdd, OpFSub, OpFMul, OpFDiv, OpFRem and
    OpFNegate.

commit 7bb245d41eee5e96509ed7586ce0cddcf8b9ff0e
Author: Stuart Brady <stuart.brady@arm.com>
Date:   Fri Nov 1 12:13:11 2019 +0000

    Fix setting of nsw flag when translating OpSNegate
    
    This also adds tests for translation of NoSignedWrap and NoUnsignedWrap
    decorations for OpIAdd, OpIMul, OpISub and OpShiftLeftLogical, in
    addition to testing the translation of NoSignedWrap for OpSNegate.

commit 3e4bef361b6f4a98ec2714dc9cd7c11b38b5e382
Author: Mikhail Lychkov <mikhail.lychkov@intel.com>
Date:   Thu Oct 24 14:09:54 2019 +0300

    Fix loss of loop metadata during reverse translation
    
    A loop's attribute information may be lost during reverse translation
    from SPIR-V in case if a function, which contains the loop, also have
    a call to another function that is defined after the function with
    the loop.
    Fix this loss of loop's metadata.
    
    Signed-off-by: Mikhail Lychkov <mikhail.lychkov@intel.com>

commit a7918e3c2b48269abd5fb5cb2483e30b36f29e88
Author: Sven van Haastregt <sven.vanhaastregt@arm.com>
Date:   Wed Oct 30 17:14:52 2019 +0000

    README.md: Update for LLVM GitHub monorepo switch
    
    The subproject mirrors are no longer being maintained, so update the
    README to mention the official LLVM GitHub monorepo.

commit da3f8e21dfd35b3b2bb37534f97016f54ddca001
Author: Andrzej Ratajewski <andrzej.ratajewski@intel.com>
Date:   Fri Oct 18 12:07:22 2019 -0400

    Reenable optimization of OpCopyMemorySized operation to memset intrinsic
    
    Use optimization of OpCopyMemorySized operation to memset intrinsic if element size of zero-initialized array differs from 1 byte.
    
    Change created by: Alex Paige <alexander.paige@intel.com>

commit 3c5747defffacfdfcf14e1839b6a41f95255cad7
Author: Vyacheslav N Klochkov <vyacheslav.n.klochkov@intel.com>
Date:   Fri Oct 25 10:25:20 2019 -0700

    Add #include <cctype> required for std::isspace() used in SPIRVStream.h
    
    Signed-off-by: Vyacheslav N Klochkov <vyacheslav.n.klochkov@intel.com>

commit 128e4c550f0f20ff7cb7bf284c0b3718a3e56b87
Author: Ilya Mashkov <ilya.mashkov@intel.com>
Date:   Mon Oct 21 20:42:23 2019 +0300

    Add support for 'fneg' when translate from LLVM to SPIR-V
    
    It adds support for the fneg operation (added in LLVM 8.0.0) when
    translating from LLVM IR to SPIR-V, using the SPIR-V FNegate operation.
    
    Signed-off-by: Ilya Mashkov ilya.mashkov@intel.com
    
    Fix #359

commit 5de39350b76246609a2b233e9453e54f48f0a9c6
Author: Viktoria Maximova <viktoria.maksimova@intel.com>
Date:   Fri Oct 25 13:56:13 2019 +0300

    Apply suggestions from code review
    
    Co-Authored-By: Artem Gindinson <artem.gindinson@intel.com>

commit 36c862c632c0b2ef919b08a44c30679ca1cf4ae4
Author: Viktoria Maksimova <viktoria.maksimova@intel.com>
Date:   Fri Oct 18 18:22:24 2019 +0300

    Fix translation of llvm.global.annotation
    
    This patch fixes the problem that if LLVM IR contains llvm.global.annotation,
    translator drops all the rest code except this variable.

commit 9b898c641344721204ac92b8810946b02100b3cb
Author: Ilya Mashkov <ilya.mashkov@intel.com>
Date:   Mon Oct 21 14:39:51 2019 +0300

    Fix translator crash when provided empty file
    
    It's checking file for emptiness before translating
    
    Signed-off-by: Ilya Mashkov <ilya.mashkov@intel.com>

commit 4581205aaddd09c450ceb30bdd513aa9c3027293
Author: Qinglai Xiao <q.xiao@think-silicon.com>
Date:   Tue Oct 8 08:54:54 2019 +0300

    Add support for reading OpVectorTimesMatrix
    
    Signed-off-by: Qinglai Xiao <q.xiao@think-silicon.com>

commit da3b1e4ee297bb8ad174c74e4d421ee80306f543
Author: Ilya Mashkov <ilya.mashkov@intel.com>
Date:   Fri Oct 18 18:33:15 2019 +0300

    Fix mangling for s_upsample
    
    it makes unsigned second argument for s_upsample
    
    Signed-off-by: Ilya Mashkov ilya.mashkov@intel.com

commit e7a8ed81877033c11950e30013a89cbb47ffa9c8
Author: Ilya Mashkov <ilya.mashkov@intel.com>
Date:   Wed Oct 23 21:26:43 2019 +0300

    Fix build after r375499 and r375498
    
    >[Alignment][NFC] Convert StoreInst to MaybeAlign
    >
    >Summary:
    >This is patch is part of a series to introduce an Alignment type.
    >See this thread for context: http://lists.llvm.org/pipermail/llvm-dev/2019-July/133851.html
    >See this patch for the introduction of the type: https://reviews.llvm.org/D64790
    >
    >Reviewers: courbet
    >
    >Subscribers: hiraditya, jfb, llvm-commits
    >
    >Tags: #llvm
    >
    >Differential Revision: https://reviews.llvm.org/D69303
    >
    >llvm-svn: 375499
    
    Signed-off-by: Ilya Mashkov ilya.mashkov@intel.com

commit 2457797edbd5d63c8b2762c2fb260a926bc16a60
Author: Alexey Sachkov <alexey.sachkov@intel.com>
Date:   Tue Oct 22 14:40:22 2019 +0300

    Fix build after r375436
    
    LLVM change that caused build failure:
    
    > Prune Pass.h include from DataLayout.h. NFCI
    >
    > Summary:
    > Reduce include dependencies by no longer including Pass.h from
    > DataLayout.h. That include seemed irrelevant to DataLayout, as
    > well as being irrelevant to several users of DataLayout.
    >
    > Reviewers: rnk
    >
    > Reviewed By: rnk
    >
    > Subscribers: mehdi_amini, hiraditya, cfe-commits, llvm-commits
    >
    > Tags: #clang, #llvm
    >
    > Differential Revision: https://reviews.llvm.org/D69261
    >
    > llvm-svn: 375436
    
    Signed-off-by: Alexey Sachkov <alexey.sachkov@intel.com>

commit c69ee8a8677947ca7edda33e59cf081a7c0c1813
Author: Artem Gindinson <artem.gindinson@intel.com>
Date:   Thu Oct 17 12:59:44 2019 +0300

    Add nullptr checks to avoid potential nullptr dereferencing
    
    Signed-off-by: Artem Gindinson <artem.gindinson@intel.com>

commit 1eb3a08c03b51ca247699d036fe2dac15b6d86a3
Author: Alexey Sachkov <alexey.sachkov@intel.com>
Date:   Thu Sep 26 19:11:01 2019 +0300

    Fix detection of recursive data types in presence of function pointers
    
    Signed-off-by: Alexey Sachkov <alexey.sachkov@intel.com>

commit e63a7cbe49bab6eff7a4d6a1e0b504d3cf244cec
Author: Qinglai Xiao <q.xiao@think-silicon.com>
Date:   Wed Sep 11 20:57:57 2019 +0300

    Add support for reading OpMatrixTimesVector
    
    As well as new type SPIRVMatrixTimesVector.
    
    Signed-off-by: Qinglai Xiao <q.xiao@think-silicon.com>

commit a97c06139bf89155f9d95d72a22c2437ab2917d6
Author: Alexey Sachkov <alexey.sachkov@intel.com>
Date:   Tue Oct 1 01:23:44 2019 +0300

    Fix build after LLVM API update (#343)
    
    Update for llvm-project/llvm@dd96b472b67e949eed87b55ae1cb6c91ddaee76b "[Alignment][NFC] Remove AllocaInst::setAlignment(unsigned)"
    
    Patch-By: Alexey Bader <alexey.bader@intel.com>

commit 4de493556e6292928bef821d0cd53365cb905c06
Author: Stuart Brady <stuart.brady@arm.com>
Date:   Fri Aug 30 14:03:52 2019 +0100

    Fix OpFMod, implement OpSMod and add SPIR-V assembly tests
    
    OpFMod(a, b) was implemented as copysign(frem(a, b), b), which is not a
    remainder as described in §2.2.3 Computation of the SPIR-V specification.
    
    For example, OpFMod(-1.0, 100.0) resulted in 1.0, but the correct result
    is 99.0.  Likewise, OpFMod(1.0, -100.0) should result in -99.0, not -1.0.
    
    Fix this by adding the divisor ('b') if the signs of the operands differ
    and the result of frem(a, b) is non-zero.
    
    As frem(a, b) returns a result of the same sign as the dividend ('a'),
    the sign can be compared by taking the result of frem(a, b), copying the
    sign of the divisor to the result, and performing a test for equality to
    determine whether copying the sign modifies the value.
    
    If the divisor is infinity, then the result of the OpFMod operation will
    also be infinity.  If either operand is a NaN, then the result will also
    be a NaN.  If the result is infinity, a NaN, or zero, then it will have
    the correct sign (i.e. the sign of the dividend).
    
    This also implements OpSMod(a, b) in terms of srem(a, b).  In this case,
    the sign is compared by comparing (a ^ b) < 0, which is true if and only
    if the sign bits differ.

commit 99e0a01715ab79dfd7f5d07c1b302ca0591fa0b1
Author: Sven van Haastregt <sven.vanhaastregt@arm.com>
Date:   Fri Sep 27 15:54:53 2019 +0100

    Fix SPIRVToOCL pass ID argument to be a reference
    
    The ModulePass constructor takes a reference so we should forward the
    reference given to the SPIRVToOCL constructor.
    
    Reported-by: Stuart Brady

commit 4f459a8e1c6d9e5d15ad58ce42bc4cee6081ee5f
Author: Sven van Haastregt <sven.vanhaastregt@arm.com>
Date:   Tue Sep 24 15:27:34 2019 +0100

    Move Pass ID out of SPIRVToOCL base class
    
    Having the SPIRVToOCL12 and SPIRVToOCL20 passes share the base class
    Pass ID could cause the LLVM PassRegistry to believe it would register
    the same pass twice.
    
    Move the ID member down the class hierarchy such that each pass has
    its own ID.

commit abee6f9e8202b7d98b27d2724498aaf431070548
Author: Mikhail Lychkov <mikhail.lychkov@intel.com>
Date:   Thu Sep 12 15:11:24 2019 +0300

    Fix loop metadata layout in reverse translation
    
    In accordance with the SPIR-V spec loop metadata should be attached to
    the header block of the loop (via OpLoopMerge or OpLoopControlINTEL)
    whilst in LLVM IR it should be attached to latch block of the loop
    (via llvm.loop metadata).
    Fix attachment place of loop metadata in reverse translation.
    
    Signed-off-by: Mikhail Lychkov <mikhail.lychkov@intel.com>

commit 124ba2040852b8f9767f3642ae6672c70b77014f
Author: Sven van Haastregt <sven.vanhaastregt@arm.com>
Date:   Fri Sep 20 14:45:28 2019 +0100

    cmake: Add LLVM_SPIRV_INCLUDE_TESTS option
    
    Make it possible to disable the llvm-spirv test suite while still
    allowing LLVM_INCLUDE_TESTS to be set to true.

commit 1a7abca6ad9f41002c3f283d0f6fa3c787af0f67
Author: Sven van Haastregt <sven.vanhaastregt@arm.com>
Date:   Fri Sep 20 16:55:25 2019 +0100

    Fix some -Wunused-variable warnings

commit 00ce5f0ef0ff521be456e6049fc529ac570ed929
Author: Wenju He <wenju.he@intel.com>
Date:   Mon Sep 16 15:46:07 2019 +0800

    Fix enqueue_kernel translation
    
    Set HasEvents to true if event_ret is not NULL.

commit b89684d2f58cf2d90d6b3e81ccc98c22b4732f65
Author: Viktoria Maksimova <viktoria.maksimova@intel.com>
Date:   Wed Sep 11 13:01:41 2019 +0300

    Refactor TODO issues with getting string from a constant

commit 7e5eeda1316d90b69702afbfdabd82bc366a31aa
Author: Qinglai Xiao <q.xiao@think-silicon.com>
Date:   Sat Sep 14 16:53:27 2019 +0300

    Support semicolon started comment in text format
    
    Signed-off-by: Qinglai Xiao <q.xiao@think-silicon.com>

commit e172692f0aeed2b2f7fa71f23a190e66a703b363
Author: Ilya Mashkov <ilya.mashkov@intel.com>
Date:   Wed Sep 11 15:49:08 2019 +0300

    Compare pointers according to spec
    
    It's converting pointers to unsigned before compare
    
    Signed-off-by: Ilya Mashkov <ilya.mashkov@intel.com>
    
    Fix #35

commit a07393748c902b91e89ee860d817906b4a0fa14d
Author: Stuart Brady <stuart.brady@arm.com>
Date:   Thu Aug 22 11:04:34 2019 +0100

    Fix translation of OpGenericCastToPtrExplicit and add tests
    
    OpGenericCastToPtrExplicit should be translated to __to_global(),
    __to_local() or __to_private() as appropriate, without name mangling,
    as this is what Clang generates.
    
    Fix this to remove name mangling for these builtins, and add transcoding
    tests for both OpGenericCastToPtrExplicit and OpGenericCastToPtr.

commit cf70d1f05ca716d88a58b6f64cbc7be2621fafbe
Author: Stuart Brady <stuart.brady@arm.com>
Date:   Tue Aug 27 18:23:57 2019 +0100

    Add OpConvertPtrToU and OpConvertUToPtr tests

commit 9ed3c9dc059300389468b97930bf092ef57043ce
Author: Qinglai Xiao <jigsaw@gmail.com>
Date:   Sat Sep 7 17:27:52 2019 +0300

    Add support for reading OpMatrixTimesScalar
    
    Consequently, reading for OpTypeMatrix is added as well.
    
    Signed-off-by: Qinglai Xiao <q.xiao@think-silicon.com>

commit 03389df735946dcc2f462df77126bd6f84aff880
Author: Artem Gindinson <artem.gindinson@intel.com>
Date:   Fri Aug 30 15:14:06 2019 +0300

    Fix Line debug info contradicting control flow semantics
    
    This fixes 'OpLine's being inserted between branch merge
    instructions and branch instructions. Although this has no
    functional effect, SPIR-V specification clearly states that
    Line instructions must precede branch merge instructions
    
    Signed-off-by: Artem Gindinson <artem.gindinson@intel.com>

commit 4b5307fd67d450fc6e729d110533da600cc62c3f
Author: Andrzej Ratajewski <andrzej.ratajewski@intel.com>
Date:   Tue Sep 3 11:31:45 2019 +0200

    Extend TranslatorOpts to handle SPIRVGenKernelArgNameMD

commit 7d1c034dae780a460aa4c1c04056fd80da3652ed
Author: Viktoria Maksimova <viktoria.maksimova@intel.com>
Date:   Fri Sep 6 12:27:54 2019 +0300

    Improvements & fixes

commit 1a0c7b514ffa3fd55b23d9f44675c986d7a3b6c2
Author: Viktoria Maksimova <viktoria.maksimova@intel.com>
Date:   Mon Sep 2 18:40:33 2019 +0300

    Translate Intel FPGA attributes for static variables
    
    Attributes applied to static variables are generated with
    @llvm.global.annotations, not with intrinsics as for "usual" variables.
    This patch introduces converting of @llvm.global.annotations to correct SPIR-V
    decorations and back.

commit ff618208913e8d08e9fd1f2760d39a7b6b0040c4
Author: Mikhail Lychkov <mikhail.lychkov@intel.com>
Date:   Wed Sep 4 14:56:58 2019 +0300

    [SYCL][FPGA] Skip *.annotation call debug info
    
    Currently there is no analogue of *.annotation intrinsic in SPIR-V.
    During IR translation this call is skipped or stored as a decoration.
    Position of this intrinsic in a basic block of IR after reverse
    translation may change or even lost. However, debug scope of the call
    may be translated into SPIR-V in inappropriate place and result in
    corruption of debug metadata for other instructions in that basic
    block. Even if debug info of the call doesn't corrupt debug info of
    other instructions in that basic block it isn't restored for the call
    during reverse translation.
    Skip debug scope info of *.annotation intrinsic call as it is useless
    for now.
    
    Signed-off-by: Mikhail Lychkov <mikhail.lychkov@intel.com>

commit 735bb682b825c13ff0e1d854e0a21a1e9035f9c8
Author: Dmitry Sidorov <dmitry.sidorov@intel.com>
Date:   Tue Aug 20 18:40:23 2019 +0300

    Fix IntelFPGA memory attrs on struct that has c'tor
    
    Strip all bitcast and addrspace casts from the pointer argument:
    llvm annotation intrinsic only takes i8*, so the original pointer
    probably had to loose its addrspace and its original type.
    
    Signed-off-by: Dmitry Sidorov <dmitry.sidorov@intel.com>

commit 73c53dba05718be168d5d3f80590c8015a95bd1a
Author: Sven van Haastregt <sven.vanhaastregt@arm.com>
Date:   Mon Sep 2 16:05:41 2019 +0100

    README.md: Add a note on lossyness of translation

commit 87028d0965e1417ff740774bb04ed434d4b9a4b7
Author: Sven van Haastregt <sven.vanhaastregt@arm.com>
Date:   Thu Aug 29 13:57:33 2019 +0100

    Translate ctlz/cttz intrinsics to OpExtInst
    
    LLVM transformation passes may introduce calls to these intrinsics and
    supporting them in the translator also allows using GCC/Clang builtins
    `__builtin_clz` and `__builtin_ctz`.
    
    Fixes https://github.com/KhronosGroup/SPIRV-LLVM-Translator/issues/303

commit e8074527cd53394b579fecf3e90e87f3e51f8766
Author: Artem Gindinson <artem.gindinson@intel.com>
Date:   Wed Aug 28 12:06:04 2019 +0300

    [NFC] Fix misleading comment in the test for debug info/control flow
    
    Signed-off-by: Artem Gindinson <artem.gindinson@intel.com>

commit dfdcded0d0251f4bf22c6af63cd5622986a1bb0e
Author: Dmitry Sidorov <dmitry.sidorov@intel.com>
Date:   Wed Aug 28 11:36:38 2019 +0300

    Retain llvm.loop metadata for LoopControlINTEL instruction
    
    In case when debug information presents in the module, the
    metadata was missing with translation back of LoopControlINTEL
    instruction due to incorrect instruction ID.
    
    Signed-off-by: Dmitry Sidorov <dmitry.sidorov@intel.com>

commit 78adccf0ee509eb9467521d945b8ec86359e7fa3
Author: Ilya Mashkov <ilya.mashkov@intel.com>
Date:   Wed Aug 28 11:22:32 2019 +0300

    Add OpExtension SPV_INTEL_subgroups
    
    OpenCL file compiled by Khronos OpenCL Clang compiler+SPIRV-LLVM using cl_intel_subgroups+cl_intel_subgroups_short omits needed OpExtension SPV_INTEL_subgroups
    
    Signed-off-by: Ilya Mashkov ilya.mashkov@intel.com

commit 1c6ae9d7d4caba334e72792d47e259088369a5a4
Author: Alexey Sachkov <alexey.sachkov@intel.com>
Date:   Tue Aug 27 12:25:55 2019 +0300

    Fix LIT after rL369641: [OpenCL] Fix declaration of enqueue_marker
    
    Corresponding Differential Revision: https://reviews.llvm.org/D66512
    
    Signed-off-by: Alexey Sachkov <alexey.sachkov@intel.com>

commit 10dee689e5c8ad451e6de8e8d72d8e4187ff6cf8
Author: Alexey Sotkin <alexey.sotkin@intel.com>
Date:   Thu Aug 15 15:50:58 2019 +0300

    Fix translation of 64-bit atomics to OpenCL 1.2

commit e6923725d50c38428d7c7f9a53d3143398489189
Author: Stuart Brady <stuart.brady@arm.com>
Date:   Wed Aug 21 13:44:38 2019 +0100

    Fix translation of OpBitReverse and extend testing

commit 05e8a8b96dc1e69bcd911782b11b2e2cf58d1055
Author: Andrzej Ratajewski <andrzej.ratajewski@intel.com>
Date:   Mon Aug 19 12:48:43 2019 +0200

    Fix enqueue_kernel builtins translation - SPIRV to LLVM

commit 4ed30f7eb6ddbf7df03df7f3374977b4a013f6bd
Author: Stuart Brady <stuart.brady@arm.com>
Date:   Wed Aug 21 12:46:48 2019 +0100

    Add transcoding test for OpVectorExtractDynamic

commit be19d39e3d53ff2df3dbfbfaaa6f780e1bc5d756
Author: Sven van Haastregt <sven.vanhaastregt@arm.com>
Date:   Tue Aug 20 13:38:42 2019 +0100

    travis: Add lldb package
    
    One of the llvm packages now seems to have a dependency on the
    lit-cpuid utility from lldb.

commit 2e370df5e484da56bdf59e4eafe33ea8a8edf4ed
Author: Sven van Haastregt <sven.vanhaastregt@arm.com>
Date:   Tue Aug 20 13:04:20 2019 +0100

    travis: Move to 18.04 (Bionic)
    
    The Xenial binaries on apt.llvm.org have been outdated for a while,
    whereas the Bionic binaries seem up to date now.  Switch Travis to
    test on Bionic.
    
    Drop the pyenv fix from df75cab ("Fix Travis CI build.", 2019-07-11)
    as it no longer seems to be needed for 18.04.

commit b050ac699aa4cee30df869af47fd9906d5449bb2
Author: Sven van Haastregt <sven.vanhaastregt@arm.com>
Date:   Wed Aug 7 13:50:32 2019 +0100

    Update test for Clang -cl-std=clc++ rename
    
    Update a test for Clang commit r367008 ("[OpenCL] Rename lang mode
    flag for C++ mode", 2019-07-25).

commit 7562f3c6c49f5992bdaaa0a49fef554f9abd6a87
Author: Sven van Haastregt <sven.vanhaastregt@arm.com>
Date:   Thu Jul 18 16:49:26 2019 +0100

    Update LLVM version 9 -> 10

commit 4805372e24dca5d17d8da5edd71826ddb0b47d5e
Author: Viktoria Maximova <viktoria.maksimova@intel.com>
Date:   Tue Aug 20 11:00:05 2019 +0300

    Fix invalid .spv->.bc translation of Intel FPGA merge attribute (#291)
    
    This patch introduces fix for the problem related to translation of SPIR-V
    decoration with two (or more) Literal Strings to LLVM IR. The processing of
    getting Literal Strings from the related decoration was limited to the first
    Literal String (first '\0' symbol).
    In particular, the merge attribute has two Literal String according to the
    specification.

commit ba902a0881e7a2c281b15f4a7c5159ec14a5c820
Author: Sven van Haastregt <sven.vanhaastregt@arm.com>
Date:   Mon Aug 19 10:03:16 2019 +0100

    Use std::make_unique after LLVM change r369130
    
    Update for LLVM commit r369130 ("[ADT] Remove llvm::make_unique
    utility.", 2019-08-16).

commit 507e0fe1f18b220a2ec3344ffb57e7c78992ccda
Author: Sven van Haastregt <sven.vanhaastregt@arm.com>
Date:   Fri Aug 16 14:53:54 2019 +0100

    Move to C++14
    
    LLVM has moved to C++14 with commit r368887 ("Move to C++14",
    2019-08-14).  The translator includes LLVM's header files, so switch
    the translator to C++14 too.

commit 934d50e918ff707da77bdd9ed16c33a3fabdc777
Author: Alexey Sachkov <alexey.sachkov@intel.com>
Date:   Fri Aug 2 17:33:04 2019 +0300

    Implementation of SPV_INTEL_function_pointers extension
    
    The extension specification is published here
    https://github.com/intel/llvm/blob/sycl/sycl/doc/extensions/spirv/SPV_INTEL_function_pointers.asciidoc
    
    Overview:
    This extensions brings two "levels" of function pointers support added under
    corresponding capabilities:
    
    Two new instructions are added under FunctionPointersINTEL capability:
     - OpFunctionPointerINTEL to support "address of" operator for functions,
     - OpFunctionPointerCallINTEL to do indirect function calls.
    
    ReferencedIndirectlyINTEL decoration is added under IndirectReferencesINTEL
    capability. This decoration can be attached to functions which are not
    referenced directly in the module. These function must not be optimized out
    based on call graph/reachability analysis.
    
    Signed-off-by: Alexey Sachkov <alexey.sachkov@intel.com>
    Signed-off-by: Alexey Sotkin <alexey.sotkin@intel.com>

commit 94e772961bbd6655d42e0ffa946b832358e5dc68
Author: Alexey Sachkov <alexey.sachkov@intel.com>
Date:   Fri Aug 16 10:27:11 2019 +0300

    Fix install rules
    
    PR #244 introduced a few more files to "include/" directory and these
    new files are included from existing "LLVMSPIRVLib.h". However, install
    rule for these new files were missed.
    
    Signed-off-by: Alexey Sachkov <alexey.sachkov@intel.com>

commit b144b2259fd2421019a974248ccb6ba1f9932305
Author: Mikhail Lychkov <mikhail.lychkov@intel.com>
Date:   Wed Aug 14 13:39:47 2019 +0300

    Fix atomic functions conversion to OpenCL 1.2
    
    Some SPIR-V atomic functions are converted to OpenCL 1.2 builtins with
    integral return value or arguments. For SPIR-V atomic functions with
    float arguments it leads to generation of builtins with unsupported
    signature.
    Correct conversion of atomic functions arguments types and return type
    from SPIR-V to IR with OpenCL 1.2 builtins.

commit 0b26dd3eb0196caadb05f53dfab746236f81868b
Author: Stuart Brady <stuart.brady@arm.com>
Date:   Thu Aug 1 18:59:05 2019 +0100

    Fix translation of OpLogicalNot

commit 99779282b70524ab961043e11e1fdf7094cb2b8a
Author: Stuart Brady <stuart.brady@arm.com>
Date:   Thu Aug 1 18:59:02 2019 +0100

    Add SPIR-V assembly tests
    
    This includes XFAIL tests for OpLogicalNot and OpNop, which cannot
    currently be translated.

commit 429a872bc6ac30d84dd82d2683396a408bb06abb
Author: Dmitry Sidorov <dmitry.sidorov@intel.com>
Date:   Wed Aug 7 13:33:15 2019 +0300

    Fix Intel blocking pipe built-ins type signature
    
    With LLVM IR consumption second argument of pipe built-in should be
    void pointer. This patch fixes a bug, when Intel blocking pipes
    built-ins were having second argument with the same type as data
    stored in pipe. This bug could lead to a situation, when two pipe
    blocking instruction were translated to LLVM IR to two functions with
    different arguments types, but sharing the same name which is illegal.
    
    Signed-off-by: Dmitry Sidorov <dmitry.sidorov@intel.com>

commit 3f0fd561b50424624974c18fa6f95b7b1eb4153d
Author: Alexey Sachkov <alexey.sachkov@intel.com>
Date:   Thu Jul 4 18:54:00 2019 +0300

    Add documentation for version and extensions handling
    
    Signed-off-by: Alexey Sachkov <alexey.sachkov@intel.com>

commit 9b0a4c1e02c79d5d2813bfdc9ddaf9a9da0c22ca
Author: Alexey Sachkov <alexey.sachkov@intel.com>
Date:   Wed Aug 7 17:36:26 2019 +0300

    Add an assertion to check correctness of created module
    
    If translator tries to generated a SPIRV entity which requires extension
    which wasn't enabled, assertion in `SPIRV::SPIRVValue::getRequiredExtensions`
    will fail. This assertion fires if and only if SPIRV entity is
    associated with any SPIR-V extension via `getRequriedExtensions` method.
    
    Signed-off-by: Alexey Sachkov <alexey.sachkov@intel.com>

commit 5fdf85746d0238d17fa8630c7483a811914595d1
Author: Alexey Sachkov <alexey.sachkov@intel.com>
Date:   Tue Jul 30 13:33:49 2019 +0300

    Update LIT tests related to SPV_INTEL_unstructured_loop_controls
    
    Signed-off-by: Alexey Sachkov <alexey.sachkov@intel.com>

commit 8e9104395d345001cec4104642208ef092e2aae5
Author: Alexey Sachkov <alexey.sachkov@intel.com>
Date:   Tue Jul 30 13:25:42 2019 +0300

    Update LIT tests related to SPV_INTEL_blocking_pipes extension
    
    Signed-off-by: Alexey Sachkov <alexey.sachkov@intel.com>

commit 09549b9479211a5b2195c50dc1d6b87553ce5d1b
Author: Alexey Sachkov <alexey.sachkov@intel.com>
Date:   Tue Jul 30 13:08:26 2019 +0300

    Update LIT tests related to SPV_INTEL_fpga_reg extension
    
    Signed-off-by: Alexey Sachkov <alexey.sachkov@intel.com>

commit b10ec863e7b4047712b82bb2febfb8345c814eab
Author: Alexey Sachkov <alexey.sachkov@intel.com>
Date:   Tue Jul 9 10:42:24 2019 +0300

    Update SPV_INTEL_device_side_avc_motion_estimation LIT tests
    
    Signed-off-by: Alexey Sachkov <alexey.sachkov@intel.com>

commit 466cbcb931d798c37d5aa4f05ab87643a7a76bba
Author: Alexey Sachkov <alexey.sachkov@intel.com>
Date:   Tue Jul 9 10:20:11 2019 +0300

    Update several LIT tests related to llvm.annotate intrinsics
    
    These update contains bunch of TODOs/FIXMEs which I would like to address
    in a separate patch.
    
    Signed-off-by: Alexey Sachkov <alexey.sachkov@intel.com>

commit af95033064b2eda4f61375394d0f98c160aa1fd8
Author: Alexey Sachkov <alexey.sachkov@intel.com>
Date:   Mon Jul 8 18:43:16 2019 +0300

    Correctly handle SPV_KHR_no_integer_wrap_decoration
    
    Now this decoration will be emitted only if extension was enabled by
    --spirv-ext option
    
    Signed-off-by: Alexey Sachkov <alexey.sachkov@intel.com>

commit a3027308856952e275681bb9a7d9cae032c73b0e
Author: Alexey Sachkov <alexey.sachkov@intel.com>
Date:   Wed Aug 7 17:35:12 2019 +0300

    Update extensions handling infrastucture
    
    This patch merges existing map of exention names with new one which is
    controllable by `--spirv-ext` command line option and enables usage of
    the new infrastructure for extensions in the translator.
    
    Now, before inserting any instruction, check for validity of such
    insertion must be performed: new method
    `SPIRV::SPIRVEntry::isAllowedToUseExtension` is added.
    
    If translator tries to generated a SPIRV entity which requires extension
    which wasn't enabled, assertion in `SPIRV::SPIRVValue::getRequiredExtensions`
    will fail. This assertion fires if and only if SPIRV entity is
    associated with any SPIR-V extension via `getRequriedExtensions` method.
    
    This patch introduces a bunch of LIT test failures because extension was
    used even if it was disabled.
    These failures will be fixed in the following commits.
    
    Signed-off-by: Alexey Sachkov <alexey.sachkov@intel.com>

commit a471a21b1fe3228c16310350373a3d5abbbb3cdf
Author: Alexey Sachkov <alexey.sachkov@intel.com>
Date:   Fri Jul 5 15:48:12 2019 +0300

    Extend TranslatorOpts to handle SPIR-V extensions
    
    Added new command line option to specify which particular extensions are
    enabled/disabled.
    
    Signed-off-by: Alexey Sachkov <alexey.sachkov@intel.com>

commit 2bcff55bf2948811bc4b5b81cd137f75831b08e5
Author: Alexey Sachkov <alexey.sachkov@intel.com>
Date:   Mon Jul 1 23:21:27 2019 +0300

    Add handling of max SPIR-V version to SPIRVReader
    
    Signed-off-by: Alexey Sachkov <alexey.sachkov@intel.com>

commit f76a9257fc22f3663e9dc6f220228e26dd143ada
Author: Alexey Sachkov <alexey.sachkov@intel.com>
Date:   Mon Jun 24 19:03:59 2019 +0300

    Remove -spirv-no-deref-attr option in favor of new options
    
    This "hacky" option is not needed anymore since generation of
    Decoration 'MaxByteOffset' can be controlled via spir-v version.
    
    This patch refactors the following patch:
    
      515bed1bf03b2d9782eb3883a27f1c576fd1f4ed
      Author: Vladimir Lazarev <vladimir.lazarev@intel.com>
      Date:   Fri Jun 29 05:04:20 2018 +0300
    
          Added option which disables translation of 'dereferenceable' LLVM
          attribute to SPIR-V.
    
    Signed-off-by: Alexey Sachkov <alexey.sachkov@intel.com>

commit 2b2f6606b1cee24d2a47e0baf9814b0c647fe012
Author: Alexey Sachkov <alexey.sachkov@intel.com>
Date:   Mon Jun 24 14:51:22 2019 +0300

    Propagate TranslationOpts to SPIRVModule
    
    This patch allows actual use of translation options in the translator:
    new method added to SPIRVModule which allows to query if it is legal to
    use certain SPIR-V version in the module.
    
    Signed-off-by: Alexey Sachkov <alexey.sachkov@intel.com>

commit a0a7f269dce4024d092de2d5e27d8a01b492224f
Author: Alexey Sachkov <alexey.sachkov@intel.com>
Date:   Tue Jul 30 17:49:53 2019 +0300

    Add command line options to restrict max SPIR-V version
    
    llvm-spirv tool updated to use new translator API.
    
    Signed-off-by: Alexey Sachkov <alexey.sachkov@intel.com>

commit 355a3244d54ee77ca569ce35459ce56025aab1e7
Author: Alexey Sachkov <alexey.sachkov@intel.com>
Date:   Tue Jul 30 17:38:56 2019 +0300

    [NFC] Extend translator API with translation options
    
    Added new helper class which is intended to accumulate all translation
    options like set of allowed SPIR-V versions, set of allowed SPIR-V
    extensions, etc.
    
    New API allows customizing translation options while existing one will
    use default options.
    
    Right now these options contain only maximum allowed SPIR-V version and have no
    effect on SPIR-V to/from LLVM translation process.
    
    Signed-off-by: Alexey Sachkov <alexey.sachkov@intel.com>

commit 6cde3d74d79212b70c343b6f1cca175763791b01
Author: Sven van Haastregt <sven.vanhaastregt@arm.com>
Date:   Wed Aug 7 12:25:07 2019 +0100

    Update tests for LLVM unnamed argument printing
    
    LLVM commit r367755 ("IR: print value numbers for unnamed function
    arguments", 2019-08-03) changes the way unnamed arguments are printed.
    
    Update FileCheck patterns in tests accordingly, but such that they
    match both before and after the aforementioned LLVM commit, to bridge
    the current gap between LLVM master and the prebuilt LLVM binaries.

commit 79b924a79762473cd7775ff0065bb7a17f24ec09
Author: Stuart Brady <stuart.brady@arm.com>
Date:   Tue Jul 30 20:26:30 2019 +0100

    Update tests for relational builtins

commit 2a1efad8d3952615792e63dcea52cd2dd87468c5
Author: Stuart Brady <stuart.brady@arm.com>
Date:   Tue Jul 30 20:26:06 2019 +0100

    Fix return type for fp16 vector comparison builtins

commit 8d0498a69048e99f739a70eab7efa0fe362fc05d
Author: Stuart Brady <stuart.brady@arm.com>
Date:   Wed Jul 31 11:10:01 2019 +0100

    Update tests for half-precision relational builtins
    
    This change updates the tests for half-precision relational builtins so
    that they corresponds directly to the equivalent single-precision tests.

commit a1c515ded8aba1f7e51fe36a4599578ed843e393
Author: Sven van Haastregt <sven.vanhaastregt@arm.com>
Date:   Fri Aug 2 14:35:15 2019 +0100

    README.md: Elaborate on backporting to releases

commit c8e3320bd52e39d9e0aeda7e6219ec5e565c9f8c
Author: Sven van Haastregt <sven.vanhaastregt@arm.com>
Date:   Thu Aug 1 18:12:45 2019 +0100

    Set convergent attribute for barriers
    
    The `noduplicate` attribute is unnecessarily restrictive.  Align with
    clang by setting the `convergent` attribute instead of `noduplicate`.

commit a667a0ab89e37149c3f64ae9cfe001697d82a49a
Author: Dmitry Sidorov <dmitry.sidorov@intel.com>
Date:   Wed Jul 31 15:42:38 2019 +0300

    Add default mask for getOrCreateSwitchFunc
    
    It fixes a wrong switch generation with translation of
    ControlBarrier and MemoryBarrier instructions back to
    LLVM IR.
    
    Signed-off-by: Dmitry Sidorov <dmitry.sidorov@intel.com>

commit 9d93cd0ae298a9b1f32989961e0cb2fbe80df957
Author: Mikhail Lychkov <51128024+mlychkov@users.noreply.github.com>
Date:   Thu Aug 1 13:29:45 2019 +0300

    Fix OpCopyMemorySized conversion to memset (#271)
    
    * Fix OpCopyMemorySized conversion to memset
    
    Don't use optimization of OpCopyMemorySized operation to memset intrinsic
    if element size of zero-initialized array differs from 1 byte.
    Otherwise, OpCopyMemorySized conversion to memset instruction will fail.
    
    Signed-off-by: Mikhail Lychkov <mikhail.lychkov@intel.com>
    
    * Add check lines
    
    Signed-off-by: Mikhail Lychkov <mikhail.lychkov@intel.com>

commit beaa8850f47d2b436917881c1de19f3427629b89
Author: Alexey Sotkin <alexey.sotkin@intel.com>
Date:   Fri Jul 26 00:33:04 2019 +0300

    Update deploy mechanism
    
    Updated travis config should support 2 use cases:
    1. Ongoing development - after commit to the master branch build artifacts
       should be published as a pre-release. For this purpose we maintain the
       "dev-build" tag which is always pointing to the tip of master branch.
    2. Creating a release - when we are ready to make a release from a release
       branch we push a tag via command line or github web interface(preferred).
       This triggers a travis build and deploy of binaries.

commit 99952ccaa931fe54c759f573595685d8fcd8dcf0
Author: Mikhail Lychkov <mikhail.lychkov@intel.com>
Date:   Mon Jul 29 13:43:50 2019 +0300

    Skip llvm.dbg.label intrinsic translation
    
    Translation from LLVM IR to SPIR-V is crashed if llvm.dbg.label intrinsic
    is present in code.
    Skip llvm.dbg.label translation because there is no support for label debug
    info in SPIR-V.
    
    Signed-off-by: Mikhail Lychkov <mikhail.lychkov@intel.com>

commit 5a96f050d332ad675ae5e82e813e35d9b7785d97
Author: Sven van Haastregt <sven.vanhaastregt@arm.com>
Date:   Wed Jul 24 17:41:02 2019 +0100

    Move target triple check before translation
    
    Check that the target triple is supported before LLVM to SPIR-V
    translation, rather than during translation.  This allows us to
    gracefully report InvalidTargetTriple instead of failing the target
    triple assertion in PreprocessMetadata.cpp.

commit 5f8a245067985b0af452028a58098e72a764c06f
Author: Stuart Brady <stuart.brady@arm.com>
Date:   Fri Jul 26 16:42:18 2019 +0100

    Add new transcoding tests
    
    This also includes an XFAILed SPIR-V test for OpGroupIAdd, which has
    incorrect name mangling as it maps to _Z21work_group_reduce_addi,
    which is liable to use "no signed wrap" addition, rather than
    _Z21work_group_reduce_addj, which should be tolerant of overflow.

commit 2f667b52e89201cd4e1ae84ccf9e03da52946b39
Author: Dmitry Sidorov <dmitry.sidorov@intel.com>
Date:   Tue Jul 23 14:51:12 2019 +0300

    Initialize mem fence passing to barrier in runtime if necessary
    
    If a flag passed to ControlBarrier or MemoryBarrier is being
    initialized in runtime - don't lose it's initialization.
    
    Signed-off-by: Dmitry Sidorov <dmitry.sidorov@intel.com>

commit 0905afb6c3388c629ff1050bbea31bb7afd1ad93
Author: Sven van Haastregt <sven.vanhaastregt@arm.com>
Date:   Wed Jul 24 16:08:13 2019 +0100

    travis: Move llvm-spirv source directory

commit 09d51cc4967ee9649e5e517648e75e1cf6824465
Author: Sven van Haastregt <sven.vanhaastregt@arm.com>
Date:   Wed Jul 24 09:46:34 2019 +0100

    travis: Switch to LLVM GitHub monorepo
    
    The community is now advising that all workflows and CI systems
    migrate to the GitHub monorepo, see [1] and [2].
    
    [1] http://lists.llvm.org/pipermail/llvm-dev/2019-July/133840.html
    [2] http://llvm.org/GitHubMigrationStatus.html

commit 4534f81931ceea07b0eed46a117f7aaf81893aa1
Author: Dmitry Sidorov <dmitry.sidorov@intel.com>
Date:   Wed Jul 24 11:45:14 2019 +0300

    Fix Intel FPGA decorations for structure variables
    
    After consumption back to LLVM IR, if a variable that had Intel FPGA
    decoration attached was a type of struct - the needed
    @llvm.var.annotation wasn't generated.
    
    Signed-off-by: Dmitry Sidorov <dmitry.sidorov@intel.com>

commit b42ad078a59257fc10c0c9f52ba9c628f946841f
Author: Alexey Sotkin <alexey.sotkin@intel.com>
Date:   Thu Jul 25 14:21:51 2019 +0300

    Fix return type for __spirv_SampledImage call
    
    Signed-off-by: Alexey Sotkin <alexey.sotkin@intel.com>

commit 3b6882e9e51cc6a25830cf2f22cdf43861f9753d
Author: Dmitry Sidorov <dmitry.sidorov@intel.com>
Date:   Wed Jul 24 15:10:44 2019 +0300

    Handle loop metadatas attached to unstructured loops
    
    Implemented SPV_INTEL_unstructured_loop_controls extension,
    that adds a new capability: UnstructuredLoopControlsINTEL
    and a new instruction: LoopControlINTEL.
    
    This instruction can be used in place of an OpLoopMerge on
    unstructured loops.
    
    Specification:
    https://github.com/KhronosGroup/SPIRV-Registry/pull/38
    
    Signed-off-by: Dmitry Sidorov <dmitry.sidorov@intel.com>

commit d470e38a23fd5e82e7058d02ba5874b6afadb867
Author: Andrzej Ratajewski <andrzej.ratajewski@intel.com>
Date:   Thu Jul 18 13:32:08 2019 +0200

    Add support for OpenCL 1.2 atomics builtins translation from SPIRV to
    LLVM

commit 2988c69b2d7c10fbc2174a29853022e925f69b24
Author: Stuart Brady <stuart.brady@arm.com>
Date:   Mon Jul 22 18:14:36 2019 +0100

    Fix broken CHECK prefixes in tests

commit 720770ff57f8b9d3032581bc6398acd127f0939f
Author: Alexey Sotkin <alexey.sotkin@intel.com>
Date:   Tue Jul 23 23:54:22 2019 +0300

    Handle translation of llvm.invariant.* intrinsics
    
    Signed-off-by: Alexey Sotkin <alexey.sotkin@intel.com>

commit 75ad63059e5592c4a140e7df1bba0e04f338002c
Author: Sven van Haastregt <sven.vanhaastregt@arm.com>
Date:   Tue Jul 16 18:35:24 2019 +0100

    Improve test coverage, part 2
    
    Add or extend tests to improve testing coverage of the following.
    The translator already supports these, but there were no tests
    yet.
    
     - OpConstantFalse,
     - OpConvertPtrToU,
     - OpSatConvertUToS and OpSatConvertSToU

commit 1f27ffa00fe29ceb6629b72cbd1d1f450c88443b
Author: Sven van Haastregt <sven.vanhaastregt@arm.com>
Date:   Tue Jul 2 13:09:43 2019 +0100

    Validate function control field

commit 898d0eca28aee0cc00037f68cfc6ca1891cb2520
Author: Sven van Haastregt <sven.vanhaastregt@arm.com>
Date:   Mon Jul 1 17:32:10 2019 +0100

    Translate OpBitReverse
    
    There is no equivalent in OpenCL, but we can still translate to and
    from the llvm.bitreverse intrinsic.

commit 9d568988aa863299fd3df89d23f99ec296f34f21
Author: Sven van Haastregt <sven.vanhaastregt@arm.com>
Date:   Mon Jul 1 09:35:33 2019 +0100

    Translate OpBitCount

commit b195c459f142f389e3296eb859ef6802b10eb9a4
Author: Dmitry Sidorov <dmitry.sidorov@intel.com>
Date:   Mon Jul 15 18:15:00 2019 +0300

    Add SPIR-V blocking pipe instructions
    
    They are added as a part of SPV_INTEL_blocking_pipes extension.
    
    Signed-off-by: Dmitry Sidorov <dmitry.sidorov@intel.com>

commit de0957d85bcaa585a749021ff8ddb7c72029a31b
Author: Alexey Sotkin <alexey.sotkin@intel.com>
Date:   Tue Jul 16 19:55:48 2019 +0300

    Disabling mem2reg by default
    
    Translator is not supposed to optimize code.
    Also mem2reg complicates debugger's work.

commit e963d8deacece3b0e7c056fe3c9bbb67e10d1174
Author: Artem Gindinson <artem.gindinson@intel.com>
Date:   Thu Jul 11 09:47:57 2019 +0300

    Translate __fpga_reg builtin to FPGARegINTEL instruction
    
    LLVM IR representation produced by SYCL Clang boils down to
    llvm.annotation.* and llvm.ptr.annotation.* intrinsic calls
    accessing "__builtin_intel_fpga_reg" global constant string literal.
    
    Extension specification can be found at
    https://github.com/KhronosGroup/SPIRV-Registry/blob/master/extensions/INTEL/SPV_INTEL_fpga_reg.asciidoc
    
    Original patch author: Viktoria Maksimova <viktoria.maksimova@intel.com>

commit e0e3f8094c0938938f1de9035edf2cf3f89d8264
Author: Sven van Haastregt <sven.vanhaastregt@arm.com>
Date:   Tue Jul 16 18:12:48 2019 +0100

    Fix incorrect static_assert
    
    The first argument is always non-null, so the assert would never fire.

commit d8f6d11517b891eb61e6247889b9e20845e25245
Author: Sven van Haastregt <sven.vanhaastregt@arm.com>
Date:   Tue Jul 16 15:26:12 2019 +0100

    Fix -Wimplicit-fallthrough warning
    
    unannotated fall-through between switch labels
    [-Wimplicit-fallthrough]

commit 83a35d76eb6f112bb5b3ce23c75a6b272544f539
Author: Sven van Haastregt <sven.vanhaastregt@arm.com>
Date:   Tue Jul 16 15:24:14 2019 +0100

    Fix -Wcovered-switch-default warning
    
    default label in switch which covers all enumeration values
    [-Wcovered-switch-default]
    
    Reported-by: Andrea Faulds

commit 21267b3ff775c0d9588da40993bd5392d0aa5bb4
Author: Sergey Semenov <sergey.semenov@intel.com>
Date:   Tue Jul 16 10:56:54 2019 +0300

    Enable translation of pass-by-value and pass-by-reference DI flags
    
    This patch enables translation of DIFlagTypePassByValue and
    DIFlagTypePassByReference composite type debug information flags.

commit fa49cd8dc69f7328413fb5d3bf1bf925a118e768
Author: Evgeniy Tyurin <evgeniy.tyurin@intel.com>
Date:   Wed Jul 10 17:56:09 2019 +0300

    Fix mangling for cl_intel_subgroups functions when reading SPIRV

commit 756525fc96306e268694265c934ca3c324bc0a37
Author: Andrzej Ratajewski <andrzej.ratajewski@intel.com>
Date:   Fri Jun 28 13:59:38 2019 +0200

    Select target ocl builtins version based on new
    spirv-ocl-builtins-version option [SPIRV->LLVM]
    
    Until now the version was selected based on llvm metadata that were
    created from OpSource SPIRV opcode which should has a semantic impact.
    Spirv spec: " This has no semantic impact and can
    safely be removed from a module."

commit bfa9db41f7cce86a1f3f59a1ed636f6391a34db5
Author: Andrzej Ratajewski <andrzej.ratajewski@intel.com>
Date:   Thu Jul 4 10:30:03 2019 +0200

    Move OpControlBarrier and OpMemoryBarrier translation into SPIRVToOCL
    passes. Their translation logic is dependent on source language version,
    so it should be seperated between version-dependent passes.

commit 61dabced97270e48abdaac15b190e4e10009a20b
Author: Andrzej Ratajewski <andrzej.ratajewski@intel.com>
Date:   Mon Jul 1 09:28:24 2019 +0200

    Fix ocl v2.0 atomic functions arguments address spaces

commit 3d1c01e31491365324c5d0ac2f4c69833b50f3ec
Author: Andrzej Ratajewski <andrzej.ratajewski@intel.com>
Date:   Fri Jun 28 09:31:29 2019 +0200

    Reimplement the way of ocl builtins mutations
    
    SPIR-V -> OCL20 -> OCL12 approach needed to be reimplemented due to
    important data looses while tranlating to v2.0. For some cases, it was
    impossible to properly translate builtin to v1.2 if it was already
    translated to v2.0.
    The new approach gathers common (for v1.2 and v2.0) translation
    implementation into SPIRVToOCL class. Then SPIRVToOCL12 and SPIRVToOCL20
    inherits from it. It leads to the following possible translations:
    1. SPIR-V -> OCL12
    2. SPIR-V -> OCL20

commit 55ea3c72f1cfc960a5fd534f498342b817bd9f48
Author: Sven van Haastregt <sven.vanhaastregt@arm.com>
Date:   Fri Jun 28 17:32:25 2019 +0100

    Improve test coverage
    
    Add or extend tests to improve testing coverage of the following.
    The translator already supports these, but there were no tests yet.
    
     - the atomic_flag type,
     - bitwise operators,
     - clk_event_t builtins,
     - OpAtomicLoad,
     - OpDot,
     - OpOrdered and OpUnordered

commit df75cab3febb8c203b65bbc209f19f961164b84e
Author: Alexey Sachkov <alexey.sachkov@intel.com>
Date:   Thu Jul 11 15:33:52 2019 +0300

    Fix Travis CI build.
    
    Looks like something has changed in the Travis CI environment:
    Before:
    > Found PythonInterp: /opt/pyenv/shims/python2.7 (found version "2.7.12")
    Now:
    > Found PythonInterp: /opt/pyenv/shims/python3.7 (found version "1.4")
    
    Due to some reason different python interpreter is being found and cmake
    failed to identify it correctly

commit 28a5a61a8944ecee965aafa2183a9c239260a1fe
Author: Alexey Sotkin <alexey.sotkin@intel.com>
Date:   Tue Jul 2 15:19:22 2019 +0300

    Map memory semantics and memory order enums in runtime
    
    The "memory_order" and "memory_semantics" arguments of atomic OpenCL builtins
    are not always compile/translation time known constants. In this case can map
    OpenCL enums to SPIR-V enums in runtime.
    The same is applicable for translation from SPIR-V to LLVM IR. Scope<id> and
    MemorySemantics<id> operands are 32-bit integer scalars. They are guaranteed
    to be OpConstants only for Shader capabilites, not for Kernel.

commit b25f2019dc39892cdd01d83a4711f21aa1a30d86
Author: Sven van Haastregt <sven.vanhaastregt@arm.com>
Date:   Mon Jul 1 15:34:09 2019 +0100

    Gracefully fail on unimplemented opcodes
    
    Various SPIR-V opcodes have not been implemented in the translator
    yet, particularly shader-specific opcodes.  When reading a .spv or
    .spt file containing one of these unimplemented opcodes, the
    translator used to crash.
    
    Instead of crashing, emit an error when reading an unimplemented
    opcode.  To do so, introduce a new SPIRVEntryUnimplemented subclass
    and map all unimplemented opcodes to it.

commit c1ba2f16bae0b7fb6f1cb12eebf36611d50a3284
Author: Viktoria Maksimova <viktoria.maksimova@intel.com>
Date:   Mon Jun 24 16:50:56 2019 +0300

    Generate OpExtension for SPV_INTEL_fpga_memory_attributes

commit bc6a08bc4ec1cb9932eb77f671b4dfc20d05f978
Author: Viktoria Maksimova <viktoria.maksimova@intel.com>
Date:   Tue Jun 11 16:40:21 2019 +0300

    Translate Intel FPGA merge, max_replicates and simple_dual_port memory attributes
    
    http://htmlpreview.github.io/?https://github.com/KhronosGroup/SPIRV-Registry/blob/master/extensions/INTEL/SPV_INTEL_fpga_memory_attributes.html

commit 23b3fa479903e273baf2a1a6116bcec90d1fc209
Author: Sven van Haastregt <sven.vanhaastregt@arm.com>
Date:   Thu Jun 27 16:58:02 2019 +0100

    Remove dead code and unneeded includes from SPIRVWriter

commit 405b48cd3b0148498251130c70f9bb1870ac59c7
Author: Sven van Haastregt <sven.vanhaastregt@arm.com>
Date:   Tue Jun 25 10:33:52 2019 +0100

    Drop LLVMContext argument and cleanup SPIRVRegularizeLLVM.cpp

commit 9bf72ffc2961699d18f5cefd751286eaa24cb265
Author: Sven van Haastregt <sven.vanhaastregt@arm.com>
Date:   Thu Jun 27 13:43:33 2019 +0100

    Drop obsolete Makefile

commit 2ad98c4eeaf7fb057373a8e9fa7ece945db6e6ab
Author: Sven van Haastregt <sven.vanhaastregt@arm.com>
Date:   Thu Jun 27 11:43:34 2019 +0100

    Fix a -Wsign-compare warning

commit 3986eaa715990d6e2139b3cbd46e9bcc0c33ae56
Author: Mariya Podchishchaeva <mariya.podchishchaeva@intel.com>
Date:   Thu Jun 27 07:44:48 2019 +0300

    Add an empty kernel to undef_initializer test

commit 1532979eb3ba8b7bf5aa7b2781c99016744bf70b
Author: Mariya Podchishchaeva <mariya.podchishchaeva@intel.com>
Date:   Tue Jun 25 14:00:47 2019 +0300

    Re-commit undef_initalizer test with correct extension

commit 564c8d199cc9def5aef6f4caf7ab5ccf707f6dcc
Author: Andrzej Ratajewski <andrzej.ratajewski@intel.com>
Date:   Mon Jun 10 11:06:23 2019 +0200

    Implementation of SPIRV -> LLVM IR translation for
    SPV_INTEL__device_side_avc_motion_estimation extension.
    
    Corresponding OpenCL extension is 'cl_intel_device_side_avc_motion_estimation'
    https://www.khronos.org/registry/OpenCL/extensions/intel/cl_intel_device_side_avc_motion_estimation.txt

commit 218d450b4d986ce651235e98713d43d50bc3be33
Author: Mariya Podchishchaeva <mariya.podchishchaeva@intel.com>
Date:   Mon Jun 24 11:26:47 2019 +0300

    Apply suggestions from code review
    
    Co-Authored-By: Alexey Sachkov <alexey.sachkov@intel.com>

commit f92cd80a8d2debc34d7b097085ae7b3bbe2ced6f
Author: Mariya Podchishchaeva <mariya.podchishchaeva@intel.com>
Date:   Fri Jun 21 17:48:07 2019 +0300

    Fix translation of undef initializers of LLVM structures
    
    Now if internal global constant has undef initializer SPIRV translator
    will drop this initializer. It produces errors in translation back to
    LLVM IR because internal global variables must have initializers.
    Undef initializer for LLVM structure be can translated to OpConstantComposite
    with OpUndef constituents.

commit 30a447144f7f7fae0ed0277e77cabf142d029f6e
Author: Sven van Haastregt <sven.vanhaastregt@arm.com>
Date:   Wed Jun 19 16:37:47 2019 +0100

    Update LLVM to r363800
    
    Update for the following commits:
     - d0b09e3dd18 ("[DebugInfo] Terminate all location-lists at end of
       block", 2019-06-10)
     - c030038e736 ("[FastISel] Skip creating unnecessary vregs for
       arguments", 2019-06-10)
     - 5b56cc85b0f ("Rename ExpandISelPseudo->FinalizeISel, delay register
       reservation", 2019-06-19)

commit ce0df72b80bd0a467253e18d327c9ca4c4d424ea
Author: Viktoria Maksimova <viktoria.maksimova@intel.com>
Date:   Mon Jun 10 13:28:08 2019 +0300

    Rename Maxconcurrency decoration to MaxPrivateCopies to align with spec
    
    https://github.com/KhronosGroup/SPIRV-Registry/pull/34

commit 97df8a26a21671e1820afd74cb02a7d0fc506717
Author: Andrzej Ratajewski <andrzej.ratajewski@intel.com>
Date:   Mon Jun 17 13:32:57 2019 +0200

    Fix mangling for work_group_barrier and sub_group_barrier functions

commit d94960e2ffc5072966d07b720da07bc9b4841564
Author: Andrew Savonichev <andrew.savonichev@intel.com>
Date:   Fri Jun 14 14:40:20 2019 +0300

    Support addrspacecast on SPIR-V built-in variables
    
    Before this patch, SPIR-V Translator assumed that a builtin global
    variable can only be used by a load instruction (since all globals are
    pointers). This patch adds support for addrspacecast instruction that
    is followed by a load instruction.

commit 9887c2ade9c170135de4ce0cc29b03587346f752
Author: Andrew Savonichev <andrew.savonichev@intel.com>
Date:   Fri Jun 14 13:59:45 2019 +0300

    [NFC] Fix README build and test instructions
    
    LLVM_EXTERNAL_LIT must be set if LLVM is installed from apt.llvm.org.
    Otherwise, `make test' complains that it cannot find llvm-lit.
    
    Clang executable must also be present in order to run the tests.

commit eea7b79f0c54d9f87102536d548f8b2b2e7118cc
Author: Andrzej Ratajewski <andrzej.ratajewski@intel.com>
Date:   Fri Jun 14 08:31:36 2019 +0200

    Change ocl.sampler_t address space to constant to preserve consistency
    with clang

commit 22162693a8785fccb1c6fdedbbd5be4afc4f0e6c
Author: Sven van Haastregt <sven.vanhaastregt@arm.com>
Date:   Wed Jun 12 10:20:20 2019 +0100

    Update LLVM to r362750
    
    Update a test for LLVM commit 891c55ccc57 ("[DebugInfo] Incorrect
    debug info record generated for loop counter.", 2019-06-06).

commit 69232ad7aa3897fd6f5fabe8d14a5b1cd0672788
Author: Sven van Haastregt <sven.vanhaastregt@arm.com>
Date:   Wed Jun 12 09:53:27 2019 +0100

    Always set a name for StructTypes
    
    StructTypes without a name will be numbered like %0, %1, ..., which
    can be confusing for humans reading the IR who might interpret these
    as Values.
    
    If the SPIRVType has no name, fill in a dummy name "structtype", which
    LLVM will unique into "structtype.0", "structtype.1", ..., if
    necessary.

commit 977945cc4d61d663cd520bb4ba97007950099900
Author: Sven van Haastregt <sven.vanhaastregt@arm.com>
Date:   Mon Jun 3 17:39:28 2019 +0100

    Cleanup uses of mangledPrimitiveString; NFC

commit ed99fc0f923244ff5a933a908a69a60c576c6dd9
Author: Sven van Haastregt <sven.vanhaastregt@arm.com>
Date:   Mon Jun 3 14:26:00 2019 +0100

    Fix mangling substitution for primitive types
    
    enqueue_marker was incorrectly mangled because the `ocl_clkevent`
    type was not considered for substitution.
    
    This patch enables substitution for all primitive types (such as
    queues and events) except simple builtin types (such as char or int).
    This brings the mangling of enqueue_marker into alignment with clang.
    
    This also aligns mangling for read_image-with-gradient variants with
    clang, as image types are now also considered for substitution.

commit eb19cf9549f9a0573b9d7ac88d87801ed2bb06ea
Author: Sven van Haastregt <sven.vanhaastregt@arm.com>
Date:   Mon Jun 3 11:17:06 2019 +0100

    Factor out recordSubstitution

commit 365675f2cae54acaf0439da6d5fac4a7f3bd3d8d
Author: Sven van Haastregt <sven.vanhaastregt@arm.com>
Date:   Fri May 31 14:45:29 2019 +0100

    Fix -Wignored-qualifiers warnings; NFC
    
    Fix occurrences of the following warning reported by gcc 8.3:
    
      warning: type qualifiers ignored on cast result type
      [-Wignored-qualifiers]
    
    Reported-by: Pedro Olsen Ferreira

commit 3c3a9d34e51d58621ec75871af5e2c4ab2059a7f
Author: Alexey Sachkov <alexey.sachkov@intel.com>
Date:   Fri May 24 16:30:45 2019 +0300

    Remove generating of spirv.EntryPoint metadata
    
    It is unused
    
    Signed-off-by: Alexey Sachkov <alexey.sachkov@intel.com>

commit 82b689462b3636deae8e6de7535117e96110b3bf
Author: Alexey Sachkov <alexey.sachkov@intel.com>
Date:   Fri May 24 16:28:56 2019 +0300

    Enable preprocessing on some metadata unconditionally
    
    Some OpenCL-specific metadata might be re-used by other languages
    (for example, SYCL)
    
    Signed-off-by: Alexey Sachkov <alexey.sachkov@intel.com>

commit b5ade7143057f278a7be2f56e0bde4f785801d70
Author: Alexey Sachkov <alexey.sachkov@intel.com>
Date:   Fri May 24 16:13:10 2019 +0300

    Rename TransOCLMD to PreprocessMetadata
    
    Signed-off-by: Alexey Sachkov <alexey.sachkov@intel.com>

commit ece29378764c7b16c273276e62a61efad801c633
Author: Artem Gindinson <artem.gindinson@intel.com>
Date:   Thu May 23 08:31:50 2019 +0300

    Fix debug information interfering with loop controls translation
    
    According to the SPIR-V specification, branch merge instructions
    must immediately precede branch instructions. The patch ensures
    that ExtInst predecessors of branch instructions:
    
    - are inserted before the merge instructions;
    - and thus do not break SPIRVToLLVM translation of the latter.

commit cc04d1617ecde9ad739818bd3aaf84c0515042e6
Author: Dmitry Sidorov <dmitry.sidorov@intel.com>
Date:   Wed May 15 14:50:25 2019 +0300

    Support partial unrolling
    
    Possible use cases:
    
    unroll [N]
    going to be translated into:
    SPIR-V: 5 LoopMerge [X] [Y] 256 [N]
    LLVM-IR: !{!"llvm.loop.unroll.count", i32 [N]}
    
    unroll 1
    in this case loop unrolling should be disabled,
    going to be translated into:
    LLVM-IR: !{!"llvm.loop.unroll.disable"}
    
    unrolling behaviour without the hint was changed as well, see:
    LLVM-IR: !{!"llvm.loop.unroll.full"} -> !{!"llvm.loop.unroll.enable"}

commit 1d9349cf53a47065ade67d86d687a78e4c5c29a4
Author: Viktoria Maksimova <viktoria.maksimova@intel.com>
Date:   Tue May 7 18:11:21 2019 +0300

    Translate annotate attribute

commit b208b2e66bffed099548836500a754f9fc5b9919
Author: Sven van Haastregt <sven.vanhaastregt@arm.com>
Date:   Tue May 21 18:57:05 2019 +0100

    Replace hardcoded address space for clk_event_t
    
    Set the address space through `getOCLOpaqueTypeAddrSpace`, which is
    build-time configurable through the `SPIRV_CLK_EVENT_T_ADDR_SPACE`
    preprocessor macro.

commit 56ddf08c1dca6c58b4513e7de01a090cabd74c27
Author: Kevin Petit <kevin.petit@arm.com>
Date:   Fri May 17 15:25:17 2019 +0100

    Cleanup Triple validation and use
    
    - Centralise Triple validation
    - Set the addressing model based on architecture bitness rather than
      the specific architecture.
    
    Signed-off-by: Kevin Petit <kevin.petit@arm.com>

commit 263237cfebf6d0933b9540811b57632d75abcaab
Author: Alexey Sachkov <alexey.sachkov@intel.com>
Date:   Fri May 24 16:18:33 2019 +0300

    Tiny improvenments
    
    Updated README: added missing packages required to use pre-installed LLVM
    Updatet .gitignore: added build/ subdirectory
    
    Signed-off-by: Alexey Sachkov <alexey.sachkov@intel.com>

commit 96a9b3192d9c542d8a0479a5bc0d02514b46d0d2
Author: Alexey Sotkin <alexey.sotkin@intel.com>
Date:   Fri May 24 16:56:56 2019 +0300

    travis: Fix CHECK_TIDY config

commit b1ecd4a3959baa869b4136db53cb32692c05ad98
Author: Sven van Haastregt <sven.vanhaastregt@arm.com>
Date:   Thu May 16 15:09:32 2019 +0100

    Set atomic_compare_exchange argument address space to generic
    
    Ensure that the `expected` argument of atomic_compare_exchange_* lives
    in the generic address space in accordance with the OpenCL 2.0
    specification Section 6.13.11, "The atomic_compare_exchange
    functions".

commit 54b49fa02acdbf7feb938145756b89592255420c
Author: Alexey Sotkin <alexey.sotkin@intel.com>
Date:   Fri May 24 10:44:14 2019 +0300

    travis: Add libclang-9-dev package
    
    Looks like package dependencies are broken.
    Adding libclang-9-dev manually to fix travis build.

commit af28fa01dc769ed15316ee96c4b2d0ac791477cc
Author: Karol Herbst <kherbst@redhat.com>
Date:   Tue Apr 30 11:40:42 2019 +0200

    update test instructions inside README

commit 8f4d6d1f3632d8b2bda7d3b8aa783d2e456e6624
Author: Karol Herbst <kherbst@redhat.com>
Date:   Sun Apr 28 14:47:04 2019 +0200

    test: run spirv-val on all files not triggering validation errors

commit 2bd66e97f782ccd2aa351a2a3fa62251d63b97bb
Author: Karol Herbst <kherbst@redhat.com>
Date:   Sat Apr 27 12:41:35 2019 +0200

    test: unused bits have to be 0 in constants

commit 06182aced284b4bf17e7d742aa73d059ce41cf76
Author: Karol Herbst <kherbst@redhat.com>
Date:   Sat Apr 27 12:41:19 2019 +0200

    test: Int8 and Int64 Capabilities have to be specified

commit 136e71c3823907dc6e38147f50eac71aef7ba2a5
Author: Karol Herbst <kherbst@redhat.com>
Date:   Sat Apr 27 12:40:46 2019 +0200

    test: Variables have to be the first instructions inside a block

commit 72e74ca280ded01d9057b7ead74cdd2f0ea15db1
Author: Karol Herbst <kherbst@redhat.com>
Date:   Sat Apr 27 12:39:56 2019 +0200

    test: integers have to be unsigned for spirvs with the Kernel Capability

commit a2c66a922c9f6c9d76f9e8917da425e50b0b59ba
Author: Karol Herbst <kherbst@redhat.com>
Date:   Fri Apr 26 19:55:00 2019 +0200

    test: run spirv-val on generated spirvs

commit 62fe6db8d08e302a8776095871a602064956556f
Author: Stuart Brady <stuart.brady@arm.com>
Date:   Tue Apr 16 17:27:54 2019 +0100

    Add separate functions for reading and translating SPIR-V
    
    The OpenCL runtime API requires that IL be loaded and compiled with
    separate function calls:
    
     1. clCreateProgramWithIL(), which must check that the IL is well-formed
        and return CL_INVALID_VALUE if it is not.
    
     2. clBuildProgram() or clCompileProgram(), which allow build options to
        be specified.
    
    To facilitate the above, this change adds two new API functions:
    
     1. readSpirvModule(), which reads an istream to produce a SPIRVModule.
    
     2. convertSpirvToLLVM(), which converts a SPIRVModule to LLVM IR.
    
    The existing readSpirv() function is refactored in terms of these calls,
    but is kept in the API for the convenience of tools such as llvm-spirv.

commit 35666af57de67ee15e9074da7f42b8d628be965c
Author: Dmitry Sidorov <dmitry.sidorov@intel.com>
Date:   Mon May 6 14:52:28 2019 +0300

    Initial support of FPGA loop attributes/pragmas
    
    Following attributes/pragmas are supported:
     1. ivdep
     2. ivdep safelen(N)
     3. ii(N)
     4. max_concurrency_loop(N)
    
    LLVM IR->SPIRV translation (appropriately the set order):
     1. !"llvm.loop.ivdep.enable ->
        4 LoopMerge {{[0-9]+}} {{[0-9]+}} 4
     2. !"llvm.loop.ivdep.safelen", i32 N ->
        5 LoopMerge {{[0-9]+}} {{[0-9]+}} 8 N
     3. !"llvm.loop.ii.count", i32 N ->
        6 LoopMerge {{[0-9]+}} {{[0-9]+}} 0x80000000 5889 N
     4. !"llvm.loop.max_concurrency.count", i32 N ->
        6 LoopMerge {{[0-9]+}} {{[0-9]+}} 0x80000000 5890 N
    
    Also a case of multiple bit masks set for LoopControl is
    now supported.
    
    SPEC: KhronosGroup/SPIRV-Registry#28

commit 4a8b683412aaff5785d0cc780d1b9446faa93091
Author: Alexey Sotkin <alexey.sotkin@intel.com>
Date:   Mon May 13 10:41:51 2019 +0300

    Translation of llvm.dbg.declare in case the local variable is optimized out

commit 7ac4d26240a6a8d54c48d594b5f550f70c78b6c1
Author: Garima Gupta <garima.gupta@intel.com>
Date:   Fri Apr 19 02:43:55 2019 -0700

    Addition of lit test to check private array initialization in transcoding folder.
    Check for appropriate SPIRV code generation when private arrays are initialised in llvm-ir.
    Check the LLVM-IR generated back from the SPIRV code.
    
    Signed-off-by: Garima Gupta <garima.gupta@intel.com>

commit 15e7a05c3d53ad351b90d81e58e23cc7a3473c99
Author: Karol Herbst <kherbst@redhat.com>
Date:   Tue May 14 17:35:38 2019 +0200

    travis: remove ubuntu-toolchain-r-test
    
    this was only required on trusty

commit d2ec898bb272f835e3dd51fe2014d5ac3e80cf66
Author: Sven van Haastregt <sven.vanhaastregt@arm.com>
Date:   Mon May 13 10:08:01 2019 +0100

    Update LLVM to r360563
    
    Update LLVM for clang commit 96177dc49e ("[OpenCL] Prevent mangling
    kernel functions.", 2019-05-07).

commit 7b9186671cab0c4b1af5e89e1af21c76b0730f17
Author: Sven van Haastregt <sven.vanhaastregt@arm.com>
Date:   Tue May 7 14:45:00 2019 +0100

    Update LLVM to r360108
    
    Update LLVM for dd6f70daf6e ("[DebugInfo] Delete TypedDINodeRef",
    2019-05-07).

commit 55f2041f2c5758b0cbcfa3cc674056c13b401a6c
Author: bashbaug <ben.ashbaugh@intel.com>
Date:   Wed May 1 13:42:24 2019 -0700

    Open SPIR-V output file as a binary file

commit 5514f1aa2be105f8bfd65fd8b04e22dde32e5e91
Author: Artem Gindinson <artem.gindinson@intel.com>
Date:   Mon Apr 29 10:33:47 2019 +0300

    Fix translation of some Intel FPGA memory attributes
    
    Extension specification can be found at:
    https://github.com/KhronosGroup/SPIRV-Registry/blob/master/extensions/INTEL/SPV_INTEL_fpga_memory_attributes.asciidoc

commit b4d02ab39cef13b0cde981056cd5dfc84e5e4cf9
Author: Valery N Dmitriev <valery.n.dmitriev@intel.com>
Date:   Mon Apr 15 08:32:48 2019 -0700

    Handle llvm.memcpy with non-matching source vs destination alignment.
    
    Signed-off-by: Valery N Dmitriev <valery.n.dmitriev@intel.com>

commit b46b910eeaee4ac4a8e2360a9240d68015dc3a59
Author: Karol Herbst <kherbst@redhat.com>
Date:   Fri Apr 19 12:04:57 2019 +0200

    Encode and decode Input and Output Variables used in entry points
    
    spirv-val reported an error as an OpEntryPoint has to list all used input
    and output variables. Sorry for missing this.
    
    This patches uses the CallGraph pass to get a tree of direct function
    calls and iterates it from each entry_point until it hits a function with
    a reference to a GlobalVariable.
    
    Add the SPIRV output storage class as well, so we don't forget to update
    the code if it gets added later.
    
    Fixes: 2745e2a6ae71dba4f8948ec5cc7ee07e8f9a4a97
    Fixes: #176
    
    Signed-off-by: Karol Herbst <kherbst@redhat.com>

commit 1d7672e59b11c823a29380f0878e7d0727de478f
Author: Artem Gindinson <artem.gindinson@intel.com>
Date:   Wed Apr 17 12:13:57 2019 +0300

    Translate Intel FPGA singlepump/doublepump memory attributes
    
    Extension specification can be found at:
    https://github.com/KhronosGroup/SPIRV-Registry/blob/master/extensions/INTEL/SPV_INTEL_fpga_memory_attributes.asciidoc

commit 967e8fa1101993816a37e8a19d1ad6c33f7c9508
Author: Sven van Haastregt <sven.vanhaastregt@arm.com>
Date:   Thu Apr 25 14:27:01 2019 +0100

    Propagate error message from SPIRVModule import
    
    Reading a SPIR-V module may not succeed, so propagate the error
    message back to the caller through ErrMsg.

commit 7bfcb691b66b515ed6f29924262aba8ea0440964
Author: Sven van Haastregt <sven.vanhaastregt@arm.com>
Date:   Thu Apr 25 14:26:33 2019 +0100

    Fix some typos; NFC

commit 5c2d5f61e0583ba5a1c3130e50092dc53daf5e14
Author: Sven van Haastregt <sven.vanhaastregt@arm.com>
Date:   Thu Apr 25 11:38:19 2019 +0100

    Use "SPIR-V" consistently in user facing text; NFC

commit 7be209e54d2e38172af977766930bc45c684f998
Author: Alexey Sachkov <alexey.sachkov@intel.com>
Date:   Thu Apr 18 11:21:22 2019 +0300

    Generate OpExtension for SPV_KHR_no_integer_wrap_decoration
    
    Fixes #120

commit 802c06d736784d0136156742224e6d413712142d
Author: Alexey Sachkov <alexey.sachkov@intel.com>
Date:   Thu Apr 18 11:13:58 2019 +0300

    Generate right OpExtension for SPV_INTEL_device_side_avc_motion_estimation

commit 1a968d694c27ec049aeacc1f8cc13091fb219146
Author: Alexey Sachkov <alexey.sachkov@intel.com>
Date:   Wed Apr 17 20:31:26 2019 +0300

    Add base infrastructure for extensions support

commit cdf2aa46090612109dafff60499274e478fd786f
Author: Viktoria Maksimova <viktoria.maksimova@intel.com>
Date:   Wed Apr 10 13:27:58 2019 +0300

    Fix var/ptr annotation and lifetime start intrinsic translation

commit 89e1947076a6f79b839c2873aeaa2f0ec14a7d3d
Author: Sven van Haastregt <sven.vanhaastregt@arm.com>
Date:   Thu Apr 11 16:23:22 2019 +0100

    Convert some tests from LLVM IR to OpenCL C
    
    Manually convert some tests from .ll files to .cl files.  I selected
    these particular tests for the following reasons:
     - they contained the original source,
     - they contained a full clang invocation line,
     - they do not test specific LLVM IR module patterns,
     - they span different domains (e.g. debug info, atomics, images).
    The OpenCL C tests seem to run a bit slower than LLVM IR tests, at
    least for debug builds of clang, so we probably do not want to convert
    the entire test suite to OpenCL C.

commit 337b956937335f85804f214ce24761641ad4e113
Author: Sven van Haastregt <sven.vanhaastregt@arm.com>
Date:   Thu Apr 11 10:47:47 2019 +0100

    Enable OpenCL C tests
    
    Add support for OpenCL C tests, such that we can test the entire
    OpenCL C to SPIR-V flow.  This enables writing tests that are immune
    to LLVM IR changes, improving robustness of the test suite.
    
    Add a CMake option SPIRV_SKIP_CLANG_BUILD to skip building clang on
    Travis, as building clang causes the BUILD_EXTERNAL=0 jobs to time
    out.

commit 1af9cdac585b1836cdd1b31e81465054bc57cc88
Author: Sven van Haastregt <sven.vanhaastregt@arm.com>
Date:   Mon Apr 15 17:07:48 2019 +0100

    Rename to SPIRV_SKIP_DEBUG_INFO_TESTS
    
    The convention for CMake options seems to be to start with the
    tool/project name.

commit 5a56a54bcebed1e08cc31f8619b7f441e7be9a50
Author: Sven van Haastregt <sven.vanhaastregt@arm.com>
Date:   Mon Apr 15 16:35:38 2019 +0100

    Remove test/lit.local.cfg
    
    test/lit.cfg.py already sets up the same.

commit 2745e2a6ae71dba4f8948ec5cc7ee07e8f9a4a97
Author: Pierre Moreau <dev@pmoreau.org>
Date:   Sat Apr 21 18:09:15 2018 +0200

    Add the input storage class and use it for builtins instead of Uniform
    
    builtins are generally not uniformly constant, so using the UniformConstant
    storage class is missleading and might confuse the consumer of the spir-v
    
    Sadly there is no perfect fit, but Input is what comes the closest
    
    Signed-off-by: Karol Herbst <kherbst@redhat.com>

commit 918d99c1916eb373b3d2e6658af713b4654e3c00
Author: Alexey Sotkin <alexey.sotkin@intel.com>
Date:   Sat Apr 13 17:18:44 2019 +0300

    Fix debug info for __local qualified variables
    
    Current mechanism for searching of global variables via name lookup is not
    reliable. With this patch we look through all global variables untill we find
    one which has attached !dbg metadata, which refers via
    DIGlobalVariableExpression to DIGlobalVariable which is being translated.

commit 2cdb947d42c1abd6d5b88ad38769088431f21082
Author: Sven van Haastregt <sven.vanhaastregt@arm.com>
Date:   Mon Apr 15 10:15:55 2019 +0100

    Update LLVM to r358377
    
    Update LLVM for ef13026b839 ("[DebugInfo] Combine Trivial and
    NonTrivial flags", 2019-04-11).

commit 1c30ed9980fea085b92134aa4e06e695ee1ac447
Author: Sven van Haastregt <sven.vanhaastregt@arm.com>
Date:   Thu Apr 11 10:30:21 2019 +0100

    Remove some dead functions; NFC

commit 9631a2304a9f49c2f8c58144f7a45725dc7c335a
Author: Sven van Haastregt <sven.vanhaastregt@arm.com>
Date:   Wed Apr 10 13:15:41 2019 +0100

    Fix warning; NFC
    
    This fixes:
    
        SPIRVReader.cpp:1999:16: warning: Value stored to 'Inst' during
        its initialization is never read

commit f07c26052ab06ead1b856f4643d0a94db81bbffa
Author: Sven van Haastregt <sven.vanhaastregt@arm.com>
Date:   Thu Apr 4 17:23:51 2019 +0100

    Move other negative tests into test/negative

commit 1356f99b509bbccb8e76ab13d673c22af3b9cb6b
Author: Sven van Haastregt <sven.vanhaastregt@arm.com>
Date:   Thu Apr 4 17:18:21 2019 +0100

    Reject non-constant memory order and scope
    
    SPIR-V only allows constant memory order and scope.  Reject any
    non-constants with an error message instead of crashing on an invalid
    cast.
    
    Reported-by: Stuart Brady

commit b032abfb2695862191cf70f5bf0e6a6bb1d2a037
Author: Sven van Haastregt <sven.vanhaastregt@arm.com>
Date:   Wed Apr 3 16:38:14 2019 +0100

    Add test for read_image(u)i/write_image(u)i
    
    The translator does not handle signedness for read_image/write_image
    correctly yet due to a limitation in the SPIR-V spec.  Add a test and
    XFAIL it for now.

commit 215bc60672121a9ffa620a2a0cf0ab18bdc036f8
Author: Sven van Haastregt <sven.vanhaastregt@arm.com>
Date:   Wed Apr 3 11:26:34 2019 +0100

    Revert "Fixing preservation of unsignedness for read_imageui functions"
    
    This reverts commit 930da2f2fd2d21f0f2c63ef9406fc9228783ca80, as we
    realized:
     - this patch misses other read_image cases,
     - the same approach will not work for write_image,
     - the test case went missing, and
     - it is not the ideal solution going forward, as the OpenCL SPIR-V
       Environment Specification forbids signedness semantics for
       OpTypeInt.
    
    A more robust approach to handle read_image and write_image signedness
    will be addressed in a future SPIR-V release.

commit ea31d32cc950e0b7dc53c72c6c1c770c26812362
Author: Sven van Haastregt <sven.vanhaastregt@arm.com>
Date:   Tue Apr 2 17:25:36 2019 +0100

    Remove dead method and typedef; NFC

commit 2a11b5c079e2441280804ff99eaac1c52b41a104
Author: Alexey Sotkin <alexey.sotkin@intel.com>
Date:   Fri Mar 29 19:13:20 2019 +0300

    Removing unnecessary forward declaration

commit a6f07a8b12c303b16b04c09ef5eba4508f2027a0
Author: Viktoria Maksimova <viktoria.maksimova@intel.com>
Date:   Tue Mar 12 11:36:45 2019 +0300

    Translate Intel FPGA max_concurrency memory attribute
    
    https://github.com/KhronosGroup/SPIRV-Registry/blob/
        00cac61a8d6749785450d88f3c4ada8aa76faaa2/extensions/INTEL/
        SPV_INTEL_fpga_memory_attributes.asciidoc

commit fa75d38873065e09c7ccf6d6e150f2754ab2ee58
Author: Sven van Haastregt <sven.vanhaastregt@arm.com>
Date:   Fri Mar 29 10:06:17 2019 +0000

    Fix invalid SPIRVLoopMerge cast
    
    The previous instruction is not necessarily a SPIRVLoopMerge, but the
    translator would always cast it to such and try to set loop metadata,
    resulting in invalid memory accesses.
    
    The issue was discovered using valgrind on test/selection_merge.spt .
    
    Fixes https://github.com/KhronosGroup/SPIRV-LLVM-Translator/issues/6

commit d055a0e14dcdafae96cfd84d52e10ceadf2da97a
Author: Sven van Haastregt <sven.vanhaastregt@arm.com>
Date:   Wed Mar 27 17:31:03 2019 +0000

    Fail more gracefully when reading invalid input
    
    Report an error instead of asserting when the input stream being read
    does not appear to be a valid SPIR-V module.

commit 3469b1f7af435edb6dfc925159487b88acfef5b9
Author: Steve Merritt <steve.merritt@intel.com>
Date:   Mon Mar 25 14:03:02 2019 -0400

    Create distinct DILocations for DebugInlinedAt instructions.

commit 306d9d33a88d0f8a809b472899a08e351354f33c
Author: Sven van Haastregt <sven.vanhaastregt@arm.com>
Date:   Tue Mar 19 15:56:17 2019 +0000

    Fix nullptr dereference for -spirv-debug
    
    This particularly manifested itself when running llvm-spirv with
      -r -spirv-debug

commit 72bcddd08c891dac0bfb220c36990b8e2f441754
Author: Alexey Sotkin <alexey.sotkin@intel.com>
Date:   Wed Mar 20 11:25:57 2019 +0300

    Sync with LLVM
    
    Update translation of Flags of DebugFunction instruction after
    https://reviews.llvm.org/D59288

commit 930da2f2fd2d21f0f2c63ef9406fc9228783ca80
Author: Neil Hickey <neil.hickey@arm.com>
Date:   Thu Feb 14 10:33:32 2019 +0000

    Fixing preservation of unsignedness for read_imageui functions

commit eea79f24e6bb7b5e3adca275b345c2620fce1e81
Author: Sven van Haastregt <sven.vanhaastregt@arm.com>
Date:   Thu Mar 14 10:58:41 2019 +0000

    Reject 0-length arrays
    
    Rather than relying on internal asserts that are not present in
    release builds, explicitly reject 0-length arrays and print the
    offending type.
    
    Reported-by: Anastasia Stulova

commit 3fef0160100a2c293ca057fb9f848bba5b85941a
Author: Alexey Sotkin <alexey.sotkin@intel.com>
Date:   Thu Mar 14 12:47:43 2019 +0300

    Fix crash at translation of mangled functions

commit 37f1bdb1d6173747a6325011790be9ae9327bca8
Author: Sven van Haastregt <sven.vanhaastregt@arm.com>
Date:   Wed Mar 13 11:24:04 2019 +0000

    lit: Fix DebugInfo test tools warnings
    
    Only substitute DebugInfo-test-specific tools such as llvm-readelf
    when running the DebugInfo tests.  Otherwise these tools may not be
    available, causing llvm-lit to warn about being unable to find the
    tools.

commit 5295c11042254662e7c6765125288f3e78bb1229
Author: Viktoria Maksimova <viktoria.maksimova@intel.com>
Date:   Wed Mar 13 12:29:07 2019 +0300

    Fix warning in release build

commit 6183f7c486329f8d013bda55fb6ede90a7f51f87
Author: Alexey Sotkin <alexey.sotkin@intel.com>
Date:   Wed Mar 13 11:52:01 2019 +0300

    Sync with LLVM
    
    Update lifetime.ll to align with changes introduced by:
    commit 6e8fb99b69ceb9a2b0fe5bbd4754e1204128181f
    Author: Matt Arsenault <Matthew.Arsenault@amd.com>
    Date:   Tue Mar 12 21:02:54 2019 +0000
    
        IR: Add immarg attribute

commit a0ba54f549f0b843a1860a91e6dabb9f2a7a3757
Author: Sven van Haastregt <sven.vanhaastregt@arm.com>
Date:   Tue Mar 12 09:55:47 2019 +0000

    Correctly report unsupported intrinsic
    
    The translator would report the name of the destination variable of an
    intrinsic call, which is not very helpful to a user.
    
    Report the offending intrinsic name, and update and unXFAIL a test to
    check the error message.  For the test, we need to run `not` with
    `--crash`, as the translator currently asserts on errors and we need
    to ignore crashes to be able to FileCheck the stderr output.

commit 6f5a1e17561bd8c0c4ab76698726f5a36a707c00
Author: Sven van Haastregt <sven.vanhaastregt@arm.com>
Date:   Tue Mar 12 09:45:57 2019 +0000

    Abort on error instead of asserting 0
    
    Let the translator abort on error instead of calling `assert(0)`.
    This makes the error behavior consistent across debug and release
    builds, and allows us to write negative tests for the translator.

commit 55f781b55692440ff0197fb035d60f81d9d34b14
Author: Sven van Haastregt <sven.vanhaastregt@arm.com>
Date:   Mon Mar 11 13:14:31 2019 +0000

    Drop include guard from SPIRVErrorEnum.h
    
    SPIRVErrorEnum.h is included multiple times, and the include guard
    caused the SPIRVErrorMap (which is the second inclusion of
    SPIRVErrorEnum.h in SPIRVError.h) to remain empty.

commit f8fe510e19a69f3775e701369112d3d1d165bee3
Author: Sven van Haastregt <sven.vanhaastregt@arm.com>
Date:   Mon Mar 11 12:43:02 2019 +0000

    Fix typo in comment; NFC

commit a4315fa47dd862f21b03090812e48af11c2fde0d
Author: Sven van Haastregt <sven.vanhaastregt@arm.com>
Date:   Fri Mar 8 17:05:20 2019 +0000

    Fix OpSwitch miscalculation of Pair sizes
    
    The attached test case asserted in SPIRVSwitch::validate().
    
    While we're here, rename to `getLiteralSize`, as the function returns
    the number of words required for each literal.
    
    Fix by Neil Hickey.  Test case by Sven van Haastregt.

commit d59b748cb5e9badcce00095626a85b4e886d6ab5
Author: Kevin Petit <kevin.petit@arm.com>
Date:   Fri Mar 8 09:49:47 2019 +0000

    Fix typo in help text for -spirv-lower-const-expr
    
    Signed-off-by: Kevin Petit <kevin.petit@arm.com>

commit 056368d18e666091629edb8d1631d433e6235087
Author: Kevin Petit <kevin.petit@arm.com>
Date:   Fri Mar 8 09:49:12 2019 +0000

    Fix typo in build instructions
    
    Signed-off-by: Kevin Petit <kevin.petit@arm.com>

commit ebbfbfa298d0f96c78b2ca81e0f562c9d64a6564
Author: Kevin Petit <kevin.petit@arm.com>
Date:   Fri Mar 8 09:48:30 2019 +0000

    Add missing dependencies to check-llvm-spirv target
    
    Both llvm-config and llvm-readelf are required to run
    the tests.
    
    Signed-off-by: Kevin Petit <kevin.petit@arm.com>

commit 78d09f27be28780436ebd93b179369af48d009e0
Author: Sven van Haastregt <sven.vanhaastregt@arm.com>
Date:   Wed Mar 6 11:11:10 2019 +0000

    Update include paths for pre-built-LLVM builds
    
    Translator builds with a pre-built LLVM recently broke due to headers
    in the LLVM source tree no longer being found.
    
    Update our CMake files for LLVM commit r353924 / 95decc39b55 ("[llvm]
    [cmake] Provide split include paths in LLVMConfig", 2019-02-13).

commit d51037eb6f26b557a5ab2a05d28785d66ce6e62b
Author: Viktoria Maksimova <viktoria.maksimova@intel.com>
Date:   Tue Feb 12 12:35:47 2019 +0300

    Translate Intel FPGA memory attributes
    
    This patch introduces translation of the following FPGA memory attributes:
    * register
    * memory
    * numbanks
    * bankwidth
    
    Link to the SPIR-V Specification:
    http://htmlpreview.github.io/?https://github.com/KhronosGroup/SPIRV-Registry/
               blob/master/extensions/INTEL/SPV_INTEL_fpga_memory_attributes.html

commit 23c581c8c2be4cdc51b9b234ca4a77e9ac49cde8
Author: Alexey Sotkin <alexey.sotkin@intel.com>
Date:   Tue Feb 26 17:51:29 2019 +0300

    Fix Parent operand of DebugFunction instruction
    
    Even if the 'scope' operand of DISubprogram in LLVM IR points to a DIFile, in
    SPIRV we should point to DebugCompilationUnit instead. This is to allign the
    implementaion with SPIRV debug info specification.

commit f66371972b9c58f4c71ba7c9c6eb748b99aec4e7
Author: Alexey Sotkin <alexey.sotkin@intel.com>
Date:   Fri Feb 1 13:10:56 2019 +0300

    Fix Function operand of DebugFunction instruction
    
    In some cases the translator couldn't find the function described by the
    DISubprogram by the name. Now we iterate over all functions in the module
    untill we find the desired function using DISubprogram::describes() method.

commit d35147d54c1e120f6211f96da7ff1693b419f0df
Author: Alexey Sotkin <alexey.sotkin@intel.com>
Date:   Tue Feb 26 18:16:44 2019 +0300

    Translation of debug info for unknown basic type

commit c4a140b9ebc69744f0ce2893a2b1679c4b9015e0
Author: Alexey Sotkin <alexey.sotkin@intel.com>
Date:   Fri Feb 22 16:03:47 2019 +0300

    Translate initializer of global variables before its type.
    
    Order of evaluation of functions arguments is unspecified in C++. Therefore
    having translation of the initializer and the type as arguments of
    SPIRVModule::addVariable results in slightly different SPIR-V depending on
    whether we use GCC or Clang to build the translator.

commit bd6ddfaf7232cd81c7f2fe9877e66f286731bd8e
Author: Alexey Sotkin <alexey.sotkin@intel.com>
Date:   Thu Feb 21 17:14:36 2019 +0300

    Update LowerOpenCL pass to handle new blocks represntation in LLVM IR

commit ee5cc7bdefa0f96ee4d9a6d65f6c989f7b7fa980
Author: Alexey Sotkin <alexey.sotkin@intel.com>
Date:   Wed Feb 20 10:05:13 2019 +0300

    Sync with LLVM
    
    Update debug info tests after changes introduced by
    llvm/llvm-project@9dbeca3d77869f93109ac50fd9827c5546b2dc05

commit 36d45308772fdaec679a641da35d7bb5c48c2852
Author: Pierre Moreau <dev@pmoreau.org>
Date:   Sat Jun 9 15:12:08 2018 +0200

    Remove the _SPIRV_LLVM_API switch
    
    The default is changed from llvm::raw_ostream to std::ostream.
    
    Fixes https://github.com/KhronosGroup/SPIRV-LLVM-Translator/issues/9

commit 62b21fd97d1b97bc11f604d4244e47398b5a4bf1
Author: Olga Makhotina <olga.makhotina@intel.com>
Date:   Wed Feb 6 19:12:32 2019 +0100

    Fixed SPIRVReader/transKernelArgTypeMedataFromString to track brackets and to not split argument when comma is inside brackets.

commit f9ca4c5babac359911bbc48cea4452985424b108
Author: Jurek, Pawel <pawel.jurek@intel.com>
Date:   Fri Feb 1 12:37:55 2019 +0100

    Fix for memory leak.
    
    removeFromParent was used instead of eraseFromParent,
    resulting in a memory leak.

commit f8684fd5d425d5990a52b03e26a08b9d705230cc
Author: Elie Tournier <tournier.elie@gmail.com>
Date:   Sun Feb 3 12:57:30 2019 +0000

    doc: update LLVM version to 9

commit a571002cccd6230daa52f4eec8f29bd383208484
Author: Sven van Haastregt <sven.vanhaastregt@arm.com>
Date:   Fri Feb 1 14:54:52 2019 +0000

    Update LLVM to r352869
    
    Update for 9ec60d7d8fa ("[opaque pointer types] Add a FunctionCallee
    wrapper type, and use it.", 2019-02-01).

commit 0a99e226fcf33bea0dc36cf76a97485f44472a56
Author: Alexey Sotkin <alexey.sotkin@intel.com>
Date:   Mon Jan 21 10:16:17 2019 +0300

    Update tests after change in LLVM
    
    This is to catch up with LLVM master branch. We need to update tests after
    changes introduced the following commit in LLVM:
    
    commit 08223c34d49c74300b25ceafa9ef3ba9c3c790e7
    Author: Francis Visoiu Mistrih <francisvm@yahoo.com>
    Date:   Mon Jan 14 10:55:55 2019 +0000
    
        Replace "no-frame-pointer-*" function attributes with "frame-pointer"
    
        Part of the effort to refactoring frame pointer code generation. We used
        to use two function attributes "no-frame-pointer-elim" and
        "no-frame-pointer-elim-non-leaf" to represent three kinds of frame
        pointer usage: (all) frames use frame pointer, (non-leaf) frames use
        frame pointer, (none) frame use frame pointer. This CL makes the idea
        explicit by using only one enum function attribute "frame-pointer"
    
        Option "-frame-pointer=" replaces "-disable-fp-elim" for tools such as
        llc.
    
        "no-frame-pointer-elim" and "no-frame-pointer-elim-non-leaf" are still
        supported for easy migration to "frame-pointer".
    
        tests are mostly updated with
    
        // replace command line args �<80><98>-disable-fp-elim=false�<80><99> with �<80><98>-frame-pointer=none�<80><99>
        grep -iIrnl '\-disable-fp-elim=false' * | xargs sed -i '' -e "s/-disable-fp-elim=false/-frame-pointer=none/g"
    
        // replace command line args �<80><98>-disable-fp-elim�<80><99> with �<80><98>-frame-pointer=all�<80><99>
        grep -iIrnl '\-disable-fp-elim' * | xargs sed -i '' -e "s/-disable-fp-elim/-frame-pointer=all/g"
    
        Patch by Yuanfang Chen (tabloid.adroit)!
    
        Differential Revision: https://reviews.llvm.org/D56351
    
        git-svn-id: https://llvm.org/svn/llvm-project/llvm/trunk@351049 91177308-0d34-0410-b5e6-96231b3b80d8

commit fd05212bd14dc1832934ef865a831eeadcc8df93
Author: Alexey Sotkin <alexey.sotkin@intel.com>
Date:   Mon Jan 21 09:41:10 2019 +0300

    Update LLVM version: 8 -> 9

commit 0a88e52424e8ebe544aaece4bd253c204d767d9c
Author: Alexey Sotkin <alexey.sotkin@intel.com>
Date:   Fri Jan 18 12:10:57 2019 +0300

    Update .travis.yml
    
    Change naming of development build artifacts published on github.

commit 9e5824577e0015ea06b606b0d421c724956cd973
Author: Sven van Haastregt <sven.vanhaastregt@arm.com>
Date:   Tue Jan 15 13:10:55 2019 +0000

    Drop unused private field

commit bdea49714443f869cc7a2cb75bc20e3e97109464
Author: Sven van Haastregt <sven.vanhaastregt@arm.com>
Date:   Tue Jan 15 13:09:50 2019 +0000

    Drop some unused #includes

commit 9acc9d9ce11ef727e59bb25adf121a11462fcc90
Author: Sven van Haastregt <sven.vanhaastregt@arm.com>
Date:   Mon Jan 14 13:40:15 2019 +0000

    Drop spirv-gen-image-type-acc-postfix option
    
    This option has become redundant after aligning the emitted image type
    names to the current clang mangling scheme.

commit 665d001df8e4b2636fdca313c6b93658dca05799
Author: Sven van Haastregt <sven.vanhaastregt@arm.com>
Date:   Mon Jan 14 11:29:04 2019 +0000

    Align image type mangling to clang
    
    The mangling of OpenCL image types has been changed by clang commit
    aa8b893ccd ("[OpenCL] Complete image types support.", 2016-04-08), and
    until now the translator was emitting the old mangled names that did
    not include the access qualifier.
    
    Align with clang, to aid unifying subsequent compilation after
    importing SPIR-V into the LLVM domain.
    
    Image types with different access qualifiers in clang are separate
    types.  With this commit we also make them separate types in the
    translator, so for every image type there is a read_only, write_only,
    and read_write variant.  This keeps image type handling pretty much
    the same as handling of any other type in the translator.
    
    Updating tests was mostly done manually, as it is not trivial to
    select the correct access qualifier using just regexps.

commit 371e921c08a583eb4393ce97d1a0db2b8d7f1402
Merge: b52f6991 df8659f1
Author: neildhickey <nhickey1@gmail.com>
Date:   Tue Jan 15 12:30:03 2019 +0000

    Merge pull request #113 from svenvh/update-tests
    
    Update tests

commit df8659f18f44a44f962f18f39ea44217e73b9990
Author: Sven van Haastregt <sven.vanhaastregt@arm.com>
Date:   Mon Jan 14 16:03:10 2019 +0000

    Update test for DIFlagFixedEnum rename
    
    Update after LLVM commit 9597cfd242c ("Rename DIFlagFixedEnum to
    DIFlagEnumClass. NFC", 2019-01-08).

commit b52f6991889039a3ebc8227dba9dbab21cf46889
Author: Sven van Haastregt <sven.vanhaastregt@arm.com>
Date:   Fri Jan 11 16:10:23 2019 +0000

    Fix dead error path in transValueWithoutDecoration
    
    The error path in transValueWithoutDecoration was inside the default
    case of a switch statement and unreachable anyway, as the default case
    has an unconditional return already.
    
    Reported-by: Pedro Olsen Ferreira

commit 6bb9231efe7677fcb1f3388897987c82629d78fe
Author: Sven van Haastregt <sven.vanhaastregt@arm.com>
Date:   Mon Jan 7 17:12:55 2019 +0000

    Do not convert sampler to i32
    
    Preserve the sampler_t type for samplers instead of converting it to
    i32.  This aligns the SPIR-V translator's output to clang's output,
    with the aim of unifying subsequent compilation after importing SPIR-V
    into the LLVM domain.
    
    Transform OpConstantSampler operands back into
    __translate_sampler_initializer calls.
    
    test/SampledImage.ll currently loses the addrspace(2) qualifier on
    sampler types after transcoding, as the sampler address space is fixed
    at SPIR-V translator build time.  I believe this should not be a
    concern, as other opaque types such as events also have their address
    spaces fixed at translator build time.

commit 486ebb508e8818652b012d104e14afad5a62a452
Author: Sven van Haastregt <sven.vanhaastregt@arm.com>
Date:   Tue Jan 8 17:03:08 2019 +0000

    Drop spurious namespace specifiers; NFC
    
    Original patch by: Marco Antognini

commit d3f2018224feb5bc84afc0109e98c8942a5478aa
Author: Sven van Haastregt <sven.vanhaastregt@arm.com>
Date:   Mon Jan 7 11:24:23 2019 +0000

    Set noduplicate attribute for barriers
    
    Without this attribute, LLVM passes such as SimplifyCFG may duplicate
    barrier calls, which would cause incorrect behaviour of the compiled
    program.

commit dfd58e72e035fe805149c8cc3cf3d0fb7e74c87e
Author: Sven van Haastregt <sven.vanhaastregt@arm.com>
Date:   Fri Jan 4 13:28:00 2019 +0000

    Ignore .n suffix for all OpenCL types
    
    LLVM type names may end up getting a .<n> suffix, e.g. when multiple
    LLVM modules defining the same type name are loaded into a single
    LLVMContext.  transTypeDesc was already ignoring such suffixes for
    image and pipe types, but other OpenCL types could be affected by the
    same issue, resulting in incorrect mangling of builtin function
    arguments.
    
    Strip the suffix for any type whose name starts with "opencl.".

commit f4f23326d4d5fa911d44df07104208d46bc0ac3e
Author: Sven van Haastregt <sven.vanhaastregt@arm.com>
Date:   Wed Jan 2 17:58:05 2019 +0000

    Emit half type suffix for read/write_image builtins
    
    Calls to read_imageh and write_imageh were incorrectly transcoded to
    read_imagef and write_imagef.  Emit the 'h' suffix for 16-bit float
    types.

commit 9ff35b844581f4a3a5be32137473d4f7e35afb77
Author: Alexey Sachkov <alexey.sachkov@intel.com>
Date:   Fri Dec 7 18:20:49 2018 +0300

    Fix disabling of fp-contract
    
    There were a test cases where contraction was enabled, but SPIR-V
    Translator set it to off.
    
    The root casue is in poor algorithm of 'disabled fp-contract' detection.
    This patch doesn't bring the good and reliable algorithm and only
    provides a workaround.

commit 58627b247d82f76f7beaba5760059ebae85c0151
Author: Alexey Sotkin <alexey.sotkin@intel.com>
Date:   Fri Dec 21 22:39:11 2018 +0300

    Fix length for debug operations 'plus' and 'minus'
    
    Operations 'plus' and 'minus' should have length 1 word instead of two

commit b8743b1493d043b4aea679a8dbd08123ae948616
Author: Alexey Sotkin <alexey.sotkin@intel.com>
Date:   Fri Dec 21 23:20:56 2018 +0300

    Preserve debug location attached to a builtin call.

commit 1777597fbef02a4df9f92a3a2b26ad3d3d778585
Author: Alexey Sotkin <alexey.sotkin@intel.com>
Date:   Fri Dec 7 14:53:12 2018 +0300

    Do not run LowerSPIRBlocks pass if there are no SPIR 2.0 blocks in the module.

commit fcfd312e94d85feab8734b12c44adfead8b166c1
Author: Mariya Podchishchaeva <mariya.podchishchaeva@intel.com>
Date:   Wed Dec 26 20:17:38 2018 +0300

    Add no signed/unsigned wrap decoration support

commit 22651ea6a45453f2e309235f8d2d75152dc40977
Author: Pierre Moreau <dev@pmoreau.org>
Date:   Tue Dec 25 22:12:14 2018 +0100

    Let `env` pick the correct python executable
    
    Previously the scripts used the `python` executable which can correspond
    to the `python3` executable on some distributions, resulting in failures
    as the scripts were written against Python 2.

commit 8e4637f656f95d12637a6e57bb66f3f16e913aae
Author: Pierre Moreau <dev@pmoreau.org>
Date:   Tue Dec 25 22:16:03 2018 +0100

    Mark the clang-tidy-diff script as executable

commit b132dca35b04bad06252fe5a453ce07566d06882
Author: Alexey Sotkin <alexey.sotkin@intel.com>
Date:   Mon Dec 24 23:29:32 2018 +0300

    Using the "latest_build" tag

commit 26f30df9ee3abf97a020f4f8da01aa80ba11fec0
Author: Alexey Sotkin <alexey.sotkin@intel.com>
Date:   Tue Oct 9 01:10:08 2018 +0300

    Enable publishing of built artifacts via github releases.
    
    Upload binaries of the translator to the github repo.

commit bdba908ed92f053895e8622d6a8cfae7d9177167
Author: Sven van Haastregt <sven.vanhaastregt@arm.com>
Date:   Tue Dec 11 11:29:53 2018 +0000

    Fix formatting

commit a8012afbf798243d7d7ef33fa6edf1d3fbb1c4ca
Author: Sven van Haastregt <sven.vanhaastregt@arm.com>
Date:   Fri Dec 7 14:42:41 2018 +0000

    Fix image type name recognition
    
    Image type names may end up getting a .<n> suffix, e.g. when multiple
    LLVM IR modules defining the same type name are loaded into an
    LLVMContext.  The translator already has some basic handling for that,
    but the included test case triggers an assert.
    
    Improve the type name recognition handling and factor it out into a
    helper function.

commit 75cec4ec09aa89294e8dbe7db72fcf5090aaf2af
Author: Sven van Haastregt <sven.vanhaastregt@arm.com>
Date:   Tue Dec 4 10:02:45 2018 +0000

    Do not include image access qualifier in kernel_arg metadata
    
    According to OpenCL 2.0 Table 5.21:
    
      The type name returned will be the argument type name as it was
      declared with any whitespace removed. [...] The argument type
      name returned does not include any type qualifiers.

commit e1e4cbead88d7d547be0d3ebdd9652930fd2b9c6
Author: Sergey Semenov <sergey.semenov@intel.com>
Date:   Wed Nov 28 17:11:21 2018 +0300

    Fix unresolved temporary MDNode processing function declarations

commit f8258a9ce94fead7bfa97d8071a83c3003f6117d
Author: Sergey Semenov <sergey.semenov@intel.com>
Date:   Thu Nov 22 11:44:14 2018 +0300

    Add support for template parameters in DISubprogram for function declaration

commit 81efd06316c0e542698688bb60c23171abd1d1a0
Author: Sergey Semenov <sergey.semenov@intel.com>
Date:   Fri Nov 23 11:44:57 2018 +0300

    Fix translation of variadic function template declarations

commit 2ef4e970162f4901c3ea3f827f9093e5cc013c58
Author: Sven van Haastregt <sven.vanhaastregt@arm.com>
Date:   Mon Nov 26 14:18:05 2018 +0000

    Add kernel_arg_name regardless of unnamed arguments
    
    If the user has requested `kernel_arg_name` metadata, always generate
    it even if some or all of the kernel arguments are unnamed.
    
    The `-spirv-gen-kernel-arg-name-md` option seems to be lacking tests
    so far, so add a new test.

commit c6a4ae0e54ef32ba4ffa848bc829824c59c1327e
Author: Artur Harasimiuk <artur.harasimiuk@intel.com>
Date:   Thu Nov 22 18:50:45 2018 +0100

    enable use of ccache
    
    try to find and use ccache when building outside of LLVM source tree.
    
    Signed-off-by: Artur Harasimiuk <artur.harasimiuk@intel.com>

commit 6197c7d5901a0bd5638b1b464cdbff7e9ccdb210
Author: Alexey Sotkin <alexey.sotkin@intel.com>
Date:   Thu Nov 22 14:10:09 2018 +0300

    Change translation of FP_CONTRACT to SPIRV
    
    Previously we relied on !opencl.enable.FP_CONTRACT metadata to set
    ContractionOff execution mode for a kernel. But now clang doesn't generate
    this metadata. Due to lack of reliable mechanism for representation of the
    pragma in LLVM IR, this patch implements sort of very primitive heuristic
    to detect usage of #pragma OPENCL FP_CONTRACT OFF.

commit 58830a6d6d4589396ac1612ce0f00998fb08dda5
Author: Alexey Sotkin <alexey.sotkin@intel.com>
Date:   Mon Oct 29 20:35:31 2018 +0300

    Make it possible to keep typedef'ed type names in SPIRV
    
    In LLVM IR information about typedef'ed type name stored only in
    kernel_arg_type metadata, but it is missed while translating in SPIRV.
    There is no possibility to store typedef's in SPIRV.
    
    As a workaround we store information about type names from
    kernel_arg_type metadata in an OpString instruction and restore it
    while translating from SPIRV to LLVM.

commit 1b09eaf860e0d41dfe284bdaec7aaddbad17147c
Author: Pierre Moreau <dev@pmoreau.org>
Date:   Sat Apr 21 18:07:34 2018 +0200

    Input storage class no longer depends on the Shader capability

commit 0f8900d2ecc069ddf9670b8dbb32c0eb3b3671ef
Author: Karol Herbst <kherbst@redhat.com>
Date:   Tue Aug 7 18:05:58 2018 +0200

    cmake: fix pc file generation
    
    I didn't notice that it actually pointed inside the build directory, so fix it and rely on what the LLVM CMake files do

commit 2f5719fb4e2537a8726c85957ca38137da56f4bd
Author: Sergey Semenov <sergey.semenov@intel.com>
Date:   Wed Nov 21 15:16:25 2018 +0300

    Enable unsupported debug information tests

commit 9a861bfc9a9e48444d374676c2c03420f3284ce9
Author: Sven van Haastregt <sven.vanhaastregt@arm.com>
Date:   Thu Nov 22 17:39:09 2018 +0000

    Mention required cmake flag in README.md
    
    Running `llvm-lit test` without `-DLLVM_INCLUDE_TESTS=ON` just
    gives a confusing exception from llvm-lit.

commit e7efd023e9ddaba2a965da6351acae497fd495d1
Author: Sven van Haastregt <sven.vanhaastregt@arm.com>
Date:   Thu Nov 22 17:31:09 2018 +0000

    Fix typo

commit 42e708b60ba32187f60315217860dece3142548f
Author: Karol Herbst <kherbst@redhat.com>
Date:   Tue Nov 20 13:17:04 2018 +0100

    Fix compilation since llvm@347239
    
    v2: fix formatting

commit be310c1316fae21168c1e08417647da4930f447d
Author: Karol Herbst <kherbst@redhat.com>
Date:   Thu Nov 22 19:55:17 2018 +0100

    travis: move to xenial

commit c04cd74bfd7ab57d92f0ab601b52ca3da8fde952
Author: Viktoria Maksimova <viktoria.maksimova@intel.com>
Date:   Mon Oct 29 16:41:33 2018 +0300

    Implementation of LLVM IR -> SPIRV translation for  SPV_INTEL_device_side_avc_motion_estimation extension
    
    Corresponding OpenCL extension is 'cl_intel_device_side_avc_motion_estimation'
    https://www.khronos.org/registry/OpenCL/extensions/intel/cl_intel_device_side_avc_motion_estimation.txt

commit 217f4e58ca8bea87ce469b54730085515f0bd3f0
Author: Viktoria Maksimova <viktoria.maksimova@intel.com>
Date:   Tue Oct 2 14:50:16 2018 +0300

    Translation of loop unrolling metadata
    
    loop-simplify pass is added to simplify search of Continue Target operand of
    OpLoopMerge instruction

commit f86944773822ac7d05d57565415aee95b27a7eed
Author: Alexey Sotkin <alexey.sotkin@intel.com>
Date:   Fri Oct 19 09:52:18 2018 +0300

    Set SequentiallyConsistent bit in translation of barrier builtins
    
    According to the description in the OpenCL specification barrier,
    work_group_barrier and sub_group_barrier builtins imply sequentially-consistent
    memory-order semantics.
    In case the memory fence flags is set to 0, we use None(Relaxed) memory order
    semantics.
    Resolves #70

commit b432a7f7fb36e10614cbc8faa105f1ca271b5b60
Author: Alexey Sotkin <alexey.sotkin@intel.com>
Date:   Wed Oct 17 15:05:12 2018 +0300

    Add tests for debug info support
    
    Testing of debug info feature in SPIR-V is based on idea that after round-trip
    translation of an LLVM module to SPIR-V and back debug info metadata should
    stay practically the same as before the translation and thus regular tests for
    DebugInfo in LLVM should pass.
    The tests being added with this commit are taken from llvm/test/DebugInfo
    directory. Translation to SPIR-V and back is added to every test. Also some
    minor modification required to make the tests translatable to SPIR-V are made.
    
    Building dependencies for debug info tests takes too long, so Travis CI
    terminates the build due to timeout. This commit introduces
    SKIP_SPIRV_DEBUG_INFO_TEST variable in cmake files. Set to true this variable
    disables tests in test/DebugInfo directory and excludes tools required for
    these tests from the build. By default the variable is not set, i.e. debug info
    tests for SPIR-V do run.

commit fdbfb3ffa1de87cbff0ed516f58f37cbd8770665
Author: Alexey Sotkin <alexey.sotkin@intel.com>
Date:   Wed Jan 17 12:03:18 2018 +0300

    Improved support of debug info

commit a07406a5234c80a9c9b8a1c6d9932254468befa2
Author: Alexey Sotkin <alexey.sotkin@intel.com>
Date:   Wed Oct 17 15:03:56 2018 +0300

    Support of debug info in SPIR-V
    
    Format of debug info for SPIR-V is described in the specification:
    https://www.khronos.org/registry/spir-v/specs/1.0/DebugInfo.html
    
    Debug info in LLVM is represented as metadata. Every debug info entry in LLVM
    implemented as a class inhereted from MDNode. Translation of debug info should
    be separated from translation of regrular instructions in order to avoid
    circular dependencies. For debug info intrinsics which interleave with regular
    instructions, we create placeholder instructions in SPIRV BB, which will be
    ammended later, after debug info metadata translation. For debug info entries
    represented as metadata we use llvm::DebugInfoFinder to collect them, then
    iterate over and translate one by one. Translation of every entry goes through
    transDbgEntry method, which caches the entry and call transDbgEntryImpl.
    transDbgEntryImpl selects a corresponding method for translation of the debug
    entry to SPIRV. Opcodes, flags, indices of operands, etc are descried in
    SPIRV.debug.h There is enum for operand indices for each SPIRV debug
    instruction. To avoid name clashes each enum is declared in a separate namespace
    corresponding to the instruction.
    
    Translation back to LLVM IR is done similarly: We go over debug instructions
    stored in SPIRVModuleImpl::DebugInstVec and translate them with
    SPIRVToLLVMDbgTran::transDebugInst, which also cache debug instructions and call
    SPIRVToLLVMDbgTran::transDebugInstImpl. SPIRVToLLVMDbgTran::transDebugInstImpl
    selects corresponding method to translate the debug instruction. SPIRV Debug
    info instructions representing intrinsics are translated after other debug
    instrucions.

commit bf5fe7d44f5c9aa5013cfd4cd631d30660d74d51
Author: Alexey Sotkin <alexey.sotkin@intel.com>
Date:   Mon Oct 15 23:18:51 2018 +0300

    Refactoring of SPIRVReader.cpp and SPIRVWriter.cpp
    
    Moving declarations of SPIRVWriter and LLVMToSPIRVDbgTran to SPIRVWriter.h
    Moving declarations of SPIRVReader and SPIRVToLLVMDbgTran to SPIRVReader.h
    Minor fixes.

commit 46ba0380d01b4d1aded7b189353ad359c8ec4c3f
Author: Alexey Sotkin <alexey.sotkin@intel.com>
Date:   Tue Mar 27 13:17:34 2018 +0300

    Adding translation of SubgroupSize execution mode
    
    Change-Id: If30b9b420649774b8a90cc9ad820e0f591d84161

commit dfb2613123bd6a430fc2dd6e1691ed00c79ca3cc
Author: Kristina Bessonova <kristina.bessonova@intel.com>
Date:   Thu Apr 5 15:53:18 2018 +0300

    Remove usages of opencl.kernel metadata

commit 5bfc0e12e663388e7d3aad5ada598c405b9c802d
Author: Alexey Sotkin <alexey.sotkin@intel.com>
Date:   Fri Mar 2 14:48:30 2018 +0300

    Update translation of kernel metadata to work with new metadata format.
    
    Clang 4.0 and higher produces kernel argument metadata attached to a
    kernel:
    'define spir_kernel void @foo(..)  #0 !kernel_arg_addr_space !1 ... {}'
    '!1 = !{i32 1, i32 1}'
    
    The patch updates SPIRVWriter to use metadata in this format.
    
    'Old' format:
    '!0 = !{void (float addrspace(1)*, ...)* @foo, !1, ...}'
    '!1 = !{!"kernel_arg_addr_space", i32 1, ...}'
    is no longer supported.
    
    Also changing translation of !opencl.used.extension metadata to
    OpSourceExtension instead of translation to OpExtension
    
    Change-Id: I61d3890fb3bd1123ad71dc6857c8dfc419b288b6

commit 681082ee6218afc82ad4df1efcb33dcc143b1f68
Author: Alexey Sotkin <alexey.sotkin@intel.com>
Date:   Wed Oct 24 23:49:58 2018 +0300

    Moving OpSwitchEmpty.ll to the right place (#77)
    
    In PR #65 the test was added to test/SPIRV/transcoding/OpSwitchEmpty.ll
    instead of test/transcoding/OpSwitchEmpty.ll

commit d6ea212ab7c7543f8075765d4f8ba636d924d20c
Author: Viktoria Maksimova <viktoria.maksimova@intel.com>
Date:   Thu Sep 20 17:43:48 2018 +0300

    Add test for blocks which return structure

commit b712e710e33298cb504b887909acb998009c73f2
Author: Alexey Sotkin <alexey.sotkin@intel.com>
Date:   Wed Sep 26 20:28:48 2018 +0300

    Fix translation of switch statement w/o cases

commit 810e47d289f9d6251f7e820ded251385cc5cb449
Author: Viktoria Maximova <viktoria.maksimova@intel.com>
Date:   Mon Oct 15 17:29:19 2018 +0300

    Update OCL20ToSPIRV.cpp

commit b2c76ecd7fc9d00e9dd18e289d0c72fa5558e1e0
Author: Viktoria Maksimova <viktoria.maksimova@intel.com>
Date:   Thu Sep 20 15:55:58 2018 +0300

    Disabling generation of invalid atomic instructions
    
    Some atomic instructions allow only integer result type

commit 3fe0c44faec2144e5ccb33b33415f6bffc044bb4
Author: Viktoria Maksimova <viktoria.maksimova@intel.com>
Date:   Thu Sep 20 11:08:32 2018 +0300

    Fix memory leak at adding execution mode

commit a086b3ad3bb9d4ab126c7ec02866f600c43fd838
Author: Sergey Semenov <43845535+sergey-semenov@users.noreply.github.com>
Date:   Mon Oct 22 15:21:22 2018 +0300

    Fix translation of relative source file paths (#73)

commit 72c86a1442e2cafe11bf91d470dbfdbd795c90df
Author: Alexey Bader <alexey.bader@intel.com>
Date:   Thu Oct 18 20:09:25 2018 +0300

    Fix lifetime intrinsics translation.
    
    LLVM lifetime intrinsics accept only i8* pointers + size as object
    descriptors, so typical pattern for local variables is
    alloca+bitcast+lifetime instructions.
    SPIR-V translator tries store original type into lifetime instruction
    looking though bitcast. It also removes bitcast from the SPIR-V file and
    tries to recover it during SPIR-V conversion.
    This patch simplifies the translation by keeping bitcast instruction and
    fixes assertion of lifetime intrinsics for 8-bit objects.

commit 0c03e7a66f25c83dbd3d14e74ced9ace51ecb9d7
Author: Khronos Group Webmaster <webmaster@khronos.org>
Date:   Wed Oct 10 16:05:46 2018 -0400

    Create CODE_OF_CONDUCT.md

commit 8bc0698ee90232aaac51251c23f695441ca7a32d
Author: Viktoria Maksimova <viktoria.maksimova@intel.com>
Date:   Wed Sep 19 18:04:16 2018 +0300

    Adding generation of SPV_INTEL_media_block_io instructions

commit 7b7d6dddd98b4bacf8308552a0eadab3ae4b4e25
Author: Alexey Bader <alexey.bader@intel.com>
Date:   Thu Sep 27 15:14:37 2018 +0300

    Avoid double linking of LLVM/SPIR-V libraries.
    
    When llvm-spirv is built out of LLVM tree there might be two cases:
    - SPIR-V library linked statically. This this case linker and loader are
      able to handle LLVM symbols correctly.
    - SPIR-V library linked dynamically. LLVM_LINK_COMPONENTS is ignored as
      all LLVM components is supposed to be linked into libLLVM.so and we
      should explicitly link with SPIR-V library.
    
    If we build llvm-spirv tool in LLVM tree explicit link with SPIR-V
    library might lead to multiple symbol definition (e.g. SPIR-V library
    linked with libLLVM.so as LLVM component and with llmv-spirv tool via
    explicit target_link_library command).

commit 831ccd6a9841e610e57191edfde17ac019c4f619
Merge: 9f70c287 80744351
Author: neildhickey <nhickey1@gmail.com>
Date:   Thu Sep 20 10:27:36 2018 +0100

    Merge pull request #48 from AlexeySotkin/barrier-for-subgroup
    
    Generate OpControlBarrier for Subgroup scope for OpenCL 1.2/2.0

commit 8074435149ea9ee9db7a4980518139f1a268a8e3
Author: neildhickey <nhickey1@gmail.com>
Date:   Wed Sep 19 11:08:52 2018 +0100

    Update OpControlBarrier_cl20_subgroup.ll

commit 9f70c287722aa44b540bbd7e0a55f1f30ea766dd
Merge: bd31306c 45258c1f
Author: neildhickey <nhickey1@gmail.com>
Date:   Tue Sep 18 13:07:19 2018 +0100

    Merge pull request #50 from AlexeySotkin/mangling
    
    Align mangling rules for qualifiers with clang

commit 45258c1fedb0d69ee411f98162d488aa6ebf5099
Author: neildhickey <nhickey1@gmail.com>
Date:   Tue Sep 18 12:41:47 2018 +0100

    Update AtomicCompareExchangeExplicit_cl20.ll

commit 4c1de6170184d59369ca61fca8c4f21785bf9af2
Author: neildhickey <nhickey1@gmail.com>
Date:   Tue Sep 18 10:52:18 2018 +0100

    Update atomic_store.ll

commit 2ca1a80aa39c33a0aa7e6346a8060db3b213b25d
Author: neildhickey <nhickey1@gmail.com>
Date:   Tue Sep 18 10:48:30 2018 +0100

    Update AtomicCompareExchange_cl20.ll

commit 286b9bd4e7feaeeef6df1f32792a0aca6e314d79
Merge: 1b2453f1 bd31306c
Author: neildhickey <nhickey1@gmail.com>
Date:   Tue Sep 18 10:30:23 2018 +0100

    Merge branch 'master' into mangling

commit bd31306c2ec128bfa5373143d5cb83cdb5aac027
Merge: 1541056c 813fe215
Author: neildhickey <nhickey1@gmail.com>
Date:   Tue Sep 18 08:11:22 2018 +0100

    Merge pull request #49 from AlexeySotkin/sampler
    
    Update translation of sampler type

commit 1541056c80c790d82016deab5916ce7f559ca945
Merge: 6f818a54 715f83ec
Author: neildhickey <nhickey1@gmail.com>
Date:   Tue Sep 18 07:54:35 2018 +0100

    Merge pull request #51 from AlexeySotkin/memory_order
    
    Explicit initialization of "memory_order_*" constants in SPIRV genera…

commit 6f818a545a4f47fed63bf85b7da8623cd363edbc
Author: Kristina Bessonova <kristina.bessonova@intel.com>
Date:   Wed Apr 4 10:40:30 2018 +0300

    Update translation of pipe types and built-ins
    
    Starting from version 3.8 clang generates unmangled names for pipe built-ins.
    Plus reflect changes in LLVM IR introduced by https://reviews.llvm.org/D46015.
    There are two separate types for read only and write only pipes:
    opencl.pipe_ro_t and opencl.pipe_wo_t instead of opencl.pipe_t.
    
    Changes:
    * Update SPIRVWriter to consume LLVM IR with non-mangled pipe built-ins.
    
    * Align SPIRV Translator to consume and produce new pipe types. Old ones are no
    longer supported.
    
    * Change translation flow to not to convert new pipe types to
    spirv-friendly format (like spirv.Pipe._0 or spirv.Pipe._1) before translation.
    Spirv-friendly format for pipes is still supported for consuming or producing.

commit 7e3cec28aef2bc10d18c609b3848b7726bb424ad
Author: Viktoria Maksimova <viktoria.maksimova@intel.com>
Date:   Tue Sep 4 15:46:02 2018 +0300

    Fix lit tests for Travis CI builds
    
    Removed LIT_SITE_CFG_IN_FOOTER as in llvm repo as in llvm
    https://reviews.llvm.org/D51357

commit f184ab0e152696177294bfe53dfac7482234d445
Author: Alexey Sotkin <alexey.sotkin@intel.com>
Date:   Thu Aug 30 17:06:26 2018 +0300

    Fix return type of OpVectorInsertDynamic (#52)

commit 11a70b1b5033608347e6b17e57ae76acc01d3ec8
Author: Alexey Sotkin <alexey.sotkin@intel.com>
Date:   Thu Aug 30 17:02:37 2018 +0300

    [NFC] Refactoring to fix issues found by a static analysis tool. (#53)
    
    * Adding asserts to prevent possible dereference of a null pointer
    * Adding return statements after llvm_unreachable

commit 7fb1a7ba0315382fcb13209584c068c6978e0367
Author: Kristina Bessonova <kristina.bessonova@intel.com>
Date:   Wed May 30 09:57:10 2018 +0300

    Fix translation of device execution built-ins
    
    * Change SPIR-V Writer/Reader to consume/produce LLVM IR with blocks and
    device side enqueue built-ins as it is produced by clang
    * Improve function pointers removal related to OpenCL 2.0 blocks
    * Improve tests
    * Fix translation of literal structs

commit 050ece23661b8fd3f23c7460dba1cb7808108506
Author: Alexey Bader <alexey.bader@intel.com>
Date:   Mon Aug 27 11:51:11 2018 +0300

    Update LLVM version: 7 -> 8. (#56)

commit 715f83ec718a90c3ca636726cf45339d96b55533
Author: Mikhail V Nazarov <mikhail.v.nazarov@intel.com>
Date:   Fri Jul 27 16:13:15 2018 +0200

    Explicit initialization of "memory_order_*" constants in SPIRV generator.
    
    Instead of default enum initialization of "memory_order_*" constants
    in SPIRV generator I declared them with specific values. It makes
    declaration of these constants in SPIRV generator consistent with
    corresponding constants produced by Clang avoiding any inconsistence.

commit 813fe2155638ec730f5f52f796d2a451eb5b1729
Author: Kristina Bessonova <kristina.bessonova@intel.com>
Date:   Wed Apr 18 15:55:10 2018 +0300

    Fix translation of ConstantSampler with 0 value
    
    A sampler initialized with 0 value is introduced by
    cl_intel_device_side_avc_motion_estimation extension.

commit 1b2453f11dd73c9fbf09e9788578a86ad916689a
Author: Evgeniy Tyurin <evgeniy.tyurin@intel.com>
Date:   Thu Jul 5 23:40:01 2018 +0300

    Align mangling rules for qualifiers with clang
    
    The patch changes mangling rules for types with qualifiers from SPIR1.2
    to the latest version of Itanium mangling used in clang, which includes
    * change in order of qualifiers: first mangles address space, then
      CVR-qualifiers,
    * change in substitution rules: private address space is mangled to an
      empty string, but pointee type + private address space is supposed to
      be a substitutable entity even private address space is the only
      qualifier the pointer type has.

commit 95a0ce8323ee4474141fca1b3106f1f330e8eb83
Author: Alexey Sotkin <alexey.sotkin@intel.com>
Date:   Thu Mar 29 18:21:49 2018 +0300

    Update translation of sampler type
    
    Fix translation of sampler initialization function
    Update test for sampled image with the current version of LLVM IR

commit cc93bc44598a50d38c8d92b3c36d00ed75e532d5
Author: Kristina Bessonova <kristina.bessonova@intel.com>
Date:   Tue Mar 27 11:10:46 2018 +0300

    Generate OpControlBarrier for Subgroup scope for OpenCL 1.2/2.0
    
    'cl_intel_subgroup' extension allows to use sub_group_barrier() built-in
    with OpenCL 1.2/2.0. It requires to translate this built-in to
    reqular (core) SPIR-V instruction OpControlBarrier.
    
    Note: currently clag generates nothing representing vendor extensions
    like 'cl_intel_subgroup'. So, SPIR-V translator doesn't check that the
    extensions was enabled. It assumes that if a built-in or a type which
    belong to one of supported extension used in the IR, this extensions is
    enabled.

commit 92fc08ae7651ce2ad9abff616da6c69fedc770cb
Author: Kristina Bessonova <kristina.bessonova@intel.com>
Date:   Tue Mar 13 13:58:19 2018 +0300

    Fix llvm to spirv translation for image types
    
    Image type may be represented in llvm IR in two forms:
    - OpenCL form, for example, '%opencl.image2d_ro_t',
    - SPIRV form, for example, '%spirv.Image._void_1_0_0_0_0_0_0',
    but in both cases it is the same image type and it should be mapped to
    one SPIR-V type.

commit 4e598ffab98803a8bfd3ac4748cb8099dd94b846
Merge: 6cbb042c 9ed494ae
Author: neildhickey <nhickey1@gmail.com>
Date:   Tue Aug 14 11:23:29 2018 +0100

    Merge pull request #42 from AlexeySotkin/master
    
    Adding branches strategy to README.md

commit 9ed494ae047b3525d6c4860c1fd03c49b288cb6b
Author: Alexey Sotkin <alexey.sotkin@intel.com>
Date:   Tue Aug 7 17:03:45 2018 +0300

    Adding branching strategy to README.md

commit 6cbb042cd545dbc3b66757c6d309af8420eb3213
Author: Alexey Sotkin <alexey.sotkin@intel.com>
Date:   Wed Apr 4 19:05:31 2018 +0300

    Renaming SPIRVLowerOCLBlocks pass to SPIRVLowerSPIRBlocks

commit c777c7866b2dee9956f19edae0c209b61e9e850e
Author: Neil Hickey <neil.hickey@arm.com>
Date:   Mon Aug 6 16:25:57 2018 +0100

    Fixing travis build after changes to dynamic linking introduced in upstream LLVM.
    
    https://reviews.llvm.org/D49843 [CMake] Followup for r337366: Only export LLVM_LINK_LLVM_DYLIB if it's set to ON

commit 44b4c35d82ec4476d737d48bc5ab9accdeffad85
Author: Alexey Sotkin <alexey.sotkin@intel.com>
Date:   Fri Jul 13 12:45:37 2018 +0300

    Update tests after changes in the FileCheck tool
    
    This is to reflect changes introduced in https://reviews.llvm.org/D47106
    [FileCheck] Make CHECK-DAG non-overlapping
    
    Now CHECK-DAG skips repeating matches by default. We have such cases when we
    check kernel_arg_type and kernel_arg_base_type with CHECK-DAG and they happen
    to be the same.

commit de4735a1cb51e0e808f196e8a198f974791e93a9
Author: linqun <linqunzju@hotmail.com>
Date:   Mon Jul 9 10:41:52 2018 +0800

    Add test right_shift.spt

commit 1a4557d1e48ae1e160a2c194995c03bd0210f8bb
Author: linqun <linqunzju@hotmail.com>
Date:   Thu Jul 5 13:52:58 2018 +0800

    Remove transFlags in SPIRVToLLVM
    
    transFlags sets the "exact" flag in LLVM-IR for AShr and LShr
    instructions. This is in fact incorrect as this means that LLVM will do some
    optimisations that are potentially illegal.
    
    Setting the exact flag says that there are no set bits in the bits being shifted
    off the end during the shift - and thus shift combining is safe to do.
    
    In a situation like this ((X >> 5) << 2) it will be transformed into (X >> 3)
    which is incorrect as the 2 LSBs may contain set bits.
    
    This change is ported from AMDVLK

commit 4fb591838400b42c761229cacb327d0d482cd893
Author: Pierre Moreau <dev@pmoreau.org>
Date:   Sat Jun 9 16:38:08 2018 +0200

    Do not error out when clang-tidy had no relevant inputs
    
    Fixes: 72d4a32 ("Run clang-tidy on the codebase")

commit 515bed1bf03b2d9782eb3883a27f1c576fd1f4ed
Author: Vladimir Lazarev <vladimir.lazarev@intel.com>
Date:   Fri Jun 29 05:04:20 2018 +0300

    Added option which disables translation of 'dereferenceable' LLVM attribute to SPIR-V.

commit 72d4a32009a5297895ea03cfd4339128039b5669
Author: Pierre Moreau <dev@pmoreau.org>
Date:   Thu Apr 26 18:41:23 2018 +0200

    Run clang-tidy on the codebase

commit 06888bdfcbe8501d2c894021901355dbadddc9a1
Author: Pierre Moreau <dev@pmoreau.org>
Date:   Thu Apr 26 17:01:01 2018 +0200

    Run clang-format from Travis on modified files

commit ebc2625f1df6c873ad16fad8f8cc65689b5071f4
Author: Alexey Sotkin <alexey.sotkin@intel.com>
Date:   Fri May 25 10:28:25 2018 +0300

    Rename DEBUG macro to LLVM_DEBUG.

commit 3b312fa3cf22997abff4419ba410b2fd243ed7bd
Author: Alexey Sotkin <alexey.sotkin@intel.com>
Date:   Tue May 15 12:10:37 2018 +0300

    Adding build instructions to README.md

commit 76e2aa33f3e4e5be50ef32ab4add858c2926b0ff
Author: Alexey Sotkin <alexey.sotkin@intel.com>
Date:   Tue May 8 18:31:53 2018 +0300

    Allow to build LLVMSPIRV lib as static library

commit 05aa9959aa583c6851b4b000c0e380f5a568d9d3
Author: Pierre Moreau <dev@pmoreau.org>
Date:   Thu Apr 26 16:17:35 2018 +0200

    Rename the installed header and install it in a prefix
    
    Also, the version was bumped to 0.2.1 (from 0.2.0) due to the changes.
    
    Fix: https://github.com/KhronosGroup/SPIRV-LLVM-Translator/issues/15

commit b5346d8645a6a111eb07d26b53f3345636faef9c
Author: Pierre Moreau <dev@pmoreau.org>
Date:   Tue Apr 17 21:11:51 2018 +0200

    Rename all variables and functions to match LLVM guidelines
    
    The project version was also changed as the entrypoints to the library
    have been modified.
    
    Command used:
        /usr/share/clang/run-clang-tidy.py -header-filter "(./include/SPIRV.h|./lib/SPIRV/Mangler/FunctionDescriptor.h|./lib/SPIRV/Mangler/ManglingUtils.h|./lib/SPIRV/Mangler/NameMangleAPI.h|./lib/SPIRV/Mangler/ParameterType.h|./lib/SPIRV/Mangler/Refcount.h|./lib/SPIRV/libSPIRV/libSPIRV.h|./lib/SPIRV/libSPIRV/SPIRVBasicBlock.h|./lib/SPIRV/libSPIRV/SPIRVDebug.h|./lib/SPIRV/libSPIRV/SPIRVDecorate.h|./lib/SPIRV/libSPIRV/SPIRVEntry.h|./lib/SPIRV/libSPIRV/SPIRVEnum.h|./lib/SPIRV/libSPIRV/SPIRVError.h|./lib/SPIRV/libSPIRV/SPIRVErrorEnum.h|./lib/SPIRV/libSPIRV/SPIRVExtInst.h|./lib/SPIRV/libSPIRV/SPIRVFunction.h|./lib/SPIRV/libSPIRV/SPIRVInstruction.h|./lib/SPIRV/libSPIRV/SPIRVIsValidEnum.h|./lib/SPIRV/libSPIRV/SPIRVModule.h|./lib/SPIRV/libSPIRV/SPIRVNameMapEnum.h|./lib/SPIRV/libSPIRV/SPIRVOpCode.h|./lib/SPIRV/libSPIRV/SPIRVOpCodeEnum.h|./lib/SPIRV/libSPIRV/SPIRVStream.h|./lib/SPIRV/libSPIRV/SPIRVType.h|./lib/SPIRV/libSPIRV/SPIRVUtil.h|./lib/SPIRV/libSPIRV/SPIRVValue.h|./lib/SPIRV/runtime/OpenCL/inc/spirv.h|./lib/SPIRV/runtime/OpenCL/inc/spirv_convert.h|./lib/SPIRV/OCLUtil.h|./lib/SPIRV/OCLTypeToSPIRV.h|./lib/SPIRV/SPIRVInternal.h|./lib/SPIRV/SPIRVMDBuilder.h|./lib/SPIRV/SPIRVMDWalker.h|./lib/SPIRV/SPIRVWriterPass.h)" -checks="-*,readability-identifier-naming" `find . -iname "*.cpp"`
    
    Manual edits:
    * lib/SPIRV/Mangler/FunctionDescriptor.cpp
    * lib/SPIRV/libSPIRV/SPIRVEntry.h
    * lib/SPIRV/libSPIRV/SPIRVDecorate.h
    * lib/SPIRV/libSPIRV/SPIRVValue.h
    * lib/SPIRV/libSPIRV/SPIRVStream.h
    * lib/SPIRV/libSPIRV/SPIRVInstruction.h
    * lib/SPIRV/Mangler/ParameterType.cpp
    * lib/SPIRV/Mangler/Mangler.cpp
    * lib/SPIRV/OCL20ToSPIRV.cpp
    * lib/SPIRV/Mangler/ParameterType.h
    * lib/SPIRV/SPIRVLowerOCLBlocks.cpp
    * lib/SPIRV/SPIRVUtil.cpp
    * lib/SPIRV/Mangler/Refcount.h

commit a8d032140fe6deac00c37c6d069e4dee9f0bba3c
Author: Pierre Moreau <dev@pmoreau.org>
Date:   Tue Apr 17 18:41:46 2018 +0200

    Manually remove “m_” prefix used on some class attributes
    
    clang-tidy does not properly remove when run, so let’s remove it before
    running clang-tidy.
    
    Command used: sed -i -e 's/\<m_\([a-zA-Z0-9_]\+\)\>/\u\1/g' `find . -iname "*.cpp"` `find . -iname "*.h"`

commit 24bf6ffe25759cf4a14cbee902ee0ddd43dff589
Author: Pierre Moreau <dev@pmoreau.org>
Date:   Tue Apr 17 18:34:34 2018 +0200

    Rename RefCount::m_refCount to Count
    
    m_refCount does not follow LLVM’s naming guidelines as it uses the “m_”
    prefix and does not start with a capital letter. Removing the prefix and
    changing the first letter to be a capital letter would result in
    “RefCount” which is the class name and causes compilation issues. Hence
    why the rename to “Count”.
    
    Command used: sed -i 's/m_refCount/Count/g' `find . -iname "*.cpp"` `find . -iname "*.h"`

commit ab08aa8849abab7f9d8d942f98b2512a2585a64e
Author: Pierre Moreau <dev@pmoreau.org>
Date:   Tue Apr 17 18:21:34 2018 +0200

    Convert integers to string before adding to string
    
    Adding an integer to a string literal does not append it to the string.

commit ba678a23baf4f8d33ac10258013b16acdc8d3c96
Author: Pierre Moreau <dev@pmoreau.org>
Date:   Tue Apr 17 18:13:15 2018 +0200

    Run clang-tidy without the readability-identifier-naming enabled
    
    Command used:
        /usr/share/clang/run-clang-tidy.py -fix -format -header-filter "(./include/SPIRV.h|./lib/SPIRV/Mangler/FunctionDescriptor.h|./lib/SPIRV/Mangler/ManglingUtils.h|./lib/SPIRV/Mangler/NameMangleAPI.h|./lib/SPIRV/Mangler/ParameterType.h|./lib/SPIRV/Mangler/Refcount.h|./lib/SPIRV/libSPIRV/libSPIRV.h|./lib/SPIRV/libSPIRV/SPIRVBasicBlock.h|./lib/SPIRV/libSPIRV/SPIRVDebug.h|./lib/SPIRV/libSPIRV/SPIRVDecorate.h|./lib/SPIRV/libSPIRV/SPIRVEntry.h|./lib/SPIRV/libSPIRV/SPIRVEnum.h|./lib/SPIRV/libSPIRV/SPIRVError.h|./lib/SPIRV/libSPIRV/SPIRVErrorEnum.h|./lib/SPIRV/libSPIRV/SPIRVExtInst.h|./lib/SPIRV/libSPIRV/SPIRVFunction.h|./lib/SPIRV/libSPIRV/SPIRVInstruction.h|./lib/SPIRV/libSPIRV/SPIRVIsValidEnum.h|./lib/SPIRV/libSPIRV/SPIRVModule.h|./lib/SPIRV/libSPIRV/SPIRVNameMapEnum.h|./lib/SPIRV/libSPIRV/SPIRVOpCode.h|./lib/SPIRV/libSPIRV/SPIRVOpCodeEnum.h|./lib/SPIRV/libSPIRV/SPIRVStream.h|./lib/SPIRV/libSPIRV/SPIRVType.h|./lib/SPIRV/libSPIRV/SPIRVUtil.h|./lib/SPIRV/libSPIRV/SPIRVValue.h|./lib/SPIRV/runtime/OpenCL/inc/spirv.h|./lib/SPIRV/runtime/OpenCL/inc/spirv_convert.h|./lib/SPIRV/OCLUtil.h|./lib/SPIRV/OCLTypeToSPIRV.h|./lib/SPIRV/SPIRVInternal.h|./lib/SPIRV/SPIRVMDBuilder.h|./lib/SPIRV/SPIRVMDWalker.h|./lib/SPIRV/SPIRVWriterPass.h)" -checks="-*,clang-diagnostic-*,llvm-*,misc-*,-misc-unused-parameters" `find . -iname "*.cpp"`
    
    Manual edits:
    * lib/SPIRV/libSPIRV/SPIRVStream.h: remove parentheses around `Type` on
      line 178;
    * lib/SPIRV/libSPIRV/SPIRVStream.cpp: remove parentheses around `Type`
      on line 123
    * lib/SPIRV/libSPIRV/SPIRVOpCodeEnum.h: remove added header guard

commit 5fb8a94023aaa7fbd76dee0c2cf7cfb18d1d1558
Author: Pierre Moreau <dev@pmoreau.org>
Date:   Tue Apr 17 18:04:55 2018 +0200

    Remove unneeded semi-colon for TypeVisitor constructor

commit 20e99e26e38da8a00eb1b240bc476ae4bd500a35
Author: Pierre Moreau <dev@pmoreau.org>
Date:   Tue Apr 17 18:04:17 2018 +0200

    Add a virtual destructor to TypeVisitor, as it has virtual functions

commit 13bf4ce94f2d92debcd31253c52fc02e940798ad
Author: Pierre Moreau <dev@pmoreau.org>
Date:   Tue Apr 17 18:01:32 2018 +0200

    Add missing “override” keywords in SPIRVEntry.h

commit 24ff9c0f0129c86339d273ba14ba3d9045d4b518
Author: Pierre Moreau <dev@pmoreau.org>
Date:   Tue Apr 17 17:58:36 2018 +0200

    Use clang-tidy to add missing “override” keywords
    
    Command used:
        /usr/share/clang/run-clang-tidy.py -fix -format -header-filter "(./include/SPIRV.h|./lib/SPIRV/Mangler/FunctionDescriptor.h|./lib/SPIRV/Mangler/ManglingUtils.h|./lib/SPIRV/Mangler/NameMangleAPI.h|./lib/SPIRV/Mangler/ParameterType.h|./lib/SPIRV/Mangler/Refcount.h|./lib/SPIRV/libSPIRV/libSPIRV.h|./lib/SPIRV/libSPIRV/SPIRVBasicBlock.h|./lib/SPIRV/libSPIRV/SPIRVDebug.h|./lib/SPIRV/libSPIRV/SPIRVDecorate.h|./lib/SPIRV/libSPIRV/SPIRVEntry.h|./lib/SPIRV/libSPIRV/SPIRVEnum.h|./lib/SPIRV/libSPIRV/SPIRVError.h|./lib/SPIRV/libSPIRV/SPIRVErrorEnum.h|./lib/SPIRV/libSPIRV/SPIRVExtInst.h|./lib/SPIRV/libSPIRV/SPIRVFunction.h|./lib/SPIRV/libSPIRV/SPIRVInstruction.h|./lib/SPIRV/libSPIRV/SPIRVIsValidEnum.h|./lib/SPIRV/libSPIRV/SPIRVModule.h|./lib/SPIRV/libSPIRV/SPIRVNameMapEnum.h|./lib/SPIRV/libSPIRV/SPIRVOpCode.h|./lib/SPIRV/libSPIRV/SPIRVOpCodeEnum.h|./lib/SPIRV/libSPIRV/SPIRVStream.h|./lib/SPIRV/libSPIRV/SPIRVType.h|./lib/SPIRV/libSPIRV/SPIRVUtil.h|./lib/SPIRV/libSPIRV/SPIRVValue.h|./lib/SPIRV/runtime/OpenCL/inc/spirv.h|./lib/SPIRV/runtime/OpenCL/inc/spirv_convert.h|./lib/SPIRV/OCLUtil.h|./lib/SPIRV/OCLTypeToSPIRV.h|./lib/SPIRV/SPIRVInternal.h|./lib/SPIRV/SPIRVMDBuilder.h|./lib/SPIRV/SPIRVMDWalker.h|./lib/SPIRV/SPIRVWriterPass.h)" -checks="-*,modernize-use-override" `find . -iname "*.cpp"`

commit aaa052985c2f0b2e44fe20ab7ff6b7e295b61907
Author: Pierre Moreau <dev@pmoreau.org>
Date:   Fri Apr 13 18:37:50 2018 +0200

    Reformat all .cpp and .h files using clang-format
    
    Commands run:
    * clang-format -i `find . -iname "*.cpp"`
    * clang-format -i `find . -iname "*.h"`
    
    Files manually reverted:
    * lib/SPIRV/libSPIRV/OpenCL.std.h
    * lib/SPIRV/runtime/OpenCL/inc/spirv.h
    * lib/SPIRV/runtime/OpenCL/inc/spirv_convert.h
    
    Files manually edited (to fix their first line):
    * lib/SPIRV/OCL20ToSPIRV.cpp
    * lib/SPIRV/OCL21ToSPIRV.cpp
    * lib/SPIRV/SPIRVInternal.h
    * lib/SPIRV/SPIRVLowerBool.cpp
    * lib/SPIRV/SPIRVLowerMemmove.cpp
    * lib/SPIRV/SPIRVToOCL20.cpp
    * lib/SPIRV/libSPIRV/SPIRVBasicBlock.cpp
    * lib/SPIRV/libSPIRV/SPIRVBasicBlock.h
    * lib/SPIRV/libSPIRV/SPIRVDebug.cpp
    * lib/SPIRV/libSPIRV/SPIRVDebug.h
    * lib/SPIRV/libSPIRV/SPIRVDecorate.cpp
    * lib/SPIRV/libSPIRV/SPIRVDecorate.h
    * lib/SPIRV/libSPIRV/SPIRVEntry.cpp
    * lib/SPIRV/libSPIRV/SPIRVEntry.h
    * lib/SPIRV/libSPIRV/SPIRVError.h
    * lib/SPIRV/libSPIRV/SPIRVExtInst.h (also added missing include to
      SPIRVEnum.h)
    * lib/SPIRV/libSPIRV/SPIRVFunction.cpp
    * lib/SPIRV/libSPIRV/SPIRVFunction.h
    * lib/SPIRV/libSPIRV/SPIRVInstruction.cpp
    * lib/SPIRV/libSPIRV/SPIRVInstruction.h
    * lib/SPIRV/libSPIRV/SPIRVModule.cpp
    * lib/SPIRV/libSPIRV/SPIRVModule.h
    * lib/SPIRV/libSPIRV/SPIRVStream.cpp
    * lib/SPIRV/libSPIRV/SPIRVStream.h
    * lib/SPIRV/libSPIRV/SPIRVType.cpp
    * lib/SPIRV/libSPIRV/SPIRVUtil.h
    * lib/SPIRV/libSPIRV/SPIRVValue.cpp
    * lib/SPIRV/libSPIRV/SPIRVValue.h

commit 04d74bf05bb1c16f50cfb6cbdd18d0effbfcf7c3
Author: Pierre Moreau <dev@pmoreau.org>
Date:   Fri Apr 13 17:57:52 2018 +0200

    Use LLVM’s own clang-tidy configuration file

commit d1c02b3954cfdeaca99c0b5d17ce55f02c94e792
Author: Pierre Moreau <dev@pmoreau.org>
Date:   Fri Apr 13 17:38:55 2018 +0200

    Change all line endings to UNIX-style
    
    The code was currently using a mix of DOS-style and UNIX-style; LLVM
    itself uses UNIX-style.
    
    Commands used:
    * dos2unix `find include -iname "*"`
    * dos2unix `find lib -iname "*"`
    * dos2unix `find test -iname "*"`
    * dos2unix `find tools -iname "*"`

commit 01dddd07c475bcbb24a11931c649384c904e82d8
Author: Pierre Moreau <dev@pmoreau.org>
Date:   Wed Apr 18 22:48:45 2018 +0200

    Always define LLVM_SPIRV_VERSION
    
    Currently, LLVM_SPIRV_VERSION is not defined when building in-tree,
    resulting in the pkgconfig file having an empty version.
    
    Fixes: 7b8cc990 ("cmake: rework to be able to build outside LLVM")

commit 4d2a651dff80cb1bf593606ad628d22c58cee12a
Author: Karol Herbst <kherbst@redhat.com>
Date:   Tue Apr 10 23:38:45 2018 +0200

    travis: make it build again
    
    v2: add -j2 to make

commit 7b8cc990eff226d1e8085ba88fd0f4ae9e62c6b0
Author: Karol Herbst <kherbst@redhat.com>
Date:   Tue Apr 10 23:36:11 2018 +0200

    cmake: rework to be able to build outside LLVM
    
    v2: convert to lower case

commit e367854522b56ff56a8793b11c52a7b6d5949435
Author: Alexey Sotkin <alexey.sotkin@intel.com>
Date:   Thu Apr 12 18:21:24 2018 +0300

    Update README.md

commit 622f3ae9b48dd18e5142c204de23dfe83f7e8497
Author: Alexey Sotkin <alexey.sotkin@intel.com>
Date:   Sat Apr 7 10:23:59 2018 +0300

    Update SPIR-V/LLVM Translator to use new MemIntrinsics API
    
    Fixes #1

commit cc3e0f0b690ec774a0522d22b7ceaf2a3702566b
Author: Alexey Sotkin <alexey.sotkin@intel.com>
Date:   Tue Mar 6 19:17:47 2018 +0300

    Upgrade SPIRV translator from LLVM 4.0 to the curent SVN revision 327279
    
    Change-Id: I10dc4476c2851a54434a47406fff0840da0b9951

commit 5d0e2816c2649937ad731f7b72d04311e7fa2e65
Author: Alexey Sotkin <alexey.sotkin@intel.com>
Date:   Mon Jul 10 17:39:01 2017 +0300

    Upgrade SPIRV translator from LLVM 3.8 to LLVM 4.0
    
    Change-Id: I28e88c5b38463e14a4af4fc0e49e8b95c8debef0

commit 223c78694394a61819ebc3e9b834dd8a38ec8678
Author: Alexey Sotkin <alexey.sotkin@intel.com>
Date:   Mon Mar 5 11:55:34 2018 +0300

    Upgrade SPIRV translator from LLVM 3.6 to LLVM 3.8
    
    Change-Id: I97247b6472ff75ea83e12a485e06809ad2d2061c

commit 0f1efec411c52d4757b025a69295cee066e356af
Author: Alexey Sotkin <alexey.sotkin@intel.com>
Date:   Tue Apr 3 17:00:46 2018 +0300

    Reorganizing the SPIR-V/LLVM Translator tree
    
    Before this commit the SPIR-V/LLVM Translator was part of the LLVM tree.
    The history has been rewritten before this commit, so everything not related to
    SPIR-V was removed with git filter-branch. Some directories were moved around to
    be in accordance with http://llvm.org/docs/Projects.html#source-tree-layout
    Also adding CMakeLists.txt and LIT config files.

commit d3f156ca58143ddb82c6c36d209ea2c2873d5996
Author: Jurek, Pawel <pawel.jurek@intel.com>
Date:   Mon Mar 26 12:45:56 2018 +0200

    Fix for intel_sub_group_block_read with short type.
    
    With previous code, when intel_sub_group_block_read_us scalar function
    was being used, we generated __builtin_spirv_intel_sub_group_block_read_p1i16
    built-in name. For naming consistency with OpenCL functions, it should have the "us" included, i.e.
    __builtin_spirv_intel_sub_group_block_read_us_p1i16

commit d3e430612b3df6223797797a5abbb599e039f47e
Merge: 047dd60d c30c6c10
Author: Alexey Sotkin <alexey.sotkin@intel.com>
Date:   Mon Mar 19 12:16:59 2018 +0300

    Merge pull request #233 from PawelJurek/memleaks
    
    Fixes for memory leaks in SPIR-V library.

commit c30c6c1034fcf3ca0ee070eec77db6433c672c3c
Author: Jurek, Pawel <pawel.jurek@intel.com>
Date:   Thu Mar 15 15:57:08 2018 +0100

    Fixes for memory leaks in SPIR-V library.
    
    In few places in the SPIR-V library a pattern of
    “dropAllReferences + removeFromParent” calls was used on values like
    functions and instructions, that were not meant to be reused.
    These lead to memory leaks, as these functions do not destruct the objects.
    The fix is to use “eraseFromParent” instead.
    SPIRVDecorate objects were also not deallocated, as they were not added
    to owning module’s SPIRVEntry list.
    The fix is to add them, as all other similar entries,
    e.g. SPIRVDecorationGroup.

commit 047dd60dd7dbf652c2af08f2cdaac1dbb01e15d2
Author: Ben Ashbaugh <ben.ashbaugh@intel.com>
Date:   Thu Mar 1 02:08:52 2018 -0800

    add the Vector16 capability for both vec8 and vec16 types (#229)
    
    * add the Vector16 capability for both vec8 and vec16 types
    
    * added test to verify Vector16 capability is added for vectors with eight elements

commit 2bb7e2eaafef38229e21a10b4da9050dae194492
Author: Alexey Sotkin <alexey.sotkin@intel.com>
Date:   Tue Feb 6 22:08:41 2018 +0300

    [SPIRV] Fix capabilities for Atomic instructions (#227)

commit d526f83cce796953e06f35c9be7f769bf44b1065
Merge: 4dd2f1c5 252037c9
Author: Alexey Sotkin <alexey.sotkin@intel.com>
Date:   Tue Jan 9 17:10:30 2018 +0300

    Merge pull request #226 from AlexeySotkin/SPV_INTEL_subgroups
    
    LLVM SPIR-V changes for SPV_INTEL_subgroups

commit 252037c9100c2a72444907819418bc663422be8f
Author: bashbaug <ben.ashbaugh@intel.com>
Date:   Thu Jun 22 10:46:21 2017 -0700

    LLVM SPIR-V changes for SPV_INTEL_subgroups

commit 4dd2f1c54e0f9fede0a99f09f5e5728ec8e80aac
Author: romanovvlad <vlad.romanov@intel.com>
Date:   Thu Oct 26 19:05:46 2017 +0300

    Added info how to run SPIRV tests. (#225)

commit 95f9b420b7e6f821c9c066f0b6bb614a7af998ab
Author: Lifeng Pan <lifeng.pan@amd.com>
Date:   Tue Oct 24 18:55:44 2017 +0800

    Decoder.getEntry() may returns NULL (#224)
    
    * Decoder.getEntry() may returns NULL
    
    This happens when SPIR-V binary contains useless word which does not belong to
    any instruction. Its high 16-bit is 0, and the decoder discards it.
    
    * Decoder.getEntry() may returns NULL
    
    Add a test which contains 2 useless words.
    
    * Use nullptr instead of NULL
    
    test/SPIRV/useless_word.spt -> test/SPIRV/redundant_word.spt

commit dccb034abd065ad290efe77b937756241a4d21ea
Author: Lifeng Pan <lifeng.pan@amd.com>
Date:   Wed Oct 18 22:39:41 2017 +0800

    ~SPIRVModuleImpl() crashes when delete id entries (#223)
    
    A forwarded entry has 2 duplicate elements in "IdEntryMap", one element is
    at map slot of old id, and another is at forward id.

commit ff73dcecd60b153d8b53bb31804c9e19aa2b023c
Author: Lifeng Pan <lifeng.pan@amd.com>
Date:   Tue Oct 17 22:03:25 2017 +0800

    ~SPIRVModuleImpl() crashes when delete no-id entries (#222)
    
    * ~SPIRVModuleImpl() crashes when delete no-id entries
    
    It crashes because it tries to delete some no-id entry (OpStore) twice, which is
    pushed into vector "EntryNoId" twice.
    
    Do not add entries of SPIRVBasicBlock and SPIRVInstruction into Module when call
    Decoder.getEntry(). They will be added at addBasicBlock() and addInstruction().
    
    * ~SPIRVModuleImpl() crashes when delete no-id entries
    
    No-id entries of OpGroupDecorate and OpGroupMemberDecorate are pushed into vector
    "EntryNoId" twice. See SPIRVGroupDecorateGeneric::decode(std::istream &I).
    No-id entry of OpLine will be deleted by std::shared_ptr automatically.
    
    * ~SPIRVModuleImpl() crashes when delete no-id entries
    
    Use type std::set for "EntryNoId" to avoid duplicate elements.The elements
    in std:set are sorted by memory pointer, not by creation order. An entry of
    OpLine (A) can be deleted because of deletion of another entry (B) which refers
    to A. If A is placed after B, it will try to access invalid A when it frees
    "EntryNoId". Therefore, not insert entry of OpLine to "EntryNoId", and it will
    be deleted by std::shared_ptr automatically.

commit 1bd038ed05657f4eda724786c2e7b65d4ebff827
Author: Lifeng Pan <lifeng.pan@amd.com>
Date:   Wed Aug 16 18:28:35 2017 +0800

    Fix typo in an assert message (#220)
    
    * Fix typo in an assert message and get rid of build warnings.
    
    Value of size_t type is always >= 0; Use explicit conversion from uint64_t to unsigned.

commit 5dd5096dfac2fa5adceae6bfee6d27671fec2eef
Author: Alexey Sotkin <alexey.sotkin@intel.com>
Date:   Thu Jul 13 19:34:07 2017 +0300

    Insert bitcast during translation of llvm.memset (#219)
    
    This commit supplements 94ed068c81cac48eed41e8851115520949664e2c
    "Changing translation of llvm.memset intrinsic (#217)"
    
    With arguments bitcasted to i8* OpCopyMemorySized can be correctly
    translated to llvm.memcpy, i.e.
    llvm.memcpy.p0i8.p0i8.i32(i8*, i8*, ...) instead of
    llvm.memcpy.p0i8.p0i8.i32(i8*, [n x i8]*, ...)

commit ec2026af3091333bef812957109e6217af4ba94a
Author: doe300 <doe300@users.noreply.github.com>
Date:   Thu Jun 29 20:38:40 2017 +0200

    Squashed the lower-memmove pass (#209)

commit f8b02714c896d992541190b3ef0f08273e1ea92f
Author: Alexey Sotkin <alexey.sotkin@intel.com>
Date:   Thu May 25 17:21:59 2017 +0300

    Changing translation of llvm.memset intrinsic (#217)
    
    In most cases llvm.memset is emitted by Clang to do zero-initialization
    in default constructors. With this commit this case is handled as followed:
    1. Create global variable initialized by a null constant array. Type of
       array's element is i8, length of the array is `len` operand of the
       llvm.memset intrinsic.
    2. Copy the array to the target by OpCopyMemorySized, keeping alignment and
       isvolatile arguments.
    Translation from SPIR-V to LLVM is updated as well.
    Fixes #203

commit cb7751bd34fa30691abfe9df7696da3dd88034c0
Author: Abel Bernabeu <abel.bernabeu@gmail.com>
Date:   Wed May 3 19:01:28 2017 +0100

    Fixed a warning (#211)

commit b4840c3be301e757ed6f77f298781397018a62a9
Author: Alexey Bader <alexey.bader@intel.com>
Date:   Tue Apr 25 14:37:54 2017 +0300

    [NFC] Move SPIR-V specific test to test/SPIRV directory.

commit a430c8e4a8193ef1ef5979bf0bac82b033297fa4
Author: Alexey Sotkin <alexey.sotkin@intel.com>
Date:   Fri Dec 2 18:41:02 2016 +0300

    Add declaration of Int8 capability (#198)

commit 1772ae0a8517ac1d9df6790fdb622514d9244247
Author: kkyzylov <ksenia.kyzylova@intel.com>
Date:   Mon Nov 14 11:54:28 2016 +0300

    Revert "Change ordering of blocks as required by SPIRV Spec (#195)" (#197)
    
    This reverts commit 53688bd35ed4c279ec93b7229e3b741b7ab98b2c.

commit b042d2d26a27a3715988c9829f628eaa416aba62
Author: kkyzylov <ksenia.kyzylova@intel.com>
Date:   Thu Nov 10 18:37:55 2016 +0300

    Change ordering of blocks as required by SPIRV Spec (#195)

commit 509c3cd5ab50fad5402c631ea437aea55e882e05
Author: kkyzylov <ksenia.kyzylova@intel.com>
Date:   Fri Nov 4 20:37:35 2016 +0300

    Fix fox OpenCL C++ built-ins translation (#196)

commit fdf62322cd2bb30c051d128c8dc5797771578128
Author: Egor Churaev <echuraev@users.noreply.github.com>
Date:   Thu Oct 20 00:21:52 2016 +0300

    Implemented method for mapping function arguments without metadata. (#194)

commit 04cadadc09de600daacc57c1b332005d8e4478ed
Author: kkyzylov <ksenia.kyzylova@intel.com>
Date:   Thu Oct 20 00:11:28 2016 +0300

    Default access qualifier for OpTypeImage (#193)

commit 9fa297ba488462588a1a606765b6849013b90aca
Author: kkyzylov <ksenia.kyzylova@intel.com>
Date:   Wed Oct 12 21:20:31 2016 +0300

    Translation of OpLoopMerge (#192)

commit 6a1bbcba8e9e0810fdf6f4d1546099a075176001
Author: kkyzylov <ksenia.kyzylova@intel.com>
Date:   Wed Oct 5 17:53:29 2016 +0300

    Support translation of OpLifetimeStart and OpLifetimeStop instructions (#191)

commit 8fc9c34d8f6e3dfdb6c566b339479f4c3270c7bf
Author: Alexey Sotkin <alexey.sotkin@intel.com>
Date:   Tue Oct 4 18:31:14 2016 +0300

    Changing placement of lowered constant expressions (#188)
    
    According to SPIRV specification (p2.4):
    "All OpVariable instructions in a function must be in the first block in the
    function. These instructions, together with any immediately preceding OpLine
    instructions, must be the first instructions in that block."
    Therefore, lowered constant expressions must not be inserted at the beginig of
    the basic block.
    Insert it before the current instruction if the current basic block is the
    first one in the function. Otherwise insert it at the end of the first basic
    block in the function.
    This partially fixes #50

commit 262987e3844f19ffdb6f26f92c9c26212645444f
Author: kkyzylov <ksenia.kyzylova@intel.com>
Date:   Fri Sep 30 17:55:36 2016 +0300

    Support translation of OpUnreachable instruction (#190)

commit f0f48270217f47e917aa4e13cb8421b8c39ef78e
Author: kkyzylov <ksenia.kyzylova@intel.com>
Date:   Fri Sep 30 17:51:39 2016 +0300

    Fix for translation of OpFMod instruction (#187)

commit 12ecce2137079faa896e1a999a0a2085585b7dfd
Author: Egor Churaev <echuraev@users.noreply.github.com>
Date:   Thu Sep 29 17:21:29 2016 +0300

    OpVariable in OpSpecConstantOp. (#186)
    
    * Fixed problem with OpSpecConstantOp.
    In one of last change of spirv spec was added following change:
    "Public SPIRV-Headers issues #12 and #13 and Khronos SPIR-V issue #65: Allow OpVariable as an initializer for another OpVariable instruction or the Base of an OpSpecConstantOp with an AccessChain opcode."
    In this way, OpVariable can be initialize before OpSpecConstantOp. To do this, it's necessary add OpSpecConstantOp in one container with OpVariable in TopologicalSort. After this change, OpSpecConstantOp and OpVariable instructions will be add to spirv file in the right order.
    
    * Renamed InstructionVec to ConstAndVarVec and fixed indentation

commit ad489aff2bcca760bfcce432824db4c48b1c2714
Author: Alexey Sotkin <alexey.sotkin@intel.com>
Date:   Mon Sep 26 17:33:12 2016 +0300

    Translation of LLVM intrinsics (#185)
    
    An LLVM intrinsic should not be transalated to SPIRV as a function call.
    Either it's semantics is represented via SPIRV instruction(s)
    or an error is reported.

commit a4305a3185c87e1a7f4cdb70ec6ad18278db1da7
Author: Alexey Sotkin <alexey.sotkin@intel.com>
Date:   Fri Sep 23 23:29:30 2016 +0300

    Fixing encoding/decoding of OpLine instruction (#184)
    
    Changed wordcount to 4. Changing layout of OpLine in module
    according to the specification requirements.

commit b63bfcd419b553b2f32c35eb888034131e83aec4
Author: Egor <echuraev@users.noreply.github.com>
Date:   Tue Sep 13 23:49:10 2016 +0300

    OpVariable <id> Initializer can be optional (#182)
    
    * OpVariable <id> Initializer can be optional
    
    * Fix problem with initializer for external linked type

commit c0e3a777cdda3bf9d8c1250d2596ec1111e4a982
Author: kkyzylov <ksenia.kyzylova@intel.com>
Date:   Tue Sep 13 17:03:49 2016 +0300

    Support translation of OpSelectionMerge instruction (#183)

commit 25e092ee5d81803a289a8034e0225aaaf509a1f2
Author: Egor <echuraev@users.noreply.github.com>
Date:   Thu Sep 8 20:04:57 2016 +0300

    Fix error with adding capability for 1D images (#181)

commit d5264291063de558324bdcc082ee9403997791b6
Author: kkyzylov <ksenia.kyzylova@intel.com>
Date:   Wed Sep 7 21:59:57 2016 +0300

    Support translation of OpCompositeConstruct instruction (#178)

commit a15fc0e9a917543e5e72fd3231bdd556637fa1cd
Author: Alexey Sotkin <alexey.sotkin@intel.com>
Date:   Wed Sep 7 17:11:52 2016 +0400

    Setting name of target of LinkageAttributes decoration to literal value of the decoration. (#179)
    
    Also enabling .spt files in LIT tests

commit dec9da5d5bf77719719f4a0fb5192ba659b31d86
Author: kkyzylov <ksenia.kyzylova@intel.com>
Date:   Fri Sep 2 18:59:08 2016 +0300

    Support translation of OpVectorTimesScalar instruction (#177)

commit 1b507a33d9b52d3cd7fb331b0053e33b9417a410
Author: Egor <echuraev@users.noreply.github.com>
Date:   Fri Sep 2 18:49:24 2016 +0300

    Implemented possibility use OpUndef in Basic Block in SPIR-V file. (#170)
    
    * Implemented possibility use OpUndef in Basic Block in SPIR-V file.
    
    LIT test wasn't written because issue #169
    (https://github.com/KhronosGroup/SPIRV-LLVM/issues/169) affect to it.
    
    I have tested it manually but I don't have time to fix this issue. I'll do
    it later and will add LIT test.
    
    * Updated fix after comments on github
    
    * Implemented LIT test
    
    * Implemented hand-crafted SPIR-V module included two functions with an undef instruction of the same type

commit 1192a053de23df0a9a50cb2eab42b161c926e778
Author: kkyzylov <ksenia.kyzylova@intel.com>
Date:   Thu Sep 1 21:11:47 2016 +0300

    Support translation of OpFMod instruction (#176)

commit fb73150b8759b736f53d7a412e80264a7932c373
Author: Alexey Sotkin <alexey.sotkin@intel.com>
Date:   Tue Aug 23 15:21:14 2016 +0400

    Fix argument of invoke function being passed to OpEnqueueKernel (#173)

commit 826e8edfa4160f23af22a439469a308f7ecc263f
Author: Alexey Sotkin <alexey.sotkin@intel.com>
Date:   Fri Aug 19 19:29:49 2016 +0400

    Fix travis.ci build (#175)

commit 61b122c60924c850decf64fcfaa849edaf39a647
Author: kkyzylov <ksenia.kyzylova@intel.com>
Date:   Thu Aug 11 17:16:35 2016 +0300

    Removed Shader dependency from SampledBuffer and Sampled1D Capabilities. (#172)

commit dc0ac249bc700c02a391bdd1ba7f98281e69eeac
Merge: 2535a382 edb004f7
Author: Alexey Sotkin <alexey.sotkin@intel.com>
Date:   Wed Aug 10 14:48:10 2016 +0300

    Merge pull request #171 from AlexeySotkin/travis_ci
    
    commenting out removal of go from the path

commit edb004f7158fd2e200ffb3ce8dd9822e5bcbb101
Author: Alexey Sotkin <alexey.sotkin@intel.com>
Date:   Wed Aug 10 14:40:02 2016 +0300

    commenting out removal of go from the path

commit 2535a382f094889163e1b9f2e0fa7d579528aa5c
Author: kkyzylov <ksenia.kyzylova@intel.com>
Date:   Tue Aug 9 18:31:36 2016 +0300

    Translate OpCopyObject SPIRV instruction to LLVM (#168)

commit f48cc21cf1d5a172923427b217a8a2c7a901b279
Author: kkyzylov <ksenia.kyzylova@intel.com>
Date:   Fri Jul 29 18:03:18 2016 +0300

    Add Float16 capability only in case of appropriate extension (#167)

commit 83975e02780657e01d5558025453ebd95418d2d7
Author: kkyzylov <ksenia.kyzylova@intel.com>
Date:   Fri Jul 22 22:13:54 2016 +0300

    Add support of 64-bit literals for OpSwitch instruction (#166)

commit 78a7c6c5c7a08d7b4c294db25b8f99822025e535
Author: bader <alexey.bader@intel.com>
Date:   Fri Jul 22 17:41:20 2016 +0300

    Add missing capability for 1D images and images with Buffer dimensionality. (#165)

commit f903c15a2abb9dd1585064c2132d69247b27a266
Author: Shane Peelar <lookatyouhacker@gmail.com>
Date:   Mon Jul 18 04:22:36 2016 -0400

    Fix missing const qualifier on comparator (MSVC) (#163)
    
    A const qualifier was missing on
    SPIRVDecorateGeneric::Comparator::operator(), which resulted in a
    compile-time error on MSVC, as const objects cannot invoke non-const
    member functions.  Since both arguments to this function are const, and
    this function has no side-effects, this function can be safely made
    const, and therefore invokable in const expressions.
    
    This patch enables SPIRV-LLVM to build using Visual Studio 14.0 (MSVC
    19)

commit 10150b1f64314833da62bdc7745caaf6be78ce87
Author: Alexey Sotkin <alexey.sotkin@intel.com>
Date:   Fri Jul 15 00:50:00 2016 +0300

    Cleaning up redundant block-related instructions before conversion to SPIRV (#162)

commit 136505466e0162fb459d38fe994a5991b99ddc50
Author: Yaxun (Sam) Liu <yaxun.liu@amd.com>
Date:   Thu Jul 14 04:34:31 2016 -0400

    Update GettingStarted.rst (#161)

commit c1d478eee68b0e985e16dc928041b9425c3327f1
Author: Alexey Sotkin <alexey.sotkin@intel.com>
Date:   Mon Jul 4 16:59:14 2016 +0300

    Fixing assert during translation of instructions which are OpSpecConstantOp operand (#160)

commit 2dd58b4a041b9a9404fc5030a7eee40bc16af775
Author: Aaron Enye Shi <enye.shi@gmail.com>
Date:   Fri Jul 1 04:00:30 2016 -0400

    Fixes ambigious else with explicit braces (#159)

commit afe007236f7fddcaa97ff18dc7de169dba0da211
Author: Dmitry Anikin <nizhegorodets@yandex.ru>
Date:   Mon Jun 27 20:40:31 2016 +0300

    fix: OpCapability Kernel missing in a few cases (#156)
    
    * fix: OpCapability Kernel missing in a few cases
    
    * Update SPIRVModule.cpp
    
    * Update SPIRVModule.cpp

commit 0345cddbd56caaa37bc4a6cfc49901200da12db5
Author: Łukasz Dudziak <lukasz.dudziak@intel.com>
Date:   Tue Jun 14 19:26:51 2016 +0200

    Support for PipeStorage (#155)
    
    * Support for PipeStorage
    
    Compilation fix.
    
    Removed from TODO list.
    
    Reverse translation fixes and tests
    
    Addressing review comments.
    
    * Addressing review comments

commit 9235f5e6fa60aaec0cd602ef7ffc5bc152ee2a53
Author: Florian Ziesche <florian.ziesche@gmail.com>
Date:   Fri Jun 10 19:38:08 2016 +0200

    extractvalue/insertvalue handling (#154)
    
    *  * fixed translation between LLVM extractvalue/insertvalue instructions and SPIR-V OpCompositeExtract/OpCompositeInsert
    
    *  * added extractvalue/insertvalue test (LLVM <-> SPIR-V transcoding)

commit 38e4d01b1dcc1adc4fd7d492030ee6977a954433
Author: kkyzylov <ksenia.kyzylova@intel.com>
Date:   Wed Jun 8 17:27:56 2016 +0300

    Change memory access for OpStore and OpLoad (#153)

commit e5bb7db2f0788e2a8089244142a34a72a9f38cda
Author: Alexey Sotkin <alexey.sotkin@intel.com>
Date:   Mon Jun 6 18:22:53 2016 +0300

    Adding DeviceEnqueue capability for OpTypeQueue (#152)

commit 1f269d0355a0cd42e4172e64849b12a89c43989b
Merge: 6aed418b bdb468c3
Author: Yaxun (Sam) Liu <yaxun.liu@amd.com>
Date:   Fri Jun 3 09:33:03 2016 -0400

    Merge pull request #150 from bader/disassembler-fix
    
    Fix bug converting SPIR-V module to text form.

commit bdb468c3a56768b158061bacedb5dd676b7ff96e
Author: Alexey Bader <alexey.bader@intel.com>
Date:   Thu Jun 2 13:23:58 2016 +0300

    [SPIR-V] Fix translation of DeviceEvenType.
    
    This patch fixes the problem with missing DeviceEnqueue capability,
    which was hidden by bug in llvm-spirv tool with disassembling SPIR-V module.

commit 2cd9c2bbc3d29c2ad65e01a4c795142a3e178b93
Author: Alexey Bader <alexey.bader@intel.com>
Date:   Thu Jun 2 13:20:41 2016 +0300

    [SPIR-V] Disable 'auto-add-capability' feature during SPIR-V module decoding.
    
    Decoder is used not only by ReadSPIRV method, but also by ConvertSPIRV,
    which converts SPIR-V file to textual form.

commit 6aed418b1f540a9ddb5875dcd569ef1d59fcbf50
Author: Dmitry Anikin <nizhegorodets@yandex.ru>
Date:   Tue May 31 20:32:06 2016 +0300

    Preserve image access qualifiers in SPIR-V consumer (#149)

commit f3e2580340de9f24ed154d3c87c169dbe8623c82
Merge: d4bcd6e0 8077f974
Author: Alexey Sotkin <alexey.sotkin@intel.com>
Date:   Wed May 25 16:26:06 2016 +0300

    Merge pull request #146 from AlexeySotkin/travis_ci
    
    adding build status image

commit 8077f974fa21bb2a980aae447fc1c00e53e2ddc3
Author: Alexey Sotkin <alexey.sotkin@intel.com>
Date:   Wed May 25 15:21:50 2016 +0300

    adding build status image

commit d4bcd6e0012519a78d49298f1b4878498a6c981a
Author: Łukasz Dudziak <lukasz.dudziak@intel.com>
Date:   Tue May 24 15:48:37 2016 +0200

    Support for SPIRV 1.1 ExecutionModes: Initializer, Finalizer, SubgroupSize, SubgroupPerWorkgroup. (#141)
    
    Also first parameter of !spirv.ExecutionMode subnodes should points directly to kernel function instead of !spirv.EntryPoint subnode (to match SPIRV instruction).

commit 87f7baa68064c6088532ed67adec1ef4af510ab6
Author: Łukasz Dudziak <lukasz.dudziak@intel.com>
Date:   Tue May 24 14:59:40 2016 +0200

    Support for SPIRV 1.1 MaxByteOffset decoration. (#142)
    
    * Support for SPIRV 1.1 MaxByteOffset decoration.
    
    * Removed MaxByteOffset's limitation only to kernel parameters.

commit 17ddb62e719924e76cad2561270e02e0c72d81dc
Author: Alexey Sotkin <alexey.sotkin@intel.com>
Date:   Tue May 24 15:58:28 2016 +0300

    Create .travis.yml (#144)

commit fcd0fdf2ef1ad44043b834a7fdea9604ff6d918d
Author: bader <alexey.bader@intel.com>
Date:   Tue May 24 15:55:44 2016 +0300

    [SPIRV] Fix translation of get_image_* built-in functions for image types with access qualifiers. (#140)

commit d80db0b2cfa4d3c034105c225ec5a80a807357d2
Author: Alexey Sotkin <alexey.sotkin@intel.com>
Date:   Sat May 21 15:41:25 2016 +0300

    Create .travis.yml

commit 322aa4926bd3951fdfa0164492c294defea10c38
Author: bader <alexey.bader@intel.com>
Date:   Fri May 20 18:23:56 2016 +0300

    Revert "Update OCL20ToSPIRV.cpp" (#143)

commit 7b99cd8118d8fd2932f24de9dd8f92b63fe123a2
Author: Dmitry Anikin <nizhegorodets@yandex.ru>
Date:   Fri May 20 17:41:01 2016 +0300

    Update OCL20ToSPIRV.cpp (#138)

commit 9f51c5cc91c5ab143f0fe9a69f39ffafbc43446b
Author: Andrew Savonichev <andrew.savonichev@intel.com>
Date:   Wed May 18 20:45:24 2016 +0300

    [SPIR-V] Fix translation of OpControlBarrier and OpMemoryBarrier (#134)
    
    * [SPIR-V] Fix translation of OpControlBarrier and OpMemoryBarrier
    
    Fixes: https://github.com/KhronosGroup/SPIRV-LLVM/issues/122
    
    OpControlBarrier and OpMemoryBarrier are now correctly translated to SPIR-V and
    vice versa.
    
    OpControlBarrier will be translated to:
      - barrier() if OpSource is OpenCL 1.2 and execution scope is Workgroup
      - work_group_barrier() if OpSource is OpenCL 2.0 or higher and the execution
        scope is Workgroup
      - sub_group_barrier() if execution scope is Subgroup
    
    OpMemoryBarrier will be translated to:
      - mem_fence() if OpSource is OpenCL 1.2
      - atomic_work_item_fence() if OpSource is OpenCL 2.0 or higher
    
    If OpSource is not specified, we assume it is the highest available version.
    
    * Use numeric values for mem scope and semantic

commit a902dfd98d04cded9bd8a13b642b0d6cfe18ae89
Merge: 2feec4e3 bc352820
Author: Yaxun (Sam) Liu <yaxun.liu@amd.com>
Date:   Wed May 18 13:24:51 2016 -0400

    Merge branch 'khronos/spirv-3.6.1' of https://github.com/KhronosGroup/SPIRV-LLVM into khronos/spirv-3.6.1

commit 2feec4e3a21e36fa823f9de1aa653d1f30b937e5
Author: Lukasz Dudziak <lukasz.dudziak@intel.com>
Date:   Thu May 12 11:01:01 2016 +0200

    Support SPIRV 1.1

commit bc352820d7e203df9044279af5f956eed03dff73
Merge: eb3c1bd0 664cbb0b
Author: Yaxun (Sam) Liu <yaxun.liu@amd.com>
Date:   Wed May 18 12:02:26 2016 -0400

    Merge pull request #137 from KhronosGroup/revert-136-spirv_1_1_support
    
    Revert "Spirv 1 1 support"

commit 664cbb0b0e235cc4e910ee0b2df168e15652f5df
Author: Yaxun (Sam) Liu <yaxun.liu@amd.com>
Date:   Wed May 18 11:59:10 2016 -0400

    Revert "Spirv 1 1 support"

commit eb3c1bd0664997e32414d38b92356a7d6c8babf3
Merge: a256cf3b b12ae5ce
Author: Yaxun (Sam) Liu <yaxun.liu@amd.com>
Date:   Wed May 18 11:56:58 2016 -0400

    Merge pull request #136 from ldudziak/spirv_1_1_support
    
    Spirv 1 1 support

commit b12ae5ce99c816986b979fe00613e51145e19479
Author: Lukasz Dudziak <lukasz.dudziak@intel.com>
Date:   Wed May 18 13:40:33 2016 +0200

    Regeneration of SPIRVIsValidEnum.h.

commit 7ee046a352f44f27ace4226afa0c0d08fc6c99b3
Author: Lukasz Dudziak <lukasz.dudziak@intel.com>
Date:   Mon May 16 13:36:02 2016 +0200

    Whitespaces fix

commit 3ae453bf83e698c95d55835df7084d66e03906bb
Author: Lukasz Dudziak <lukasz.dudziak@intel.com>
Date:   Mon May 16 13:25:42 2016 +0200

    Use std::map rather than std::set & std::vector for storing Capability objects to preserve original order.

commit 8feda4aa11f4a2e43d11bdeb4691ba727f340363
Author: Lukasz Dudziak <lukasz.dudziak@intel.com>
Date:   Mon May 16 12:00:23 2016 +0200

    Missing line after resolving conflicts

commit 3d022dfaa210c7a609bacdaf5d900ddcb53a7e76
Author: Lukasz Dudziak <lukasz.dudziak@intel.com>
Date:   Mon May 16 11:42:15 2016 +0200

    For now: remove SPIRV 1.1 test since we don't implement anything from SPIRV 1.1 yet

commit 4645af9a2bfc0f5510087c9ff8e705b6d261e6a8
Author: Lukasz Dudziak <lukasz.dudziak@intel.com>
Date:   Thu May 12 11:19:31 2016 +0200

    Missing spirv.hpp entries

commit 13998ed463436f345a6e18d67fe0ea5a6e2a9083
Author: Lukasz Dudziak <lukasz.dudziak@intel.com>
Date:   Thu May 12 11:10:29 2016 +0200

    Indentation fix.

commit e988e97d8bfd7dd46b51179ba144f372ec347300
Author: Lukasz Dudziak <lukasz.dudziak@intel.com>
Date:   Thu May 12 11:08:38 2016 +0200

    Compilation fix

commit 2155b2f1f636e3a2e94e65185a15f64c0b14c010
Author: Lukasz Dudziak <lukasz.dudziak@intel.com>
Date:   Thu May 12 11:02:54 2016 +0200

    Addressing review comments

commit 00047e5af838bbda48e98b634c8e32fff0163e7b
Author: Lukasz Dudziak <lukasz.dudziak@intel.com>
Date:   Thu May 12 11:01:47 2016 +0200

    Auto detection of SPIRV version

commit db8d77196e6ffbc4847730391e2de7b20336611c
Author: Lukasz Dudziak <lukasz.dudziak@intel.com>
Date:   Thu May 12 11:01:01 2016 +0200

    Updated spirv.hpp header to match SPIRV 1.1

commit a256cf3bfb3fa0d3c0ea5d913d19a4e85abffaf0
Merge: b995cca5 54ecf9ff
Author: Yaxun (Sam) Liu <yaxun.liu@amd.com>
Date:   Fri May 13 15:40:59 2016 -0400

    Merge pull request #135 from bader/add-required-capabilities
    
    [SPIR-V] Add required 'Groups' and 'DeviceEnqueue' capabilities.

commit b995cca5807d422fc34cc666779f4e1819c6175a
Merge: ef260e75 f760056c
Author: Yaxun (Sam) Liu <yaxun.liu@amd.com>
Date:   Fri May 13 15:37:48 2016 -0400

    Merge pull request #133 from AlexeySotkin/logical_layout
    
    Fix logical layout

commit 54ecf9ff59b233ce6c07e30f7472571e93bfa161
Author: Alexey Bader <alexey.bader@intel.com>
Date:   Fri May 13 14:46:34 2016 +0300

    [SPIR-V] Add required 'Groups' and 'DeviceEnqueue' capabilities.

commit f760056c20140529c476bbed37347465baa52837
Author: Alexey Sotkin <alexey.sotkin@intel.com>
Date:   Wed Apr 27 16:45:24 2016 +0300

    Fix logical layout

commit ef260e755a2a18a41fc56b345d5fafcd9cbb00ba
Merge: c2ec3346 432de8cd
Author: Yaxun (Sam) Liu <yaxun.liu@amd.com>
Date:   Mon Apr 25 12:39:10 2016 -0400

    Merge pull request #127 from AlexeySotkin/translate_opaque_sampler
    
    Accept sampler as opaque struct in LLVM IR

commit 432de8cd7f4c4d79ef651bea0e5a1078b5e787f6
Author: Alexey Sotkin <alexey.sotkin@intel.com>
Date:   Thu Apr 7 18:13:34 2016 +0300

    Accept sampler as opaque struct in LLVM IR

commit c2ec33464dbccaf0ae018897fe6c7bd9560293d8
Merge: 76352646 66205a41
Author: Yaxun (Sam) Liu <yaxun.liu@amd.com>
Date:   Thu Apr 21 10:19:11 2016 -0400

    Merge pull request #130 from bsochack/khronos/spirv-3.6.1
    
    SPIR-V 1.1 pipe storage representation

commit 763526461bed622f6f77416f2dffa5880730e9f5
Merge: 2bd10977 eb7bd718
Author: Yaxun (Sam) Liu <yaxun.liu@amd.com>
Date:   Thu Apr 21 10:14:12 2016 -0400

    Merge pull request #129 from kkyzylov/private/kkyzylov/vec_type_hint
    
    Change metadata generation for vec_type_hint attribute.

commit 66205a4191862c2d5dec9d3f82c2514385df4a83
Author: bsochack <bartosz.sochacki@intel.com>
Date:   Thu Apr 21 10:16:27 2016 +0200

    Added pipe storage representation

commit eb7bd718ef53f7610e29e12af6bbb569b29f1a34
Author: Ksenia Kyzylova <ksenia.kyzylova@intel.com>
Date:   Wed Apr 20 17:16:20 2016 +0300

    Change metadata generation for vec_type_hint attribute.
    
    According OpenCL specification in the __attribute__ (vec_type_hint(<type>)) qualifier <type> is signed or unsigned (except float and double types).
    According SPIRV specification significance of data type doesn't matter for VecTypeHint Execution Mode.

commit 2bd10977bbe4c1891c2a4a1491a46a8e1b601944
Merge: 496acaed 3e2306b2
Author: Yaxun (Sam) Liu <yaxun.liu@amd.com>
Date:   Wed Apr 20 11:59:57 2016 -0400

    Merge pull request #128 from bader/images-access-qualifier
    
    [SPIR-V] Translate image access qualifiers encoded in OpenCL image ty…

commit 3e2306b2b645870ae0cc7a6d197ac53a45b204c1
Author: Alexey Bader <alexey.bader@intel.com>
Date:   Wed Apr 20 15:44:02 2016 +0300

    [SPIR-V] Translate image access qualifiers encoded in OpenCL image type name.

commit 496acaed2fa41502851eabb5e965a80ee82c9474
Merge: df913079 c03b1eee
Author: Yaxun (Sam) Liu <yaxun.liu@amd.com>
Date:   Mon Apr 11 09:56:57 2016 -0400

    Merge pull request #126 from bader/missing-capability
    
    [SPIR-V] Add missing Addresses capability to SPIR-V files with non-logical addressing model.

commit c03b1eeed4f4ac787d37159bc400166f014065fd
Author: Alexey Bader <alexey.bader@intel.com>
Date:   Wed Apr 6 14:25:06 2016 +0300

    [SPIR-V] Add missing Addresses capability to SPIR-V files with non-logical addressing model.
    
    - Bump up translator version.

commit df91307980fa8c30018e87b118edf9311c5d3a94
Merge: 847888d3 5d24a121
Author: Yaxun (Sam) Liu <yaxun.liu@amd.com>
Date:   Mon Apr 4 10:01:28 2016 -0400

    Merge pull request #124 from bader/khronos/opencl.used-metadata
    
    [SPIR-V] Fix translation of opencl.used.extensions and opencl.used.op…

commit 5d24a121a470361baf335f13c3f0a0dc1ad25ef9
Author: Alexey Bader <alexey.bader@intel.com>
Date:   Fri Apr 1 20:24:11 2016 +0300

    [SPIR-V] Fix translation of opencl.used.extensions and opencl.used.optional.core.features metadata.
    
    There were are few issues with translating these metadata:
    1. Optional core features (double and images) was encoded not only as capabilities, but as extensions.
    2. Translator expected wrong metadata format: extensions and optional core features were expected to be stored in one string delimited by space.
    According to SPIR 1.2 specification each feature must be encoded as a separate string.

commit 847888d3c2a4ac3af10cf7fbaf3f78d6eda885c5
Merge: f8bb1f23 4bc0bb4d
Author: Yaxun (Sam) Liu <yaxun.liu@amd.com>
Date:   Thu Mar 31 10:27:18 2016 -0400

    Merge pull request #121 from bsochack/khronos/spirv-3.6.1
    
    Using IDs instead of literals in OpControlBarrier

commit f8bb1f232bf429ee0b35f5b65235fca7c0d499fb
Merge: e38059a6 4723bfec
Author: Yaxun (Sam) Liu <yaxun.liu@amd.com>
Date:   Thu Mar 31 10:13:40 2016 -0400

    Merge pull request #123 from bader/khronos/image-channel-queries
    
    [SPIR-V] Fix translation of get_image_channel_{order|data_type}.

commit 4bc0bb4d55bd4deac8b8a8343bab72b82fb410c6
Author: Bartosz Sochacki <bartosz.sochacki@intel.com>
Date:   Thu Mar 31 14:28:37 2016 +0200

    using IDs instead of literals in OpControlBarrier

commit e38059a60a7157f9c761b300b98cbef285ded4d7
Merge: c6440171 2a2a2304
Author: Alexey Sotkin <alexey.sotkin@intel.com>
Date:   Thu Mar 31 13:37:57 2016 +0300

    Merge pull request #119 from KhronosGroup/spirv-sampler2
    
    Add SPIR-V friendly sampler representation for LLVM.

commit 4723bfec4a0101b1f32fa02d1ceef83817f6b3c8
Author: Alexey Bader <alexey.bader@intel.com>
Date:   Thu Mar 31 13:35:55 2016 +0300

    [SPIR-V] Fix translation of get_image_channel_{order|data_type} built-in functions.
    
    get_image_channel_data_type returns values starting from 0x10D0 (CLK_SNORM_INT8) by SPIR 1.2 specification (https://www.khronos.org/registry/spir/specs/spir_spec-1.2.pdf).
    This built-in function is mapped to OpImageQueryFormat which returns values that starts from 0x0 (CLK_SNORM_INT8).
    This patch fixes translation by adding 0x10D0 offset to OpImageQueryFormat value.
    
    Similar approach is applied to get_image_channel_order built-in function translation.

commit c644017137d48b137de605cede6653af09c602da
Merge: 166542a5 28d0a78d
Author: bader <alexey.bader@intel.com>
Date:   Wed Mar 30 19:53:15 2016 +0300

    Merge pull request #118 from KhronosGroup/yxsamliu-patch-1
    
    Add sampler type to SPIR-V friendly LLVM format.

commit 166542a57b4e85a06bac97d148364731384c6323
Merge: fe13ea57 24b2f2c6
Author: Yaxun (Sam) Liu <yaxun.liu@amd.com>
Date:   Wed Mar 30 10:40:45 2016 -0400

    Merge pull request #120 from KhronosGroup/khronos/minor-fixes
    
    [SPIR-V] Null-pointer checks.

commit 24b2f2c62c94e94968d795417ef450557ddd8579
Author: Alexey Bader <alexey.bader@intel.com>
Date:   Wed Mar 30 13:38:47 2016 +0300

    [SPIR-V] Null-pointer checks.
    
    Add asserts for potential nullprt-s.

commit 2a2a23042b81b04f4a7901beaac997cdabc0dd6f
Author: Yaxun (Sam) Liu <yaxun.liu@amd.com>
Date:   Mon Mar 28 17:31:45 2016 -0400

    Add SPIR-V friendly sampler representation for LLVM.

commit 28d0a78d22c461681dd33c75dc3753a38474156f
Author: Yaxun (Sam) Liu <yaxun.liu@amd.com>
Date:   Tue Mar 29 11:26:16 2016 -0400

    Add sampler type to SPIR-V friendly LLVM format.
    
    The representation of sampler constant will be determined later.

commit fe13ea57f496a51b66022124eb3fb4fdded85560
Merge: d44690e8 de3ebe0b
Author: Yaxun (Sam) Liu <yaxun.liu@amd.com>
Date:   Mon Mar 28 14:27:44 2016 -0400

    Merge pull request #117 from KhronosGroup/khronos/OpImageQuerySize-undef
    
    [SPIR-V] Fix OpImageQuerySize regression test on Ubuntu.

commit de3ebe0b18bb90835fb12639d97523aa1a061fe0
Author: Alexey Bader <alexey.bader@intel.com>
Date:   Mon Mar 28 18:05:31 2016 +0300

    [SPIR-V] Fix OpImageQuerySize regression test on Ubuntu.
    
    GCC compiler discover undefined behaviour during translation of get_image_* built-ins.
     - move computation of image dimension from mutateCallInstSPIRV argument, since it's used by next argument.
       It's undefined behaviour since order of argument expression computation is not defined.
     - specify type for ExtractElementInst index, since compiler incorrectly assign it to StringSwitch reference, which is returned by Case method.
       Alternative way to fix it would be to end with Default() method returning correct data type.

commit d44690e81d9dd80fc41b84713f2eb9e32b2d3abc
Merge: 09949350 584ba8d5
Author: Yaxun (Sam) Liu <yaxun.liu@amd.com>
Date:   Mon Mar 28 10:48:14 2016 -0400

    Merge pull request #113 from AlexeySotkin/bitcast_placeholder
    
    Fix creation of placeholder for OpBitcast

commit 099493505da2f09e1f14f0f4be45df071460c0de
Merge: 66b7991d 08ec3637
Author: Yaxun (Sam) Liu <yaxun.liu@amd.com>
Date:   Mon Mar 28 10:26:43 2016 -0400

    Merge pull request #115 from KhronosGroup/khronos/minor-refactoring
    
    [SPIR-V] Minor refactoring.

commit 08ec363757a928228dfd7480c0157eeabdc1dcaa
Author: Alexey Bader <alexey.bader@intel.com>
Date:   Wed Mar 2 20:44:20 2016 +0300

    [SPIR-V] Minor refactoring.
    
    - Delete OpenCLVer parameter of oclIsBuiltin function. This parameter was used to detect CPP kernel language and was later replaced by isCPP parameter.
    - Fixed detection of OpenCL 2.0+ in OCL20To12 module pass.
    - Fixed warnings about defining unused variables and extra semicolon.

commit 584ba8d5cf0c26bd2061b46414bdc7f31a255e20
Author: Alexey Sotkin <alexey.sotkin@intel.com>
Date:   Thu Mar 24 16:15:31 2016 +0300

    Fix creation of placeholder for OpBitcast

commit 66b7991dc90e2f36dc5837dd6f7b1df2d64760ac
Merge: 43eb3c3a 700580a4
Author: Yaxun (Sam) Liu <yaxun.liu@amd.com>
Date:   Thu Mar 24 13:48:42 2016 -0400

    Merge pull request #114 from KhronosGroup/khronos/relationals-half
    
    [SPIR-V] Fixed wrong encoding of half relational built-in functions.

commit 700580a471e3f7b8b04f110d0df66ac51ea04e2d
Author: Alexey Bader <alexey.bader@intel.com>
Date:   Thu Mar 24 17:31:50 2016 +0300

    [SPIR-V] Fixed wrong encoding of half relational built-in functions.

commit 43eb3c3a8c1df29a93ca1eea555626dff54c6639
Author: Yaxun (Sam) Liu <yaxun.liu@amd.com>
Date:   Wed Mar 23 16:40:31 2016 -0400

    [SPIRV] Fix SPIR-V image type name in LLVM IR. Sampled type is missing in postfix.

commit e4beb815c1b5c0de739284286919d6411841dbdd
Merge: f88375f3 044847b0
Author: Yaxun (Sam) Liu <yaxun.liu@amd.com>
Date:   Wed Mar 23 11:19:32 2016 -0400

    Merge pull request #112 from AlexeySotkin/read_imagef_with_sampler_t_regression
    
    Added i32 -> sampler_t detection for user functions that aren't calle…

commit 044847b05a3feb3bb10a4027754e763c60726721
Author: spillow <scott.pillow@intel.com>
Date:   Thu Feb 18 16:58:28 2016 -0800

    Added i32 -> sampler_t detection for user functions that aren't called by kernel functions.

commit f88375f3c332f78c467cac218b620bd5309579cf
Merge: 0ad7063f 00dbc1d6
Author: bader <alexey.bader@intel.com>
Date:   Wed Mar 23 12:56:46 2016 +0300

    Merge pull request #111 from KhronosGroup/spirv-types5
    
    Add LLVM representation of SPIR-V DeviceEvent, Event, Queue and Reser…

commit 0ad7063f16aaa59893710d3779e074839f5afa20
Merge: d14b5591 d5be15e4
Author: bader <alexey.bader@intel.com>
Date:   Tue Mar 22 12:50:01 2016 +0300

    Merge pull request #110 from KhronosGroup/khronos/list-data-structure-fix
    
    Changes to support forward references.

commit 00dbc1d68c674afb17c24ed8dd14c5dcf07c29d1
Author: Yaxun (Sam) Liu <yaxun.liu@amd.com>
Date:   Mon Mar 21 16:59:29 2016 -0400

    Add LLVM representation of SPIR-V DeviceEvent, Event, Queue and ReserveId types.

commit d5be15e46300ffe72470a0b0fe4d95d3e00c8b3f
Author: Alexey Bader <alexey.bader@intel.com>
Date:   Mon Mar 21 18:08:44 2016 +0300

    Changes to support forward references.
    
    This change is required for enabling forward reference support used list data structure.
    
    struct Node {
      int value;
      Node *next;
    };

commit d14b5591b1bb4818aae82a65ef8a269584f22383
Merge: 47bd3b97 9a9d1b7f
Author: bader <alexey.bader@intel.com>
Date:   Mon Mar 21 17:47:04 2016 +0300

    Merge pull request #109 from KhronosGroup/revert-99-khronos/list-data-structure-fix
    
    Revert "Changes to support forward references."

commit 9a9d1b7f0e3f55e4c0fb769cca1b0eae499fbfcc
Author: bader <alexey.bader@intel.com>
Date:   Mon Mar 21 17:46:07 2016 +0300

    Revert "Changes to support forward references."

commit 47bd3b979078b871f0ca93a811f2a57f890eabe6
Merge: 3f609845 b2372d2d
Author: Alexey Sotkin <alexey.sotkin@intel.com>
Date:   Mon Mar 21 13:52:33 2016 +0300

    Merge pull request #99 from KhronosGroup/khronos/list-data-structure-fix
    
    Changes to support forward references.

commit 3f609845f0e9fb4b5f72cc04cda7f5a4dc0d46d1
Merge: 99b3388c 01aca40d
Author: bader <alexey.bader@intel.com>
Date:   Mon Mar 21 13:15:06 2016 +0300

    Merge pull request #108 from turinevgeny/wa_stoi_issue
    
    Workaround a build failing bug in GCC with std::stoi

commit 01aca40d7478fc4d4b0372b127252ef451bbb193
Author: Tyurin Evgeniy <evgeniy.tyurin@intel.com>
Date:   Mon Mar 21 11:21:13 2016 +0300

    Workaround a build failing bug in GCC with std::stoi.
    
    https://gcc.gnu.org/bugzilla/show_bug.cgi?id=61580

commit b2372d2d931ed8268e7e129b8f02f53e538939fa
Merge: 9fbf1b88 99b3388c
Author: Alexey Bader <alexey.bader@intel.com>
Date:   Fri Mar 18 22:50:10 2016 +0300

    Merge remote-tracking branch 'github/khronos/spirv-3.6.1' into khronos/list-data-structure-fix
    
    Conflicts:
            lib/SPIRV/SPIRVWriter.cpp

commit 99b3388c579a7e92e34881a10acdd43faae66f39
Merge: b0d7cdde 2eae9648
Author: bader <alexey.bader@intel.com>
Date:   Fri Mar 18 20:09:03 2016 +0300

    Merge pull request #107 from KhronosGroup/spirv-types2
    
    [SPIRV] Support SPIR-V type names for pipe and image types in LLVM to SPIR-V …

commit b0d7cddebeae1ca19cf6aaa08f3da1fb73408f83
Merge: 206e9984 397720b1
Author: Yaxun (Sam) Liu <yaxun.liu@amd.com>
Date:   Fri Mar 18 11:51:35 2016 -0400

    Merge pull request #106 from turinevgeny/cmpxchng_alloca_fix
    
    [Reader] Create alloca for atomic cmp_xchng in the entry block

commit 206e9984a9c44e9efe0e4721025ec96ecb8fee0a
Merge: 603e5bfc 3f679592
Author: Yaxun (Sam) Liu <yaxun.liu@amd.com>
Date:   Fri Mar 18 11:50:23 2016 -0400

    Merge pull request #105 from romanovvlad/fixRelationalFunctions
    
    Fix translation of relational funcs in case of arg is vector of doubles.

commit 603e5bfc75532b922a567f53ab8b154a6f03e117
Merge: c9853f01 3bfa40a7
Author: Yaxun (Sam) Liu <yaxun.liu@amd.com>
Date:   Fri Mar 18 11:48:51 2016 -0400

    Merge pull request #104 from AlexeySotkin/atomic_compare_exchange_explicit
    
    Enable handling of atomic_compare_exchange_{weak|strong}_explicit bui…

commit 9fbf1b88fcf42671cb4a62c7673bcdfeafa8a71d
Author: Alexey Bader <alexey.bader@intel.com>
Date:   Fri Mar 18 17:52:41 2016 +0300

    [SPIR-V] Added recursive type definition support.
    
    Applied code review from suggestions from Sam.
    Added support for TypeForwardPointer required by SPIR-V specification.

commit bd2d2b3a536d8f8586bbb3d99649634802745d74
Merge: 57d5658b c9853f01
Author: Alexey Bader <alexey.bader@intel.com>
Date:   Fri Mar 18 17:45:33 2016 +0300

    Merge remote-tracking branch 'github/khronos/spirv-3.6.1' into khronos/list-data-structure-fix

commit 2eae9648889d30c7a6c59d76b08a1dcf8880bcf9
Author: Yaxun (Sam) Liu <yaxun.liu@amd.com>
Date:   Wed Mar 16 14:07:35 2016 -0400

    Support SPIR-V type names for pipe and image types in LLVM to SPIR-V translator. Map OpenCL image and pipe type names to SPIR-V type names in OCLTypeToSPIRV.

commit 397720b1a2d2b0253845a047da477467f5958d5d
Author: Tyurin Evgeniy <evgeniy.tyurin@intel.com>
Date:   Thu Mar 17 14:13:51 2016 +0300

    [Reader] Create alloca for OpAtomicCompareExchange OpAtomicCompareExchangeWeak
    in the entry block rather than in the current one. Cover with a LIT test.
    
    An alloca outside an entry block is treated as dynamic
    and being placed in a loop may cause stack overflow.

commit 3bfa40a7b23341c6706763e620f4f40fcc8dfe2f
Author: Alexey Sotkin <alexey.sotkin@intel.com>
Date:   Thu Mar 17 15:13:54 2016 +0300

    Fix arguments of explicit variants of atomic_compare_exchange builtins

commit c9853f01600e6dcef50cfe3c57cd4584146e8416
Merge: f2b49d3d 68d646ae
Author: bader <alexey.bader@intel.com>
Date:   Thu Mar 17 11:28:33 2016 +0300

    Merge pull request #103 from KhronosGroup/yxsamliu-patch-1
    
    Add OpTypeSampledImage to SPIR-V friendly LLVM format.

commit 27ac8a033c78516c79699640923ae8bb63c70a5b
Author: Alexey Sotkin <alexey.sotkin@intel.com>
Date:   Wed Mar 16 23:48:47 2016 +0300

    Enable handling of atomic_compare_exchange_{weak|strong}_explicit builtins

commit 68d646ae4d1050afd166eddc7773c85c15f14c97
Author: Yaxun (Sam) Liu <yaxun.liu@amd.com>
Date:   Wed Mar 16 16:36:28 2016 -0400

    Add OpTypeSampledImage to SPIR-V friendly LLVM format.

commit 3f67959275110bfc81175cde5a098d2ad0ae8bc9
Author: vromanov <vlad.romanov@intel.com>
Date:   Wed Mar 16 17:20:41 2016 +0300

    Fix conversion of isnan, isfinite, isinf, isnormal in case of arg is vector of doubles.

commit f2b49d3d0cdfb2716851825d42ac8a9651561006
Merge: 295743d3 09229216
Author: bader <alexey.bader@intel.com>
Date:   Wed Mar 16 11:57:16 2016 +0300

    Merge pull request #101 from aaronenyeshi/spirv-llvm-new
    
    Fixed potentially uninitialized local variable Builtin used

commit 092292160e163f35cbf0cf12e145ba5e61090d30
Author: enye.shi@gmail.com <enye.shi@gmail.com>
Date:   Tue Mar 15 16:58:10 2016 -0400

    Fixed potentially uninitialized local variable Builtin used

commit 295743d3fd50960a57251f8bd8ad5976b47dd229
Merge: 35854ba0 f79d5123
Author: bader <alexey.bader@intel.com>
Date:   Tue Mar 15 14:23:54 2016 +0300

    Merge pull request #100 from KhronosGroup/khronos/VS2012-build-fix
    
    [SPIR-V] Fix build with VS2012.

commit f79d5123efe730c1c6100ffb0f699b956dbd4095
Author: Alexey Bader <alexey.bader@intel.com>
Date:   Tue Mar 15 11:49:41 2016 +0300

    [SPIR-V] Fix build with VS2012.
    
    Current version of SPIR-V/LLVM translator is based on LLVM 3.6, which requires VS2012+ compiler on Windows.
    Unfortunately VS2012 doesn't support list initialization.

commit 35854ba05c5c3f8108fa4c365721a39da1ff058d
Merge: f36997d3 fc83fc74
Author: bader <alexey.bader@intel.com>
Date:   Tue Mar 15 12:20:00 2016 +0300

    Merge pull request #97 from bsochack/khronos/spirv-3.6.1
    
    updated built-in variable names to match LLVM for SPIR-V documentatio…

commit fc83fc7435d0e889c6a29c5c1b52332b96565d6a
Author: Bartosz Sochacki <bartosz.sochacki@intel.com>
Date:   Mon Mar 14 14:54:42 2016 +0100

    updated built-in variable names to match LLVM for SPIR-V documentation (issue #89)

commit 57d5658bf24a4f345f9d7f998b8ee712fac20a5b
Author: Alexey Bader <alexey.bader@intel.com>
Date:   Mon Mar 14 18:11:22 2016 +0300

    Changes to support forward references.
    
    This change is required for enabling forward reference support used list data structure.
    
    struct Node {
        Node *next;
            int value;
    };

commit f36997d3ab1a5caeda64bda055acff44481f6b44
Merge: 185b5772 bc935f3e
Author: Yaxun (Sam) Liu <yaxun.liu@amd.com>
Date:   Mon Mar 14 14:52:48 2016 -0400

    Merge pull request #95 from turinevgeny/addCallInst_assertion_fix
    
    [Reader] Fix assertion: trying to assign a name to a void type Value.

commit 185b5772cca76e2ec6ba618ad2701fd6c6dc8378
Merge: b1947111 1ec5781f
Author: Yaxun (Sam) Liu <yaxun.liu@amd.com>
Date:   Mon Mar 14 14:50:30 2016 -0400

    Merge pull request #96 from mwalkowi/patch-1
    
    Update SPIRVRepresentationInLLVM.rst

commit b194711153cd4d165926cea7a6846c090613623a
Merge: 1067cd30 b6a1a9e5
Author: Yaxun (Sam) Liu <yaxun.liu@amd.com>
Date:   Mon Mar 14 14:47:18 2016 -0400

    Merge pull request #8 from pierremoreau/update_spirv_header
    
    Update spirv.h to latest available version

commit 1067cd30043fc6ecb018da22f6d120de9cf91641
Merge: a67a2361 906b029a
Author: Yaxun (Sam) Liu <yaxun.liu@amd.com>
Date:   Mon Mar 14 14:41:12 2016 -0400

    Merge pull request #94 from AlexeySotkin/atomic_inc_dec
    
    Fix translation of OpAtomicIIncrement and OpAtomicIDecrement

commit 1ec5781fa100f715aa3b2148a90e6744f90591c8
Author: mwalkowi <marcin.walkowiak@intel.com>
Date:   Mon Mar 14 14:06:17 2016 +0100

    Update SPIRVRepresentationInLLVM.rst
    
    There is missing naming convention for OpBitcast when used to reinterpret / bitcast between scalar and vector types (as_type / as_typen in OpenCL C / C++). The LLVM representation should have return type encoded in name.

commit bc935f3e603db6b93ad0873145c639c1f8dd5325
Author: Tyurin Evgeniy <evgeniy.tyurin@intel.com>
Date:   Thu Mar 10 17:40:35 2016 +0300

    [Reader] Fix assertion: trying to assign a name to a void type Value.
    Affected atomic built-ins returning void. Cover with a LIT test.

commit b6a1a9e5c54272d716a276f21a3a5c722fa11796
Author: Pierre Moreau <dev@pmoreau.org>
Date:   Sun Mar 13 18:49:59 2016 +0100

    SPIRV: Update required capabilities maps
    
    Fixes #90: Shader and Matrix capabilities are added to the kernels when
    StorageClassFunction is used

commit fcf2329c903a98558561153c5469cbd4daa754f2
Author: Pierre Moreau <dev@pmoreau.org>
Date:   Sun Mar 13 18:49:32 2016 +0100

    SPIRV: Update name maps

commit 54db12639c4b196e8baa736a1b54890ab2237176
Author: Pierre Moreau <dev@pmoreau.org>
Date:   Sat Mar 5 18:32:13 2016 +0100

    SPIRV: Partial update of spirv.hpp
    
    `OpLinkageInternal` and `OpForward` are kept around for now.

commit 375690acb3145039fddfe0ce15e71d5d3ea6310f
Author: Pierre Moreau <dev@pmoreau.org>
Date:   Sat Mar 5 13:19:51 2016 +0100

    SPIRV: Move generated `isValid()` to separate file
    
    As the latest version of SPIR-V headers does not define `*Count` enum values,
    which were used in those `isValid()` functions, we instead generate them as a
    switch statement. Having them in a separate file makes it easier to update
    them using the script.

commit f9ae816bb558d99d60e56aaacbc4dd577d1a629c
Author: Pierre Moreau <dev@pmoreau.org>
Date:   Sun Mar 13 16:45:25 2016 +0100

    gen_spirv: Output a complete header file, not just the content
    
    The produced file contains a header, proper include guards, includes to
    necessary headers and put the code within the `SPIRV` namespace.

commit 15f631c1814145bcb5ae428f84eb1edd1d233f33
Author: Pierre Moreau <dev@pmoreau.org>
Date:   Sat Mar 5 17:45:38 2016 +0100

    gen_spirv: Generate `isValid*Mask()` functions

commit 553076d7dc5d6fe74199c807de80f7070aabc912
Author: Pierre Moreau <dev@pmoreau.org>
Date:   Sat Mar 5 13:03:27 2016 +0100

    gen_spirv: Inline generated `isValid()` functions

commit 5a63060e3c53393432c56ec9722d2bb365ac1ecb
Author: Pierre Moreau <dev@pmoreau.org>
Date:   Sun Feb 28 22:03:07 2016 +0100

    gen_spirv: Remove left-over comments

commit 3ddf533b86c65dbcddc5baacffc1bd215001fdbb
Author: Pierre Moreau <dev@pmoreau.org>
Date:   Sun Feb 28 21:58:07 2016 +0100

    gen_spirv: Check for non-small letter after prefix
    
    Previously, searching for `ExecutionMode` would match against `ExecutionModel`
    as well, which is not the desired behaviour.

commit 906b029a14c111d7ae62cefc98e6b4e5ccad5389
Author: Alexey Sotkin <alexey.sotkin@intel.com>
Date:   Thu Mar 10 18:08:54 2016 +0300

    Fix translation of OpAtomicIIncrement and OpAtomicIDecrement
    
    Fix comment in the test
    Relax check for the first argument of atomic_fetch_{add|sub}_explicit in the test

commit 5f2432c1a4ebb5d53d8717d46730d7c6ba6e0cc1
Author: Alexey Sotkin <alexey.sotkin@intel.com>
Date:   Thu Mar 10 13:02:45 2016 +0300

    Fix translation of OpAtomicIIncrement and OpAtomicIDecrement
    
    Translate these instructions to atomic_fetch_add_explicit and
    atomic_fetch_sub_explicit builtins with "operand" argument = 1.

commit a67a23614b6125a8fed47e7bb5040909e8bc1f1d
Merge: f02ab081 2a76f908
Author: bader <alexey.bader@intel.com>
Date:   Thu Mar 10 10:32:03 2016 +0300

    Merge pull request #92 from KhronosGroup/yxsamliu-spirv-types
    
    Fix SPIR-V type representation in SPIR-V friendly format.

commit 2a76f908776c5e8df943051ed7e33222650cd753
Author: Yaxun (Sam) Liu <yaxun.liu@amd.com>
Date:   Wed Mar 9 14:10:41 2016 -0500

    Update SPIRVRepresentationInLLVM.rst

commit f02ab0815ea917259b201a459bc9124801ba837f
Merge: 116569ab 619d6375
Author: bader <alexey.bader@intel.com>
Date:   Wed Mar 9 21:28:26 2016 +0300

    Merge pull request #91 from KhronosGroup/yxsamliu-doc-spirv-types
    
    Document the representation of SPIR-V specific types in SPIR-V friendly LLVM IR format.

commit 619d6375dca5cd6a489709f9f8e951c198b1072b
Author: Yaxun (Sam) Liu <yaxun.liu@amd.com>
Date:   Wed Mar 9 13:12:05 2016 -0500

    Update SPIRVRepresentationInLLVM.rst

commit b094fa64256ae22378576946d226a59631cc111a
Author: Yaxun (Sam) Liu <yaxun.liu@amd.com>
Date:   Wed Mar 9 12:17:21 2016 -0500

    Update SPIRVRepresentationInLLVM.rst

commit 116569ab95f3efb93485ed60cf315116b4f0732a
Merge: e6cd4140 e6318074
Author: bader <alexey.bader@intel.com>
Date:   Wed Mar 9 13:29:03 2016 +0300

    Merge pull request #88 from turinevgeny/pipe_builtins_mangling_fix
    
    [Reader] Fixes to mangling of pipe built-ins

commit e6318074a309c91b5d294e58524be13f5c33739c
Author: Tyurin Evgeniy <evgeniy.tyurin@intel.com>
Date:   Sat Feb 20 16:40:02 2016 +0300

    [Reader] Fixes to mangling of pipe built-ins (align with SPIR 2.0
    provisional specification):
      * pipe is a pointer to opaque struct that resides in global addrspace
        (encoded as PU3AS1) (but the addrspace can be changed via
        SPIRV_PIPE_ADDR_SPACE define) to allow vendors be flexible with
        the addrspace.
      * encode uint pipe arguments and two additional i32 literal arguments
        for built-ins accepting pipes as an argument (required by
        SPIR 2.0 spec) as unsgined int (as 'j').

commit e6cd4140a28a203ee9050b799a08a88e93771359
Merge: 3ab848ff 09f52db1
Author: Yaxun (Sam) Liu <yaxun.liu@amd.com>
Date:   Tue Mar 8 10:16:11 2016 -0500

    Merge pull request #87 from aaronenyeshi/spirv-llvm-new
    
    Fixed comparisons between signed and unsigned integer expressions.

commit 09f52db164585c2cdf02bc0ed6e1facc26351723
Author: U-AMD\ashi1 <ashi1@Enye-PC.amd.com>
Date:   Mon Mar 7 15:09:13 2016 -0500

    Fixed comparisons between signed and unsigned integer expressions.

commit 3ab848ff0e683885108849445502cb305b8912e4
Merge: 9f3cecd7 b11c499c
Author: Yaxun (Sam) Liu <yaxun.liu@amd.com>
Date:   Mon Mar 7 10:52:03 2016 -0500

    Merge pull request #86 from AlexeySotkin/image_operands
    
    Fixing mipmap images with lod and grad parameters

commit b11c499c55c78a1a25b1e5b9964d78b561f9bab1
Author: Alexey Sotkin <alexey.sotkin@intel.com>
Date:   Sat Mar 5 20:01:03 2016 +0300

    Fixing mipmap images with lod and grad parameters.
    
    Fix conversion from SPIR-V to LLVM.
    LIT tests are added.

commit b1ef058c1c83b522c8c23e1a178390134d5891a5
Author: spillow <scott.pillow@intel.com>
Date:   Wed Feb 24 18:02:42 2016 -0800

    Fixing mipmap images with lod and grad parameters.

commit 9f3cecd7b89a0e91a36492f4972ed7aad502c627
Merge: 46985696 6f2d15e0
Author: Yaxun (Sam) Liu <yaxun.liu@amd.com>
Date:   Fri Mar 4 10:49:46 2016 -0500

    Merge pull request #85 from AlexeySotkin/fix_global_block
    
    Fix global block

commit 6f2d15e0a99e7b503edd27f0f3f036007fb5748f
Author: Alexey Sotkin <alexey.sotkin@intel.com>
Date:   Thu Mar 3 15:36:04 2016 +0300

    Added a pattern to look through a load to find an opencl.block
    
    Fix for case when there is no spir_block_bind
    Allow translation of OpBitCast without llvm::BasicBlock, i.e. in global scope
    A LIT test is added

commit 6a2fe0a54694dfa853b112e774f77f1b5a8d409b
Author: spillow <scott.pillow@intel.com>
Date:   Thu Feb 25 17:33:56 2016 -0800

    Added a pattern to look through a load to find an opencl.block.  Will add reproducer shortly.

commit 46985696258245255539691a8d8dc5bb764435d6
Merge: 9bd7c7f6 6bfe88e6
Author: bader <alexey.bader@intel.com>
Date:   Fri Mar 4 12:06:30 2016 +0300

    Merge pull request #83 from romanovvlad/ThreadSafeMap
    
    Guard initialization of SPIRVMap.

commit 9bd7c7f6d8c9e35089344ecc85469e7688e8dee9
Merge: 5599aa14 297a2231
Author: bader <alexey.bader@intel.com>
Date:   Fri Mar 4 12:02:03 2016 +0300

    Merge pull request #84 from AndreyE/fix_cygwin_build
    
    [SPIRV] Fix build under Cygwin

commit 297a22313162e69e15ab4171152830905c1f1271
Author: Andrey Lizunov <andrey.e.lizunov@intel.com>
Date:   Fri Mar 4 10:22:21 2016 +0300

    [SPIRV] Fix build under Cygwin
    
    Cygwin doesn't have std::to_string function. For more details see
    the following thread:
    https://cygwin.com/ml/cygwin/2015-01/msg00245.html

commit 5599aa142e0909f751a19e9db392c36edc61e632
Merge: be3a378e c890d94c
Author: Yaxun (Sam) Liu <yaxun.liu@amd.com>
Date:   Thu Mar 3 10:30:55 2016 -0500

    Merge pull request #82 from AlexeySotkin/SampledImage_argument
    
    Fix constant sampler case where the constant is still accessed through a load

commit 6bfe88e6188bb10c648fdff851ab10860295b718
Author: vromanov <vlad.romanov@intel.com>
Date:   Wed Mar 2 15:32:22 2016 +0300

    Make SPIRVMap thread safe.

commit be3a378e367090c071839cb8a1d09c17f726ae47
Merge: 142a94a8 f29482c4
Author: bader <alexey.bader@intel.com>
Date:   Thu Mar 3 18:03:41 2016 +0300

    Merge pull request #80 from AndreyE/multiple_nd_ranges
    
    [Writer] Allow ndrange_2D and ndrange_3D to coexist in the same input module

commit f29482c42f1369c82af644f907f50f8484eb945b
Author: spillow <scott.pillow@intel.com>
Date:   Fri Feb 26 17:26:28 2016 -0800

    [Writer] Allow ndrange_2D and ndrange_3D to coexist in the same input module

commit 142a94a86187bc5ce870cfd88766e99c5a7eebfa
Merge: fec679ab c30ea76c
Author: Yaxun (Sam) Liu <yaxun.liu@amd.com>
Date:   Wed Mar 2 11:13:04 2016 -0500

    Merge pull request #81 from KhronosGroup/khronos/signbit
    
    [SPIR-V] Fixed translation of signbit relational built-in function.

commit c30ea76ccdbed0b4480251fd52f49668e28bcac1
Author: Alexey Bader <alexey.bader@intel.com>
Date:   Wed Mar 2 14:32:39 2016 +0300

    [SPIR-V] Fixed translation of signbit relational built-in function.
    
    Map 'int' return data type of signbit built-in function to OpTypeBool return type of OpSignBitSet SPIR-V instruction.

commit fec679ab68671962f6e7ac9e28234e5c93a7002f
Merge: f6afbd2d f080d8cb
Author: Yaxun (Sam) Liu <yaxun.liu@amd.com>
Date:   Wed Mar 2 10:55:51 2016 -0500

    Merge pull request #78 from KhronosGroup/khronos/mixed-argument-types
    
    [SPIR-V] Fixes for built-in functions with vector+scalar arguments.

commit c890d94c6502196329c0d66f2e714ad120a445fb
Author: Alexey Sotkin <alexey.sotkin@intel.com>
Date:   Wed Mar 2 12:06:32 2016 +0300

    Fix constant sampler case where the constant is still accessed through a load
    
    Add LIT tests.
    Add comments
    Fix erasing of names in LLVMToSPIRV::transValue

commit f080d8cb5577d78eec14665cafa51ddc8263d75c
Author: Alexey Bader <alexey.bader@intel.com>
Date:   Tue Mar 1 19:19:48 2016 +0300

    [SPIR-V] Fixes for built-in functions with vector+scalar arguments.
    
    Built-in functions like fmin, fmax, max, min, smoothstep, step, clamp and mix have two flavours of argument types: vector+vector and vector+scalar.
    SPIR-V has only one version (vector+vector).
    We fix translation by converting scalar argument to vector.

commit b447638b18aeccf211620e3774a7278288d8c032
Author: spillow <scott.pillow@intel.com>
Date:   Fri Feb 12 17:52:49 2016 -0800

    Fix constant sampler case where the constant is still accessed through a load.

commit f6afbd2dd537670df666f983f3e00838dbd43061
Merge: 3a7ef328 f8c2484e
Author: Yaxun (Sam) Liu <yaxun.liu@amd.com>
Date:   Tue Mar 1 15:10:22 2016 -0500

    Merge pull request #77 from KhronosGroup/khronos/group-builtins
    
    [SPIR-V] Fix for OpGroupAll/OpGroupAny.

commit f8c2484ebb7c3112fd2d1d879864d93dd73fe288
Author: Alexey Bader <alexey.bader@intel.com>
Date:   Tue Mar 1 18:23:50 2016 +0300

    [SPIR-V] Fix for OpGroupAll/OpGroupAny.
    
    OpenCL built-in functions work_group_all/work_group_any accept/return 32-bit integers, whereas SPIR-V instructions are working with OpTypeBool.

commit 3a7ef328a3c0eb636e06ab447fa30aaa6daed731
Merge: cf8f80ca b7fb7d87
Author: Yaxun (Sam) Liu <yaxun.liu@amd.com>
Date:   Fri Feb 26 10:26:18 2016 -0500

    Merge pull request #75 from KhronosGroup/khronos/boolean-constant
    
    Fix for bools being emitted as ints.

commit cf8f80ca675f6691e055c39e66f6efb999830daa
Merge: e9293af9 75136697
Author: Yaxun (Sam) Liu <yaxun.liu@amd.com>
Date:   Fri Feb 26 10:23:15 2016 -0500

    Merge pull request #76 from AlexeySotkin/common_linkage_type
    
    Fix for translation of linkage type for tentative definitions

commit 751366975737d8eba3cead730771db1dfd18e7bf
Author: Alexey Sotkin <alexey.sotkin@intel.com>
Date:   Fri Feb 26 02:21:35 2016 +0300

    Fix for translation of linkage type for tentative definitions
    
    Tentative definition in C => common linkage type variable in LLVM =>
    Export linkage type variable w/o initializer in SPIR-V =>
    common linkage type variable in LLVM.

commit b7fb7d871ea10b853601d2143a86d89775e0c7f9
Author: Alexey Bader <alexey.bader@intel.com>
Date:   Fri Feb 26 04:25:28 2016 +0300

    Fix for bools being emitted as ints.

commit e9293af98406864b6bc80545b09557d22f8ca88a
Merge: bb0a5a0a bb885fe1
Author: Yaxun (Sam) Liu <yaxun.liu@amd.com>
Date:   Thu Feb 25 15:53:45 2016 -0500

    Merge pull request #74 from KhronosGroup/khronos/clamp-fix
    
    Fix for calling the wrong math builtin for float arguments (e.g., cal…

commit bb885fe120eb1141c4e88ece816941f87c320307
Author: spillow <scott.pillow@intel.com>
Date:   Fri Feb 5 18:15:04 2016 -0800

    Fix for calling the wrong math builtin for float arguments (e.g., calling s_clamp when it should have called fclamp).

commit bb0a5a0a1417a2ad3107ed7deed133a58e254d32
Merge: e41e4aee 9113bd5e
Author: Yaxun (Sam) Liu <yaxun.liu@amd.com>
Date:   Wed Feb 24 11:00:03 2016 -0500

    Merge pull request #73 from KhronosGroup/khronos/compare-fix
    
    Fix codegen for cmp ops since we can't do Op*Convert with Bool argume…

commit 9113bd5e9f8ef45c75c6afbb4b263bf4c866545f
Author: Alexey Bader <alexey.bader@intel.com>
Date:   Wed Feb 24 18:42:20 2016 +0300

    Fix codegen for cmp ops since we can't do Op*Convert with Bool arguments.

commit e41e4aee0877d0bc7433978c1341783b026fae42
Merge: ac2fe407 01c6ce01
Author: Yaxun (Sam) Liu <yaxun.liu@amd.com>
Date:   Wed Feb 24 10:13:04 2016 -0500

    Merge pull request #70 from KhronosGroup/khronos/scalar-dot
    
    [SPIR-V] OpDot accepts vector arguments, so we translate dot(<scalar>…

commit ac2fe40736e002324b7a343766e4a7b46a81d452
Merge: 020e04e0 71aef854
Author: Yaxun (Sam) Liu <yaxun.liu@amd.com>
Date:   Wed Feb 24 10:09:53 2016 -0500

    Merge pull request #71 from KhronosGroup/khronos/relationals
    
    Fixed wrong return type on IsNan, IsFinite, IsInf and IsNormal.

commit 020e04e03522cca200a7636e1983b7658305b871
Merge: f8a6f7e8 fe1c3ccd
Author: Yaxun (Sam) Liu <yaxun.liu@amd.com>
Date:   Wed Feb 24 10:08:10 2016 -0500

    Merge pull request #72 from KhronosGroup/khronos/DecorationGroup-limitation-fix
    
    Don't use DecorationGroups if more than 65535 decorations since that …

commit fe1c3ccd7efee5285a638a98fd6bbe8e7fed95a9
Author: Krisch <raun.m.krisch@intel.com>
Date:   Fri Feb 5 16:02:11 2016 -0800

    Don't use DecorationGroups if more than 65535 decorations since that overflows WordCount.

commit 71aef8546a2e770fbc83a34ce1f9770a5c7d3e9d
Author: Alexey Bader <alexey.bader@intel.com>
Date:   Wed Feb 24 11:36:47 2016 +0300

    Fixed wrong return type on IsNan, IsFinite, IsInf and IsNormal.
    
    OpenCL functions return integer types whereas SPIR-V counterparts return boolean types.

commit 01c6ce01fe0b4c9f992cdf8ad65377110c5edd5f
Author: Alexey Bader <alexey.bader@intel.com>
Date:   Wed Feb 24 10:52:53 2016 +0300

    [SPIR-V] OpDot accepts vector arguments, so we translate dot(<scalar>, <scalar>) to OpFMul.

commit f8a6f7e8e246281625021812c26e6ced1eba06e4
Merge: 22cbdee0 b05aadd6
Author: bader <alexey.bader@intel.com>
Date:   Tue Feb 23 21:05:28 2016 +0300

    Merge pull request #69 from KhronosGroup/add-gen-spirv-script
    
    Add gen_spirv.bash script for generating code from spirv.h

commit b05aadd6f9eda28cfb25b7a472e37026abab2e91
Author: Yaxun (Sam) Liu <yaxun.liu@amd.com>
Date:   Tue Feb 23 11:36:37 2016 -0500

    Add gen_spirv.bash script for generating code from spirv.h

commit 22cbdee012a1555d5d8fc459d6f575c6efaa5f26
Merge: 081f4675 fd05eb47
Author: Yaxun (Sam) Liu <yaxun.liu@amd.com>
Date:   Mon Feb 22 13:42:43 2016 -0500

    Merge pull request #67 from KhronosGroup/khronos/OpAll-OpAny-fixes
    
    Add support for all() and any().

commit fd05eb471003cf1b2f992df3b25256cabc011d2e
Author: Alexey Bader <alexey.bader@intel.com>
Date:   Mon Feb 22 21:07:03 2016 +0300

    Align variable names with LLVM coding style guidelines.

commit 081f4675843451394c5eebd4a5c6dec83160fbcd
Merge: ab9d88c1 5350a70c
Author: Yaxun (Sam) Liu <yaxun.liu@amd.com>
Date:   Mon Feb 22 11:13:58 2016 -0500

    Merge pull request #66 from KhronosGroup/khronos/get-image-size-fix
    
    Fix for get_image_array_size().

commit ab9d88c15fc6709cec8b6aa44dc6f6ce8d856963
Merge: 704ac1fc 22ecd6fd
Author: Yaxun (Sam) Liu <yaxun.liu@amd.com>
Date:   Mon Feb 22 10:17:52 2016 -0500

    Merge pull request #68 from KhronosGroup/khronos/small-refactoring
    
    Minor refactoring in SPIR-V reader.

commit 22ecd6fd9e3e7f00ef11bb181f0a60bbaa65a0a8
Author: Alexey Bader <alexey.bader@intel.com>
Date:   Sat Feb 20 13:27:53 2016 +0300

    SPIR-V reader minor refactoring.
    
    * Replace assert (0) with llvm_unreachable()
    * Remove superfluous break statements
    * Simplify zero constant creation
    * NULL -> nullptr
    * Apply LLVM formatting rules to transValueWithoutDecoration.
    
    No functional changes are intended.

commit 1a9f8bfb5f39fc7a0e392d1e6d03066b31e3eb12
Author: Alexey Bader <alexey.bader@intel.com>
Date:   Sat Feb 20 13:22:41 2016 +0300

    Use ".spt" default file extension for output file if '-spirv-text' option is set.

commit e3e33ffdc95caee6f1407f8a16ad93efbb5f97e0
Author: Alexey Bader <alexey.bader@intel.com>
Date:   Fri Feb 19 22:44:38 2016 +0300

    Add support for all() and any().

commit 5350a70cbb5974acbf7fcd94a7a9941239ecdb45
Author: Alexey Bader <alexey.bader@intel.com>
Date:   Fri Feb 19 17:14:24 2016 +0300

    Fix for get_image_array_size().
    
    Add return type to overload for OpImageQuerySizeLod and OpImageQuerySize.
    
    Refactor return mangling into function.

commit 704ac1fc003de1e46cd8de13a5e76b847ac698c7
Merge: 183b0720 54c89523
Author: bader <alexey.bader@intel.com>
Date:   Fri Feb 19 12:43:17 2016 +0300

    Merge pull request #63 from AndreyE/blocks_with_local_memory
    
    [Reader] Fix mangling of device execution built-ins with local memory arguments.
    
    According to OpenCL 2.0 specification some device execution built-ins may have
    ellipsis in the arguments along with a block with local memory arguments. These
    built-ins apparently must be mangled differenlty then built-ins w\o blocks
    with local memory arguments so BE could be able to handle them properly.
    
    uint get_kernel_work_group_size (void (^block)(local void *, …));
    
    uint get_kernel_preferred_ work_group_size_multiple (
    void (^block)(local void *, …));
    
    int enqueue_kernel (queue_t queue, kernel_enqueue_flags_t flags,
    const ndrange_t ndrange,
    uint num_events_in_wait_list,
    const clk_event_t *event_wait_list,
    clk_event_t *event_ret,
    void (^block)(local void *, ...…),
    uint size0, ...)
    
    Unfortuantely SPIR 2.0 specification doesn't state anything about these
    built-ins except the generic sentece about built-ins mangling. So, this
    commit follows SPIR 2.0 generator and SPIR 2.0 spec. and Itanium C++ ABI
    spec. to mangle these built-ins.

commit 54c895238724570f0b35a4c85e0f592835b3d610
Author: Andrey Lizunov <andrey.e.lizunov@intel.com>
Date:   Mon Feb 15 17:43:01 2016 +0300

    [NFC] Use std::find_if instead of a loop

commit 099a3e83941e31d7c0754a301bd10cf8c09f061b
Author: Andrey Lizunov <andrey.e.lizunov@intel.com>
Date:   Fri Feb 12 11:24:17 2016 +0300

    [Reader] Fix mangling of device execution built-ins with local memory arguments
    
    According to OpenCL 2.0 specification some device execution built-ins may have
    ellipsis in the arguments along with a block with local memory arguments. These
    built-ins apparently must be mangled differenlty then built-ins w\o blocks
    with local memory arguments so BE could be able to handle them properly.
    
    uint get_kernel_work_group_size (void (^block)(local void *, …));
    
    uint get_kernel_preferred_ work_group_size_multiple (
     void (^block)(local void *, …));
    
    int enqueue_kernel (queue_t queue, kernel_enqueue_flags_t flags,
                        const ndrange_t ndrange,
                        uint num_events_in_wait_list,
                        const clk_event_t *event_wait_list,
                        clk_event_t *event_ret,
                        void (^block)(local void *, ...…),
                        uint size0, ...)
    
    Unfortuantely SPIR 2.0 specification doesn't state anything about these
    built-ins except the generic sentece about built-ins mangling. So, this
    commit follows SPIR 2.0 generator and SPIR 2.0 spec. and Itanium C++ ABI
    spec. to mangle these built-ins.

commit 183b07200f0f68d1e0be42f879ffb8cd477d9ea4
Merge: 48815c39 02b6915f
Author: bader <alexey.bader@intel.com>
Date:   Thu Feb 18 13:58:29 2016 +0300

    Merge pull request #64 from KhronosGroup/khronos/revert-generator-fixes
    
    Revert generator fixes

commit 02b6915f7c9918bce5e0bb806b1a7e9ce8c4d7ee
Author: Alexey Bader <alexey.bader@intel.com>
Date:   Thu Feb 18 12:53:57 2016 +0300

    Added getPostfixForReturnType for Type parameter to fix the build.

commit 56bec75f85d605b14c48ca085c38aec88fc58896
Author: Alexey Bader <alexey.bader@intel.com>
Date:   Thu Feb 18 10:24:21 2016 +0300

    Revert "Merge pull request #49 from scottp101/khronos/spirv-3.6.1"
    
    This reverts commit b6c50278ffad9182fd19f350ac53da576a4bc191, reversing
    changes made to 38443820c5c91d4c0bcca9eaa452b87db3f4c443.
    
    This commit is reverted because of the following reasons:
    1. it introduces wrong encoding for prefetch instruction
    2. there are regression tests
    3. it breaks round-trip conversion to LLVM IR
    
    Conflicts:
            lib/SPIRV/OCL20ToSPIRV.cpp
            lib/SPIRV/SPIRVWriter.cpp

commit 48815c3905056a516d8fd6b09188aecf93efbb12
Merge: 06ac7628 3d2b7686
Author: Yaxun (Sam) Liu <yaxun.liu@amd.com>
Date:   Fri Feb 12 15:03:52 2016 -0500

    Merge pull request #62 from KhronosGroup/khronos/get_fence-fix
    
    [SPIR-V] Fix translation of get_fence built-in function.

commit 3d2b76863b576f19841bf65de8c6c139e5d6a69b
Author: Alexey Bader <alexey.bader@intel.com>
Date:   Fri Feb 12 16:15:35 2016 +0300

    [SPIR-V] Fix translation of get_fence built-in function.
    
    SPIR 1.2 defines valid values for get_fence function to be 1, 2 or 3.
    get_fence is translated to OpGenericPtrMemSemantics, which returns 0x100, 0x200 or 0x300,
    so additional shift operations are added to align return values between OpenCL built-in function and SPIR-V instruction.

commit 06ac76281c85fec749040407e7d83c033cbe1c1f
Merge: c16e5417 c0d2fea2
Author: Yaxun (Sam) Liu <yaxun.liu@amd.com>
Date:   Thu Feb 11 10:18:41 2016 -0500

    Merge pull request #61 from KhronosGroup/khronos/ConstantSampler
    
    [SPIR-V] Fixed encoding of sampler type.

commit c16e54178ea9e0c2fdf0a1103af165e69e5d0d33
Merge: 01f53879 16f3ec39
Author: Yaxun (Sam) Liu <yaxun.liu@amd.com>
Date:   Thu Feb 11 10:17:35 2016 -0500

    Merge pull request #60 from KhronosGroup/khronos/OpReadImageMSAA
    
    [SPIR-V] Fixed encoding on OpImageRead for multi-sampled images.

commit c0d2fea2fd8ae4a82b7a9489f06d3445f8cb72bb
Author: Alexey Bader <alexey.bader@intel.com>
Date:   Thu Feb 11 13:23:08 2016 +0300

    [SPIR-V] Fixed encoding of sampler type.
    
    Looks like a regression after refactoring. LLVMToSPIRV methods are still looking for OpenCL built-in names instead of SPIR-V opcode names.

commit 16f3ec391dc80b3d87df7e25f59a4a27de84d277
Author: Alexey Bader <alexey.bader@intel.com>
Date:   Wed Feb 10 19:57:36 2016 +0300

    [SPIR-V] Fixed encoding on OpImageRead for multi-sampled images.
    
    If image is created from GL multi-sampled texture, sample argument must be encoded as "Image Operand".

commit 01f53879e653776d0d978a20efa2ffdbee7cf03b
Merge: 3da680a2 3e5cb93e
Author: Yaxun (Sam) Liu <yaxun.liu@amd.com>
Date:   Wed Feb 10 11:41:39 2016 -0500

    Merge pull request #59 from KhronosGroup/khronos/OpImageSampleExplicitLod
    
    [SPIR-V] Fix encoding of OpImageSampleExplicitLod instruction.

commit 3da680a231ef4d8ec887295aec2be999bc78052b
Merge: 45fec4f1 068654a5
Author: Yaxun (Sam) Liu <yaxun.liu@amd.com>
Date:   Wed Feb 10 10:26:01 2016 -0500

    Merge pull request #58 from AlexeySotkin/OpAtomicCompareExchange
    
    Implement support of OpAtomicCompareExchange in SPIR-V generator and …

commit 45fec4f1fe96ab7b8c3f6c93efd77c394b90732c
Merge: bb8446b9 1aa6f2df
Author: Yaxun (Sam) Liu <yaxun.liu@amd.com>
Date:   Wed Feb 10 10:21:48 2016 -0500

    Merge pull request #57 from AndreyE/device_execution_multiple_blocks
    
    Fix handling other than enqueue_kernel device execution built-ins.

commit 3e5cb93e1d659739a1633129019f308ecf914477
Author: Alexey Bader <alexey.bader@intel.com>
Date:   Wed Feb 10 17:49:33 2016 +0300

    [SPIR-V] Fix encoding of OpImageSampleExplicitLod instruction.
    
    Fixed following issues:
     - According to SPIR-V specification OpImageSampleExplicitLod must always specify Image Operands argument with at least LOD mask operand.
     - If image contains depth information read_image OpenCL built-in must return scalar value, where as OpImageSampleExplicitLod must always return vector type value. So in case of depth image, OpImageSampleExplicitLod is expected to return depth in 0 component of return vector.
    
    Testing: added round-trip test that verifies that OpImageSampleExplicitLod return 4 element vector even for depth images and Image Operands are present.

commit 1aa6f2df1aeb89c94d92ec5bc936210651034a54
Author: Andrey Lizunov <andrey.e.lizunov@intel.com>
Date:   Mon Feb 8 19:48:38 2016 +0300

    Fix handling other than enqueue_kernel device execution built-ins.

commit bb8446b9930c369e2b6e64d4d7416548900e5a1b
Merge: 3a2514a4 d2452792
Author: Yaxun (Sam) Liu <yaxun.liu@amd.com>
Date:   Tue Feb 9 10:04:17 2016 -0500

    Merge pull request #53 from AndreyE/mangling_fixes
    
    Mangling fixes

commit 3a2514a4a0d49b3231be5b45b7db6209f01ae688
Merge: 59b5989d ad1913f9
Author: Yaxun (Sam) Liu <yaxun.liu@amd.com>
Date:   Tue Feb 9 10:04:01 2016 -0500

    Merge pull request #55 from KhronosGroup/khronos/fix-OpGroupAsyncCopy-test
    
    [SPIR-V] Adjust lit test on OpGroupAsyncCopy to recent changes.

commit 59b5989df5df4892c9cac7093accf211cf34f413
Merge: 18c1f1e7 e3cb81e7
Author: Yaxun (Sam) Liu <yaxun.liu@amd.com>
Date:   Tue Feb 9 10:00:33 2016 -0500

    Merge pull request #56 from rfsaliev/BuildNDRange
    
    OpBuildNDRange arguments order fix

commit e3cb81e75e6e4a426bc8b96a23ace11cbf45b627
Author: rfsaliev <rafik.f.saliev@intel.com>
Date:   Tue Feb 9 15:29:23 2016 +0100

    Fix BuildNDRange reverse translation and add lit test

commit 7ed7b31bc9dda3b15a6f7d6a7bce30a73b431b2d
Author: rfsaliev <rafik.f.saliev@intel.com>
Date:   Tue Feb 9 15:21:13 2016 +0100

    OpBuildNDRange arguments order fix

commit 068654a5e729e5d76109e4b1eb447b313773ef68
Author: Alexey Sotkin <alexey.sotkin@intel.com>
Date:   Tue Feb 9 15:47:52 2016 +0300

    Implement support of OpAtomicCompareExchange in SPIR-V generator and consumer
    
    Type of return value, arguments' types and thier order is corrected.

commit ad1913f95e5c815913a07fbb514653b72c5a5f75
Author: Alexey Bader <alexey.bader@intel.com>
Date:   Tue Feb 9 11:49:15 2016 +0300

    [SPIR-V] Adjust lit test on OpGroupAsyncCopy to recent changes.
    
    Now default address space for event_t type depends on cmake option.
    Making this test agnostic to this option value.

commit d2452792ba9b21e858846ad82017dd69dc17ce2b
Author: Andrey Lizunov <andrey.e.lizunov@intel.com>
Date:   Wed Feb 3 10:32:36 2016 +0300

    Fix mangling of device execution built-ins

commit 70b197c660ed4f5cb3c89e005cfe8058f1fbaed9
Author: Andrey Lizunov <andrey.e.lizunov@intel.com>
Date:   Wed Feb 3 19:49:13 2016 +0300

    Mangling compression bugfix

commit 17dd0b0276c11476542bbb2bf0505f141ea5a592
Author: Andrey Lizunov <andrey.e.lizunov@intel.com>
Date:   Wed Feb 3 17:25:48 2016 +0300

    Mangle kernel_enqueue_flags_t and clk_profiling_info as int
    
    SPIR 2.0 specification states what kernel_enqueue_flags_t and
    clk_profiling_info are to be mangled as signed 32 bits integer.
    Excerpts from the specification:
        Note: kernel_enqueue_flags_t arguments to built-in functions are treated
        as i32 arguments for mangling purposes.
        Note: clk_profiling_info arguments to built-in functions are treated as
        i32 arguments for mangling purposes.

commit 18c1f1e7036558d0420281884f7aae571b64533e
Merge: 0b0ed818 cba06385
Author: Yaxun (Sam) Liu <yaxun.liu@amd.com>
Date:   Mon Feb 8 11:38:38 2016 -0500

    Merge pull request #49 from scottp101/khronos/spirv-3.6.1
    
    Fix for get_image_array_size().

commit 0b0ed818a30a72fd3dfcff2e1eb5fdbdc95719ee
Merge: 3e94608c ba2683b5
Author: Yaxun (Sam) Liu <yaxun.liu@amd.com>
Date:   Mon Feb 8 11:18:05 2016 -0500

    Merge pull request #54 from AndreyE/spirv_ocl_types_addr_space
    
    [SPIR 2.0] Add defines for address spaces of special OCL types

commit 3e94608cfd13787998cc3a702cbe1b4f10540e4f
Merge: 52bc561c d97d7e64
Author: Yaxun (Sam) Liu <yaxun.liu@amd.com>
Date:   Mon Feb 8 11:12:21 2016 -0500

    Merge pull request #48 from KhronosGroup/khronos/OpGroupAsyncCopy-fix
    
    [SPIR-V] Fixed encoding of OpGroupAsyncCopy.

commit ba2683b503290a1789f3a8eb874350bca9946191
Author: Andrey Lizunov <andrey.e.lizunov@intel.com>
Date:   Tue Feb 2 16:25:15 2016 +0300

    [SPIR 2.0] Add defines for address spaces of special OCL types
    
    SPIR 2.0 specification define address space for some of special
    opaque types it introduces as private. See the following note:
    "Note: By default, objects reside in the private address space
    (number 0). No address space qualification is used to indicate
    the private address space."
    However ATM different vendors treat the specification differently
    so to make their lifes easier this commit introduces few defines
    to mitigate this.
    
    SPIRV_OCL_SPECIAL_TYPES_DEFAULT_ADDR_SPACE  - default
    SPIRV_QUEUE_T_ADDR_SPACE                    - queue_t
    SPIRV_EVENT_T_ADDR_SPACE                    - event_t
    SPIRV_CLK_EVENT_T_ADDR_SPACE                - clk_event_t
    SPIRV_RESERVE_ID_T_ADDR_SPACE               - reserve_id_t
    SPIRV_PIPE_ADDR_SPACE                       - pipe qualifed types
    SPIRV_IMAGE_ADDR_SPACE                      - image types
    
    Values what could be used for the defines above
    SPIRAS_Private    - private addr. space (default)
    SPIRAS_Global     - global addr. space
    SPIRAS_Constant   - constant addr. space
    SPIRAS_Local      - local addr. space
    SPIRAS_Generic    - generic addr. space
    
    E.g. CMake style
    add_definitions(-DSPIRV_OCL_SPECIAL_TYPES_DEFAULT_ADDR_SPACE=SPIRAS_Global)
    add_definitions(-DSPIRV_RESERVE_ID_T_ADDR_SPACE=SPIRAS_Private)
    
    Notice what SPIRV_OCL_SPECIAL_TYPES_DEFAULT_ADDR_SPACE is used
    as a default addr. space for queue_t, event_t, clk_event_t, and reserve_id_t
    types only. SPIR 2.0 spec. if quite clear about pipe and image types which
    should reside in __global addr space.

commit cba06385ffc59f27d073a370e713f05078c022ab
Merge: 253fb05a 003c1378
Author: spillow <scott.pillow@intel.com>
Date:   Fri Feb 5 18:15:21 2016 -0800

    Merge branch 'khronos/spirv-3.6.1' of https://github.com/scottp101/SPIRV-LLVM into khronos/spirv-3.6.1

commit 253fb05a9e2ef892de5fc9e1c1fc108596c5954d
Author: spillow <scott.pillow@intel.com>
Date:   Fri Feb 5 18:15:04 2016 -0800

    Fix for calling the wrong math builtin for float arguments (e.g., calling s_clamp when it should have called fclamp).

commit 003c13784cc3db30f3a6a4a921dde68cba96d396
Merge: 5c18636c 79d0d1a3
Author: paigeale <alexander.paige@intel.com>
Date:   Fri Feb 5 17:04:23 2016 -0800

    Merge branch 'khronos/spirv-3.6.1' of https://github.com/scottp101/SPIRV-LLVM into khronos/spirv-3.6.1
    
    # Conflicts:
    #       lib/SPIRV/OCL20ToSPIRV.cpp

commit 5c18636c1de9f5af620f30f4755b3250ce6856ef
Author: paigeale <alexander.paige@intel.com>
Date:   Fri Feb 5 16:55:09 2016 -0800

    Switching arguments for prefetch.

commit 79d0d1a36a04c1715e54d516054c340b80f7588a
Merge: 5a72e689 78d77f29
Author: Krisch <raun.m.krisch@intel.com>
Date:   Fri Feb 5 16:02:41 2016 -0800

    Merge branch 'khronos/spirv-3.6.1' of https://github.com/scottp101/SPIRV-LLVM into khronos/spirv-3.6.1

commit 5a72e689eda61a6fde3b35900888d29dbcb543e5
Author: Krisch <raun.m.krisch@intel.com>
Date:   Fri Feb 5 16:02:11 2016 -0800

    Dont use DecorationGroups if more than 65535 decorations sine that
    overflows WordCount

commit 78d77f29217eaeda1ed125eccd0e7343728ecb7c
Merge: f02d18d8 49904ac1
Author: spillow <scott.pillow@intel.com>
Date:   Fri Feb 5 15:27:22 2016 -0800

    Merge branch 'khronos/spirv-3.6.1' of https://github.com/scottp101/SPIRV-LLVM into khronos/spirv-3.6.1

commit f02d18d819800c673834569f9ef471d780ac568e
Author: spillow <scott.pillow@intel.com>
Date:   Fri Feb 5 15:27:10 2016 -0800

    Fix codegen for cmp ops since we can't do Op*Convert with Bool arguments.

commit 49904ac136eb2fcf9c6dbb9b10b2971ce3f5441c
Merge: e6691fe7 9bbba8ec
Author: Krisch <raun.m.krisch@intel.com>
Date:   Fri Feb 5 11:21:15 2016 -0800

    Merge branch 'khronos/spirv-3.6.1' of https://github.com/scottp101/SPIRV-LLVM into khronos/spirv-3.6.1

commit e6691fe7696c46d5cc3205060665edbfdec9907b
Author: Krisch <raun.m.krisch@intel.com>
Date:   Fri Feb 5 09:31:53 2016 -0800

    Fixed wrong type on IsNan, IsFinite, IsInf, and IsNormal - now has OpTypeBool return type

commit d97d7e64c9743f141fad1da3d54b395240e7f60d
Author: Alexey Bader <alexey.bader@intel.com>
Date:   Fri Feb 5 15:50:30 2016 +0300

    [SPIR-V] Added test on Scope argument for OpGroupAsyncCopy instruction.

commit 9bbba8ec0f6b713992f5c025857ec9ac22a585c5
Merge: 09448dcb 840d2f1b
Author: spillow <scott.pillow@intel.com>
Date:   Thu Feb 4 18:49:44 2016 -0800

    Merge branch 'khronos/spirv-3.6.1' of https://github.com/scottp101/SPIRV-LLVM into khronos/spirv-3.6.1

commit 09448dcb6b8671795113074d3a78abaf51bff189
Author: spillow <scott.pillow@intel.com>
Date:   Thu Feb 4 18:46:06 2016 -0800

    Add support for all() and any().

commit 840d2f1beb5182eeaf6f2225b9762adb8d5ee418
Author: paigeale <paigeale@paigeale-DESK.amr.corp.intel.com>
Date:   Thu Feb 4 17:13:19 2016 -0800

    Having OpDot call OpFMul in the scalar case

commit 438d73cbccbe1511295c46e77398284d517ebcab
Author: spillow <scott.pillow@intel.com>
Date:   Thu Feb 4 14:52:21 2016 -0800

    Make sure line length < 80.

commit 9970fdd239255a2a48898a1e3aa3c1b30b112a69
Author: spillow <scott.pillow@intel.com>
Date:   Thu Feb 4 14:23:40 2016 -0800

    Fix for lit test and refactor return mangling into function.

commit 1356a0db437d2c2178a71cc632e690fd4aec0cac
Author: spillow <scott.pillow@intel.com>
Date:   Wed Feb 3 18:41:50 2016 -0800

    Fix for get_image_array_size() for i64 case.  Add return type to overload for OpImageQuerySizeLod and OpImageQuerySize.

commit 2b27ef074e6a6207f388b67c01d6fbc004aea8c3
Author: spillow <scott.pillow@intel.com>
Date:   Wed Feb 3 16:32:43 2016 -0800

    Fix for get_image_array_size().

commit 3c81e83346e5e57ec0810efd5c1332392207594e
Author: Alexey Bader <alexey.bader@intel.com>
Date:   Wed Feb 3 12:45:23 2016 +0300

    [SPIR-V] Fixed encoding of OpGroupAsyncCopy.
    
    Memory scope was encoded as literal, but SPIR-V specification defines it as ID.

commit 52bc561cc9a4d076679f4abba904c4e0788833e6
Merge: 94ca7bc1 d5076196
Author: Yaxun (Sam) Liu <yaxun.liu@amd.com>
Date:   Fri Jan 22 11:42:48 2016 -0500

    Merge pull request #43 from KhronosGroup/khronos/rounding-mode
    
    Do not apply rounding mode decoration for integer conversion.

commit d5076196581a6952457f09bf1ba7c3c0f18d28cb
Author: Alexey Bader <alexey.bader@intel.com>
Date:   Thu Jan 21 14:24:45 2016 +0300

    Do not apply rounding mode decoration for integer conversion.

commit 94ca7bc1e3fcd2af21d0a4fe2078a36142eabe7c
Merge: 68eda29d d3b3a8cc
Author: Yaxun (Sam) Liu <yaxun.liu@amd.com>
Date:   Fri Jan 1 11:56:46 2016 -0500

    Merge pull request #40 from AndreyE/vector_casts
    
    Translate vector casts into appropriate OCL conversion built-ins

commit d3b3a8cca6d97ae28dde4412b5b13dc5b0d20df5
Author: Andrey Lizunov <andrey.e.lizunov@intel.com>
Date:   Thu Dec 17 17:38:47 2015 +0300

    Translate vector casts into appropriate OCL conversion built-ins
    
    SPIR-V reader should translate vector casts into OCL built-ins because
    such conversions are not defined neither by OpenCL C/C++ nor
    by SPIR 1.2/2.0 standards. So, it is safer to convert such casts into
    appropriate calls to conversion built-ins defined by the standards.

commit 68eda29d52a2cef7a899c2b5c523d058bd4b5885
Merge: 98d95f55 60f38ac3
Author: bader <alexey.bader@intel.com>
Date:   Thu Dec 17 23:02:14 2015 +0300

    Merge pull request #39 from KhronosGroup/fix-image
    
    [SPIRV] Do not add access qualifier postfix to image type name in SPI…

commit 98d95f55f3b3766c8aaaa9edc8c0b19ba70321dd
Merge: ab774c5e 4dee4def
Author: Yaxun (Sam) Liu <yaxun.liu@amd.com>
Date:   Thu Dec 17 14:48:03 2015 -0500

    Merge pull request #38 from pierremoreau/update_readme
    
    Update README.md

commit 60f38ac3d76b48e1e66677efd72ef8ada1cef206
Author: Yaxun (Sam) Liu <yaxun.liu@amd.com>
Date:   Thu Dec 17 13:58:56 2015 -0500

    [SPIRV] Do not add access qualifier postfix to image type name in SPIR-V reader since this is incompatible with builtin libraries.
    
    SPIR-V reader generates image type names like opencl.image2d_t.read_only. However builtin libraries compiled by SPIR producer uses image type names like opencl.image2d_t. The mismatch causes linker to insert bitcast the image functions, which can confuse certain passes in backend.
    
    The fix is to remove the access qualifier postfix in the generated image type name in SPIR-V reader at least for now to make the name consistent.

commit 4dee4def6227cad973d985d03732f161bfbff1e8
Author: Pierre Moreau <dev@pmoreau.org>
Date:   Thu Dec 17 19:59:29 2015 +0100

    Update README.md
    
    *   Add some Markdown to better distinguish code, file names and branche names
        from regular text.
    *   Transform an unordered list to an ordered one, since it describes steps
        that should be followed in order.
    *   Fix the indentation of one list to have it as a sublist of a list item.

commit ab774c5e66e17598f6e30174fcf924d3e5173e90
Merge: 97de87f7 87c125cb
Author: bader <alexey.bader@intel.com>
Date:   Thu Dec 17 21:45:29 2015 +0300

    Merge pull request #37 from KhronosGroup/yxsamliu-patch-1
    
    Update README.md

commit 87c125cb8174fe7d62f0ee14e0e20298ce6348d0
Author: Yaxun (Sam) Liu <yaxun.liu@amd.com>
Date:   Thu Dec 17 13:43:40 2015 -0500

    Add recommendation of spirv-1.0 branch in README.md

commit 97de87f73f3a135a29228aa6ef1ecf1b65702024
Merge: 0353e3a8 e5a99982
Author: Yaxun (Sam) Liu <yaxun.liu@amd.com>
Date:   Thu Dec 17 12:51:56 2015 -0500

    Merge pull request #29 from KhronosGroup/changing-linkage-type-mapping
    
    Changing linkage type mapping

commit b90ddb7b608aabcc0f470d79310a4fca232c7536
Author: Yaxun (Sam) Liu <yaxun.liu@amd.com>
Date:   Thu Dec 17 09:47:06 2015 -0500

    Add a link to README.md

commit b6f811b8c8acf77f69bbecbb761dde252a74469e
Author: Yaxun (Sam) Liu <yaxun.liu@amd.com>
Date:   Thu Dec 17 09:24:33 2015 -0500

    Update README.md

commit e5a99982e3b9f1c376dc27af74720f3b10cf27d1
Merge: cf44fd60 0353e3a8
Author: Alexey Sotkin <alexey.sotkin@intel.com>
Date:   Thu Dec 17 12:21:06 2015 +0300

    Merge remote-tracking branch 'origin/github/spirv-3.6.1' into changing-linkage-type-mapping
    
    Conflicts:
            lib/SPIRV/libSPIRV/SPIRVDecorate.cpp

commit 0353e3a802080e6b78fc1cbff4eea5e0cfcc2cd6
Merge: 8bb59a79 3b7439b2
Author: bader <alexey.bader@intel.com>
Date:   Thu Dec 17 10:17:45 2015 +0300

    Merge pull request #35 from KhronosGroup/fix_oclver
    
    [SPIRV] Fix assertion due to duplicate operands in opencl version met…

commit 3b7439b2b757c67c1c11681f057eee25b249f484
Author: Yaxun (Sam) Liu <yaxun.liu@amd.com>
Date:   Wed Dec 16 21:20:35 2015 -0500

    [SPIRV] Fix assertion due to multiple operands in opencl extensions and optional core features metadata.

commit 8bb59a79e99b1036412d8b536e235e5be7fbed28
Merge: bce2b62c 588dc2c7
Author: Yaxun (Sam) Liu <yaxun.liu@amd.com>
Date:   Wed Dec 16 11:48:20 2015 -0500

    Merge pull request #32 from KhronosGroup/clang-integration
    
    Clang integration.

commit dff07df8d300f1bf59f0186b5a1c4dd688b85baa
Author: Yaxun (Sam) Liu <yaxun.liu@amd.com>
Date:   Tue Dec 15 15:05:49 2015 -0500

    [SPIRV] Fix assertion due to duplicate operands in opencl version metadata. This happens when two SPIR modules are linked together.
    Remove check for OCL version in OCLTypeToSPIRV. Only check if language is C or C++.

commit bce2b62cef5d11322d11dda4888f8a72d8adc1a4
Merge: 8f460a9d 84e8495f
Author: Yaxun (Sam) Liu <yaxun.liu@amd.com>
Date:   Wed Dec 16 10:26:37 2015 -0500

    Merge pull request #34 from AndreyE/image.query.translation
    
    Fix translation of OpImageQuerySize for arrays of image depths.

commit 84e8495fbf42237c1e3418e7ae8174a656603d32
Author: Andrey Lizunov <andrey.e.lizunov@intel.com>
Date:   Wed Dec 16 11:51:35 2015 +0300

    Fix translation of OpImageQuerySize for arrays of image depths.

commit 588dc2c71c328d88959a2ba4b07bf94c41beb209
Author: Alexey Bader <alexey.bader@intel.com>
Date:   Wed Dec 16 00:15:41 2015 +0300

    Re-implement SPIRVNL as a class to make it usable with llvm output stream.

commit c2b90c7e39d1222e4e01ba8e323273036e820047
Author: Alexey Bader <alexey.bader@intel.com>
Date:   Tue Dec 15 20:35:30 2015 +0300

    Applied code review suggestion from Sam.

commit cf44fd60ba10ceeeac06ce906eb8167e8e6fc181
Author: Alexey Sotkin <alexey.sotkin@intel.com>
Date:   Tue Dec 15 19:04:06 2015 +0300

    Guarding textual output with ifdef macro

commit 021a4486ff4c52e1ee34458e1322fe629f797499
Author: Alexey Sotkin <alexey.sotkin@intel.com>
Date:   Tue Dec 15 17:58:46 2015 +0300

    Applying comments after code review:
    Unncessary casts are removed.
    Fixed encoding/decoding of linkage attribute literals.

commit 8f460a9d3c6e444d65b75dd478eb049960c514a6
Merge: 1624ac91 a29cff17
Author: Yaxun (Sam) Liu <yaxun.liu@amd.com>
Date:   Tue Dec 15 08:36:32 2015 -0500

    Merge pull request #33 from AndreyE/image.query.translation
    
    Fix translation of get_image_width in the reader.

commit a29cff17813dcc2ed496e62f20a1f7ac6fb48e42
Author: Andrey Lizunov <andrey.e.lizunov@intel.com>
Date:   Tue Dec 15 10:18:53 2015 +0300

    Fix translation of get_image_width in the reader.

commit 1624ac914a962721e0a25550dedf7c597662dc02
Merge: 5de3a72d 2d40b6fc
Author: Yaxun (Sam) Liu <yaxun.liu@amd.com>
Date:   Mon Dec 14 17:13:08 2015 -0500

    Merge pull request #31 from AndreyE/image.query.translation
    
    Image.query.translation

commit 2d40b6fc4f80bf7ade0831ffea18a74529bb479c
Author: Andrey Lizunov <andrey.e.lizunov@intel.com>
Date:   Fri Dec 11 15:41:14 2015 +0300

    Implement translation of OpImageQuerySize[Lod] in SPIR-V reader

commit d77873e769e751ebe07284a719d0eac0c507bc74
Author: Andrey Lizunov <andrey.e.lizunov@intel.com>
Date:   Sat Dec 12 17:53:45 2015 +0300

    Fix translation of get_image_dim(image2d_array_t) in SPIR-V writer

commit e35f69c4c53ccaad4812c7ba66b7691a9c10a09c
Author: Alexey Bader <alexey.bader@intel.com>
Date:   Mon Dec 14 16:41:05 2015 +0300

    Clang integration.
    
    - Added SPIRVWriterPass.
    - Switched from std::ostream to llvm::raw_ostream.

commit d0dc7ac7d8a9fba446941ed03792e1ae80e66de6
Merge: 3b10ba0b 5de3a72d
Author: Alexey Sotkin <alexey.sotkin@intel.com>
Date:   Mon Dec 14 12:01:44 2015 +0300

    Merge branch 'github/spirv-3.6.1' into changing-linkage-type-mapping

commit 3b10ba0b3d8314bf6df39e43cf6af15c345b2c6c
Author: Alexey Sotkin <alexey.sotkin@intel.com>
Date:   Fri Dec 11 14:50:20 2015 +0300

    Bumping up translator version

commit 04dcded74c841fe744603c02ebf1aa7e328e97fa
Merge: be35ef3c e5ee8bbe
Author: Alexey Sotkin <alexey.sotkin@intel.com>
Date:   Fri Dec 11 14:32:29 2015 +0300

    Merge branch 'github/spirv-3.6.1' into changing-linkage-type-mapping

commit be35ef3c416c99ec3251afea5ca66e238b410f25
Author: Alexey Sotkin <alexey.sotkin@intel.com>
Date:   Thu Dec 10 17:15:19 2015 +0300

    Print readable names for linkage names and linkage types in text mode
    Update LIT tests for linkage types

commit 5de3a72d0d7d95b4fa8e869096fb4493bc157eb1
Merge: e5ee8bbe 53484672
Author: bader <alexey.bader@intel.com>
Date:   Thu Dec 10 12:10:49 2015 +0300

    Merge pull request #27 from KhronosGroup/fix-issue22
    
    Issue #22: Removed duplicate of OpImageType definition.

commit 53484672fcd41c699e65578efd615f38fac2fcf6
Author: Yaxun (Sam) Liu <yaxun.liu@amd.com>
Date:   Wed Dec 9 14:54:57 2015 -0500

     [SPIRV] github issue #22 - Duplicate OpTypeImage  definition.
    Change sampled image type to include accessqualifier.
    Propagates adapted opaque types to called functions.

commit a81290e73ce02bedc1e16e4fdfc6238ac1583de5
Author: Yaxun (Sam) Liu <yaxun.liu@amd.com>
Date:   Wed Dec 9 14:52:51 2015 -0500

    [SPIRV] Refactor adptation of OCL types for SPIRV.
    Removed useless OCL20ToSPIRV::getAnalysisUsage.

commit e5ee8bbea3b8565c23592e51ad2fa12588359232
Merge: fe565c19 e86bffec
Author: Yaxun (Sam) Liu <yaxun.liu@amd.com>
Date:   Tue Dec 8 07:53:20 2015 -0500

    Merge pull request #25 from AlexeySotkin/private/ansotkin/fix-spirv-lit
    
    Deleting C++ related SPIR-V tests, as they are outdated. Fixing some other SPIR-V LIT tests. This fixes issue #6.

commit e429f0a65347ffa545da8f930b733c9d18abe962
Author: Alexey Sotkin <alexey.sotkin@intel.com>
Date:   Wed Dec 2 18:34:32 2015 +0300

    Linkage type mapping between LLVM and SPIRV is as follows:
    llvm private/internal linkage -> SPIRV Internal -> llvm internal linkage
    llvm global value definitions with available_externally linkage or with common linkage -> SPIRV Import -> llvm available_externally linkage
    llvm global value declaration(w/o available_externally or common linkage ) -> SPIRV Import -> llvm external linkage
    other llvm global values  -> SPIRV Export -> llvm external linkage

commit 23ef04bdf7481d8e09e80802d0c48e540c638a8c
Author: Alexey Sotkin <alexey.sotkin@intel.com>
Date:   Fri Nov 20 12:45:47 2015 +0300

    Changing linkage type mapping.
    Since global variables and functions with external linkage in C code
    can be mapped to either import or export linkage type in SPIR-V,
    new approach has been implemented:
    - global variables and function declarations are to be decorated with Import
     linkage type in SPIR-V.
    - global variables and function definitions are to be decorated with Export
     linkage type in SPIR-V.
    - variables and functions with internal linkage type will have default linkage
     type in SPIR-V, i.e. internal.
    
    Conflicts:
            lib/SPIRV/SPIRVWriter.cpp

commit e86bffecb6ac47a7d13b38eb7dbc5cc55dcc8a5d
Author: Alexey Sotkin <alexey.sotkin@intel.com>
Date:   Fri Dec 4 19:07:07 2015 +0300

    Deleting C++ related SPIR-V tests, as they are outdated. Fixing some other SPIR-V LIT tests

commit fe565c198444f2fb8855179abbbd2b63cb311cf0
Merge: f4ee76c6 ea7c314a
Author: bader <aleksey.bader@mail.ru>
Date:   Thu Dec 3 22:23:56 2015 +0300

    Merge pull request #21 from KhronosGroup/fix-vector-convert
    
    Fix vector convert

commit ea7c314a47910e1b2dff94df859577b3e22b544c
Author: Yaxun (Sam) Liu <yaxun.liu@amd.com>
Date:   Thu Dec 3 14:06:55 2015 -0500

    [SPIRV] Remove lit test vector_casts.ll as we revert changes to translate vector conversion to CL builtin functions in SPIR-V reader.

commit 30a8663f3e12c52a5054cb8f49cb6a5aa990e4a4
Author: Yaxun (Sam) Liu <yaxun.liu@amd.com>
Date:   Thu Dec 3 13:28:54 2015 -0500

    [SPIRV] github issue #10 - OpTypeImage reports wrong number of operands.
    
    There are two issues reported. This fixes the first issue:
    The AccessQualifier of OpTypeImage is missing it from its operands count.
    
    Fix incorrect word count.
    Add debug output for mapping LLVM type to SPIR-V type.
    Add lit test for OpTypeImage.

commit b4c757c76b5d605bbeb7c948c73073bd62cd8206
Author: Yaxun (Sam) Liu <yaxun.liu@amd.com>
Date:   Thu Dec 3 13:27:40 2015 -0500

    [SPIRV] Revert  the second commit of github pull request #17 since it caused regressions.
    
    It translates vector conversion functions to OCL builtin functions. However it should limit those to valid OCL conversion builtin functions, e.g. it should not translate bitcasts and instructions with operand of type vector of i1 to OCL builtin functions.
    
    Also this may not be necessary since those OCL conversion builtins are suppose to be equivalent to corresponding LLVM conversion instructions.
    
    Before those issues/concerns are resolved, revert this change for now.

commit f4ee76c608a752b03bcdad24f095f0e50e930d9b
Merge: fa221a3b 49a319bd
Author: yxsamliu <yaxun.liu@amd.com>
Date:   Wed Dec 2 17:17:20 2015 -0500

    Merge pull request #18 from pierremoreau/fix_cap_dependency
    
    [SPIRV] Fix capabilities dependencies

commit 49a319bd59351552333933700aab8730cb4116fc
Author: Pierre Moreau <dev@pmoreau.org>
Date:   Wed Dec 2 22:35:26 2015 +0100

    [SPIRV] Fix capabilities dependencies
    
    Capabilities might depend on other capabilities, so make sure to add those
    before adding the initial capability.

commit fa221a3b361b57154da921cf1815389a6f2ea270
Merge: fc098dbd c06e39ad
Author: yxsamliu <yaxun.liu@amd.com>
Date:   Wed Dec 2 13:02:02 2015 -0500

    Merge pull request #17 from AndreyE/khronos/spirv-3.6.1-out
    
    looks good. Thanks!

commit c06e39add576c67f71e1aa339d3b7a84456afbe8
Author: Andrey Lizunov <andrey.e.lizunov@intel.com>
Date:   Tue Nov 24 16:39:03 2015 +0300

    Make SPIR-V reader to translate vector casts into functions.

commit 8d5cadef0e35c980e1af100d40efe560ac9d0668
Author: Andrey Lizunov <andrey.e.lizunov@intel.com>
Date:   Fri Nov 20 14:20:26 2015 +0300

    Fix mangling of 1.2 atomic built-ins in SPIR-V reader.

commit fc098dbd46a1bd8cce27947f23db53aa23c0a997
Merge: c2884469 caff11bb
Author: bader <aleksey.bader@mail.ru>
Date:   Wed Dec 2 10:04:18 2015 +0300

    Merge pull request #11 from KhronosGroup/khronos/spirv-ocl20
    
    [SPIRV] github issue#5 Capabilities required by OpDecorate are not ad…

commit caff11bb241c41e4355c6893eb633e2600190f4c
Author: Yaxun (Sam) Liu <yaxun.liu@amd.com>
Date:   Tue Dec 1 23:19:52 2015 -0500

    [SPIRV] Fix capability issues.
    Decoration Builtin should not require Shader capability.
    Fix capability for int64 and float64 types, vector type and array type.
    Add debug output for capability.
    Renamed bildbgs() as spvdbgs().

commit d85ff904b873b954a1bfee4fa48bf7aad775c8e5
Author: Yaxun (Sam) Liu <yaxun.liu@amd.com>
Date:   Tue Dec 1 16:28:02 2015 -0500

    [SPIRV] github issue#5 Capabilities required by OpDecorate are not added to SPIR-V.
    
    When generating a SPIR-V binary from the sames files as in #3 (LLVM code and OpenCL kernel), noOpCapability Kernel is generated (required by OpEntryPoint Kernel, OpMemoryModel OpenCL, OpDecorate FuncParamAttr, OpDecorate Constant), nor OpCapability Linkage, which is required by OpDecorate LinkageAttributes.
    
    Add capability when adding entry points to module.
    Add required capability for decorations.
    Refactor getCapability() so that empty capability can be returned.
    Removed CapabilityNone.
    Add name map for Capability.
    Rename isValid(SPIRVId) to isValidId for clarity since SPIRVId is just typedef of uint32_t.
    Reorder name maps and isValid functions in SPIRVEnum.h for further auto generation.
    Add lit test for CapabilityKernel and CapabilityLinkage.

commit c28844694b196e0483a72fcef3b350e160529a04
Merge: f46be8a1 8586e239
Author: Alexey Bader <alexey.bader@intel.com>
Date:   Sun Nov 29 12:30:00 2015 -0500

    Merge branch 'khronos/spirv-ocl20' into 'khronos/spirv-3.6.1'
    
    [SPIRV] Fix SPIR-V version. Add test for SPIR-V layout.
    
    
    
    See merge request !48

commit 8586e239124fac94dc654ab8c4d51366e8a57b90
Author: Yaxun (Sam) Liu <yaxun.liu@amd.com>
Date:   Sat Nov 28 23:44:17 2015 -0500

    [SPIRV] Add test for SPIR-V layout.

commit 61e26747f3f2b4ab427525ff9b2aa1092d8c7e8c
Author: Yaxun (Sam) Liu <yaxun.liu@amd.com>
Date:   Sat Nov 28 15:18:23 2015 -0500

    [SPIRV] Bump up translator version to 6 for fixing SPIR-V version number.

commit 9691bf48c2b09cfb988e135c1b46c8dfe59f9443
Merge: f46be8a1 61d14d74
Author: yxsamliu <yaxun.liu@amd.com>
Date:   Sat Nov 28 13:01:23 2015 -0500

    Merge pull request #7 from pierremoreau/fix_version
    
    Fix SPV_VERSION definition

commit f46be8a1346a0fed5ff7c5d65c3d95d55720fa5f
Merge: 0ecfd8b7 facd7cc9
Author: Alexey Bader <alexey.bader@intel.com>
Date:   Sat Nov 28 11:18:38 2015 -0500

    Merge branch 'khronos/spirv-ocl20' into 'khronos/spirv-3.6.1'
    
    [SPIRV]  gitlab Issue#16: Logical layout of SPIR-V module is broken.
    
    The order of instructions generated by llvm-spirv tool doesn't meet requirements of p2.4 of the SPIR-V spec.At least EntryPoint and ExtInstImport should be in reverse order, and function definitions and function declaration have wrong order too.
    
    Fix SPIR-V layout.
    Function declarations should be emitted before function definitions.
    
    See merge request !47

commit facd7cc9f17f83865814c6e3661893738d30ba72
Author: Yaxun (Sam) Liu <yaxun.liu@amd.com>
Date:   Fri Nov 27 21:16:41 2015 -0500

    [SPIRV]  gitlab Issue#16: Logical layout of SPIR-V module is broken.
    
    The order of instructions generated by llvm-spirv tool doesn't meet requirements of p2.4 of the SPIR-V spec.At least EntryPoint and ExtInstImport should be in reverse order, and function definitions and function declaration have wrong order too.
    
    Fix SPIR-V layout.
    Function declarations should be emitted before function definitions.

commit 0ecfd8b71b889429d7d0889d55714a28dfd00899
Merge: be35d850 c9016af0
Author: Alexey Bader <alexey.bader@intel.com>
Date:   Thu Nov 26 07:45:01 2015 -0500

    Merge branch 'khronos/spirv-ocl20' into 'khronos/spirv-3.6.1'
    
     [SPIRV] - Refactor LLVMToSPIRV to separate lowring constant expression and regu…
    
    …larize LLVM to passes.
    Expose passes for translating SPIR 1.2/2.0 to SPIR-V friendly LLVM in include/llvm/Support/SPIRV.h to allow clang using these passes to emit SPIR-V friendly LLVM.
    
    See merge request !46

commit c9016af01cee466d2dc9571d894412970b842cc2
Author: Yaxun (Sam) Liu <yaxun.liu@amd.com>
Date:   Thu Nov 26 07:34:40 2015 -0500

     [SPIRV] gitlab issue#5 Compiler flags intruction was removed from the SPIR-V spec. at rev. 31.
    Remove compile options from SPIRV since it is no longer supported.
    Remove redundant function declaration for intialize and create passes from SPIRVInternel.h.

commit 9478096d3b9255261d1c12f13a6d2f894a8fdc72
Author: Yaxun (Sam) Liu <yaxun.liu@amd.com>
Date:   Wed Nov 25 20:09:03 2015 -0500

     [SPIRV] - Refactor LLVMToSPIRV to separate lowring constant expression and regularize LLVM to passes.
    Expose passes for translating SPIR 1.2/2.0 to SPIR-V friendly LLVM in include/llvm/Support/SPIRV.h to allow clang using these passes to emit SPIR-V friendly LLVM.

commit 61d14d7449a7d38d65b5087473c5b5d0f17ae393
Author: Pierre Moreau <dev@pmoreau.org>
Date:   Wed Nov 25 23:20:35 2015 +0100

    Fix SPV_VERSION definition
    
    The specification defines the version number as
    
    > 0 | Major Number | Minor Number | 0
    
    which results in version `1.00` being defined as `0x00010000`. The previous
    value was set to `10000`, resulting in `0x00002710`.
    
    See: KhronosGroup/SPIRV-Tools#15

commit be35d850cea8f49d781f214501574a3ef482343d
Merge: 99237c3f 7f413ddc
Author: Alexey Bader <alexey.bader@intel.com>
Date:   Wed Nov 25 03:56:56 2015 -0500

    Merge branch 'khronos/spirv-ocl20' into 'khronos/spirv-3.6.1'
    
    [SPIRV] Add support for OpDecorate LinkageAttributes name
    
    See merge request !45

commit 7f413ddc7fae10fb8655652a7163596c12812286
Author: Yaxun (Sam) Liu <yaxun.liu@amd.com>
Date:   Tue Nov 24 18:06:46 2015 -0500

    [SPIRV] Fix build failure with MSVC. Bump up version.

commit 980a57e4c7bf02f64ac41b9337fe28a39c46d5ca
Author: Yaxun (Sam) Liu <yaxun.liu@amd.com>
Date:   Tue Nov 24 17:31:50 2015 -0500

    [SPIRV] Fix bug causing missing operand in OpDecorateLinkageAttribute.
    The string literal in OpDecorateLinkageAttribute should be terminated with 0 as spec required. When string length is multiple of 4, the ending 0 is not appended, which causes instruction of incorrect word count is generated.
    Add a test for linkage attribute with name length being multiple of 4.

commit 830ae6c132dfd47855fcebef387a2a92ee64ccb0
Merge: 99237c3f 44a33e02
Author: yxsamliu <yaxun.liu@amd.com>
Date:   Fri Nov 20 20:25:21 2015 -0500

    Merge pull request #4 from pierremoreau/add_name_to_opdecorate_linkageattr
    
    Add support for OpDecorate LinkageAttributes name

commit 44a33e0285c7c6bcacb824cb2a4b54f82af0d933
Author: Pierre Moreau <dev@pmoreau.org>
Date:   Sat Nov 21 01:24:04 2015 +0100

    [WIP] Add support for OpDecorate LinkageAttributes name

commit 99237c3fc40aa377aebd9c59a48d5d89e1347e9d
Merge: 2c942556 a755c874
Author: Yaxun (Sam) Liu <yaxun.liu@amd.com>
Date:   Fri Nov 20 15:06:25 2015 -0500

    Merge branch 'khronos/spirv-ocl20' into 'khronos/spirv-3.6.1'
    
    [SPIRV] Add IsValid for access qualifier enum. Refactor code for setting names in SPIRV reader.
    
    See merge request !44

commit a755c874df5baea45cbd38bb8c8fbd9635d69bc2
Author: Yaxun (Sam) Liu <yaxun.liu@amd.com>
Date:   Fri Nov 20 14:58:43 2015 -0500

     [SPIRV] Refactor code for setting names in SPIRV reader.

commit 372c6528f0b384249cd37413d4151a88ee6b9a37
Author: Yaxun (Sam) Liu <yaxun.liu@amd.com>
Date:   Fri Nov 20 14:56:18 2015 -0500

    [SPIRV] Add IsValid for access qualifier enum.

commit 2c942556c2fb194aed7683818a9162da0efbc722
Merge: 6e8f9998 7565546f
Author: Yaxun (Sam) Liu <yaxun.liu@amd.com>
Date:   Thu Nov 19 16:48:40 2015 -0500

    Merge branch 'khronos/spirv-ocl20' into 'khronos/spirv-3.6.1'
    
    Change id starting value to 1. Fix name collision for __spirv_ImageSample.
    
    See merge request !42

commit 7565546f8899c32faad8f3b49e42d747108220b7
Merge: 710e8c36 ed8d976f
Author: Yaxun (Sam) Liu <yaxun.liu@amd.com>
Date:   Thu Nov 19 15:19:39 2015 -0500

    Merge remote-tracking branch 'github/khronos/spirv-3.6.1' into khronos/spirv-ocl20

commit 710e8c3672d421138da567682c24102092d94e43
Author: Yaxun (Sam) Liu <yaxun.liu@amd.com>
Date:   Thu Nov 19 15:19:11 2015 -0500

    [SPIRV] Fix assertions due to name collision of __spirv_ImageSampleExplicitLod since the only difference is returned type being int4/float4.
    The fix is to add postfix _R{ReturnType} to __spirv_ImageSampleExplicitLod.

commit ed8d976fea59f7db3aa451bd84f985971a739c06
Merge: 6e8f9998 6b5204ed
Author: yxsamliu <yaxun.liu@amd.com>
Date:   Thu Nov 19 14:59:09 2015 -0500

    Merge pull request #2 from pierremoreau/fix_id_0
    
    [SPIRV] Have SPIRV IDs start at 1

commit 6b5204edecceb81186c2c70d4f2dec51b8b9b9df
Author: Pierre Moreau <dev@pmoreau.org>
Date:   Thu Nov 19 17:00:21 2015 +0100

    [SPIRV] Have SPIRV IDs start at 1
    
    The SPIR-V specification states that an ID `id` is valid if
    `0 < id < max_bound`. Therefore, an id of 0 is invalid and will be now
    correctly reported by `isValid(SPIRVId)`.
    
    Fixes: KhronosGroup/SPIRV-LLVM#1

commit 6e8f999870aa3d150501331ab4abf0d650cf47da
Merge: 6a3f19a5 6ceea975
Author: Yaxun (Sam) Liu <yaxun.liu@amd.com>
Date:   Wed Nov 18 12:18:21 2015 -0500

    Merge branch 'khronos/spirv-ocl20' into 'khronos/spirv-3.6.1'
    
    [SPIRV] Fix translation of group pipe functions. work_ and sub_ prefix are not i…
    
    …n the translated builtin function name.
    Fix generator enum name.
    Fix mem leak when mangling opaque type names. Should not use new in StringSwitch Case since it is always executed even the case fails.
    Bump up version to 2.
    
    See merge request !41

commit 6ceea975375b44fe0238fb30f6dffc50a9c33fb5
Author: Yaxun (Sam) Liu <yaxun.liu@amd.com>
Date:   Wed Nov 18 12:16:36 2015 -0500

    [SPIRV] Update spirv.hpp to rev 2. Change OCL version encoding.

commit 78070b8d7e430e5549d9856c8d0763da878e8555
Author: Yaxun (Sam) Liu <yaxun.liu@amd.com>
Date:   Mon Nov 16 11:31:25 2015 -0500

    [SPIRV] Add README.md for github

commit f8a8377ccc963546925ba0b8754fdc2f7221bca8
Author: Yaxun (Sam) Liu <yaxun.liu@amd.com>
Date:   Sat Nov 14 21:56:19 2015 -0500

    [SPIRV] Fix regression due to incorrectly mangled non-opencl opaque struct type name.
    This bug causes sampled image read fail.

commit 3097827046a90131522fd90fcd7745261432efeb
Author: Yaxun (Sam) Liu <yaxun.liu@amd.com>
Date:   Fri Nov 13 13:11:07 2015 -0500

    [SPIRV] Fix translation of group pipe functions. work_ and sub_ prefix are not in the translated builtin function name.
    Fix generator enum name.
    Fix mem leak when mangling opaque type names. Should not use new in StringSwitch Case since it is always executed even the case fails.
    Bump up version to 2.

commit 6a3f19a534a914dfe6c84a6b85bfd0eee14f7b2b
Merge: 00f14818 988efc5b
Author: Alexey Bader <alexey.bader@intel.com>
Date:   Thu Nov 12 05:59:53 2015 -0500

    Merge branch 'khronos/spirv-ocl20' into 'khronos/spirv-3.6.1'
    
    [SPIRV] Fix translation of work_group_broadcast. Add generator id/version.
    
    Fix translation of work_group_broadcast. The 2d/3d work item id arguments needs to be translated to a vector.
    
    Add generator id/version.
    
    See merge request !40

commit 988efc5bdb38ef14637ed7dfdd96d329c5d2ed57
Author: Yaxun (Sam) Liu <yaxun.liu@amd.com>
Date:   Wed Nov 11 17:05:50 2015 -0500

    [SPIRV] Add generator id/version.

commit 0bf1b5f1125a7f60e75083f7d071386c0aa4ca07
Author: Yaxun (Sam) Liu <yaxun.liu@amd.com>
Date:   Wed Nov 11 17:01:28 2015 -0500

    [SPIRV] Fix duplicate creation of opaque types in SPIR-V/LLVM translation.
    Fix translation of work_group_broadcast. The 2d/3d work item id arguments needs to be translated to a vector.

commit 00f14818adfacf1ff3adbb2b1ff08eda86806a05
Merge: 388175ce b2690d32
Author: Alexey Bader <alexey.bader@intel.com>
Date:   Tue Nov 10 04:45:29 2015 -0500

    Merge branch 'khronos/spirv-ocl20' into 'khronos/spirv-3.6.1'
    
    [SPIRV] Fix bug about translation of LogicalEqual/NotEqual and  to_global/local/private.
    
    Fix bug about translation of LogicalEqual/NotEqual. Should be translated to comparision inst instead of binary operator.
    Remove useless code after llvm_unreachable.
    Fix translation of to_global/local/private. The corresponding SPIR-V builtin function __spirv_GenericCastToPtrExplicit needs to be postfixed with _ToGlobal/Local/Private to avoid confliction of names.
    
    See merge request !39

commit b2690d32f2d7b3abded037d8e0ede53824ea18c3
Author: Yaxun (Sam) Liu <yaxun.liu@amd.com>
Date:   Mon Nov 9 15:25:24 2015 -0500

    [SPIRV] Fix translation of to_global/local/private. The corresponding SPIR-V builtin function __spirv_GenericCastToPtrExplicit needs to be postfixed with _ToGlobal/Local/Private to avoid confliction of names.

commit 8234eb1671dfa394624b68359b34d6d51efd174d
Author: Yaxun (Sam) Liu <yaxun.liu@amd.com>
Date:   Mon Nov 9 15:18:23 2015 -0500

    [SPIRV] Fix bug about translation of LogicalEqual/NotEqual. Should be translated to comparision inst instead of binary operator.
    Remove useless code after llvm_unreachable.

commit 388175ceeb6ce63553d64bd03c090a896d82612e
Merge: 69ef4c76 c6d76c25
Author: Alexey Bader <alexey.bader@intel.com>
Date:   Tue Nov 3 05:39:33 2015 -0500

    Merge branch 'khronos/spirv-ocl20' into 'khronos/spirv-3.6.1'
    
    [SPIRV] Add processing SPIR-V metadata.
    
    Add translation of SPIR 1.2/2.0 metadata to SPIR-V metadata
    Fix OpExtension/OpSourceExtension to have one extension string instead of spaced separated multiple extension strings in each instruction.
    Fix OpExecutionMode for ExecutionModeVectorTypeHint to use encoding instead of type id/string.
    Fix bug about reading empty string in text format SPIR-V.
    Allow llvm_spirv to use -o - for output to stdout.
    Fix OpEntryPoint to add name of entry pointer function.
    
    See merge request !38

commit c6d76c25cb2ac8839cf38267fb5239a2be6457af
Author: Yaxun (Sam) Liu <yaxun.liu@amd.com>
Date:   Mon Nov 2 23:40:00 2015 -0500

    [SPIRV] Add processing SPIR-V metadata.
    Add translation of SPIR 1.2/2.0 metadata to SPIR-V metadata
    Fix OpExtension/OpSourceExtension to have one extension string instead of spaced separated multiple extension strings in each instruction.
    Fix OpExecutionMode for ExecutionModeVectorTypeHint to use encoding instead of type id/string.
    Fix bug about reading empty string in text format SPIR-V.
    Allow llvm_spirv to use -o - for output to stdout.
    Fix OpEntryPoint to add name of entry pointer function.

commit 69ef4c76ad8e2107d76abdec2d89af8deb356400
Merge: 09224294 51715a27
Author: Alexey Bader <alexey.bader@intel.com>
Date:   Fri Oct 30 04:36:38 2015 -0400

    Merge branch 'khronos/spirv-ocl20' into 'khronos/spirv-3.6.1'
    
    [SPIRV] Allow functions for extended instructions to have postfixes for decoration.
    
    Allow functions for extended instructions to have postfixes for decoration.
    Add prefix for return type for vload/vloada since function type can differ by only return type.
    Set ouputing stack trace on error.
    Fix bug causing decoration of conversion functions dropped.
    Add options to disable mem2reg pass and lowering of constant expressions.
    
    See merge request !37

commit 51715a27da7e9c30035de816cd45f2b91286c7fc
Author: Yaxun (Sam) Liu <yaxun.liu@amd.com>
Date:   Thu Oct 29 14:03:36 2015 -0400

    [SPIRV] Allow functions for extended instructions to have postfixes for decoration.
    Add prefix for return type for vload/vloada since function type can differ by only return type.
    Set ouputing stack trace on error.

commit 1361c6ce1182a0d8bc50d794f9f9a15787e8fd3a
Author: Yaxun (Sam) Liu <yaxun.liu@amd.com>
Date:   Thu Oct 29 13:39:19 2015 -0400

    [SPIRV] Fix bug causing decoration of conversion functions dropped.
    Add options to disable mem2reg pass and lowering of constant expressions.

commit 092242946de736e67db185967711d132c88e938c
Merge: fd39140a 08f37a9d
Author: Alexey Bader <alexey.bader@intel.com>
Date:   Fri Oct 23 15:34:47 2015 -0400

    Merge branch 'khronos/spirv-ocl20' into 'khronos/spirv-3.6.1'
    
    [SPIRV] Rename SPRV to SPIRV for clarity
    
    See merge request !36

commit 08f37a9d032c68f18f1b2a78675080d91d93203a
Author: Yaxun (Sam) Liu <yaxun.liu@amd.com>
Date:   Fri Oct 23 15:20:17 2015 -0400

    [SPIRV] Rename SPRV to SPIRV for clarity

commit fd39140a93db47ed9c63dcd6877c77efdbcf76d0
Merge: b849df36 f295cc12
Author: Alexey Bader <alexey.bader@intel.com>
Date:   Fri Oct 23 04:30:11 2015 -0400

    Merge branch 'khronos/spirv-ocl20' into 'khronos/spirv-3.6.1'
    
    [SPIRV] Add OCL21ToSPRV pass to translate OCL 2.1 C++ generated LLVM module to c…
    
    …anonical SPIR-V representation in LLVM.
    
    See merge request !35

commit f295cc124d6329e186b002196f3c8b1e4d262784
Author: Yaxun (Sam) Liu <yaxun.liu@amd.com>
Date:   Thu Oct 22 19:59:46 2015 -0400

    [SPIRV] Add OCL21ToSPRV pass to translate OCL 2.1 C++ generated LLVM module to canonical SPIR-V representation in LLVM.

commit b849df369e6f8af5d9099cdc5f443304fd4993c0
Merge: a0f7fd4a 5f1e2930
Author: Yaxun (Sam) Liu <yaxun.liu@amd.com>
Date:   Thu Oct 22 08:07:17 2015 -0400

    Merge branch 'khronos/spirv-representation-in-LLVM-IR' into 'khronos/spirv-3.6.1'
    
    Applied code review suggestions.
    
    - Added example of SPIR-V extension instruction representation.
    - Reformatted text to match LLVM style (80-character line limit, RST
      format).
    - Added floating point and boolean types to "Optional Postfixes for
      SPIR-V Builtin Function Names" section.
    
    See merge request !34

commit 5f1e29302138d4db1a62516346b35473b8cc72bd
Author: Alexey Bader <alexey.bader@intel.com>
Date:   Thu Oct 22 12:45:50 2015 +0300

    Revert accidental autoreplace mistake.

commit f4e85ae60d1b3026040762d558f04783af96ceb0
Author: Alexey Bader <alexey.bader@intel.com>
Date:   Thu Oct 22 12:36:55 2015 +0300

    Applied code review suggestions.
    
    - Added example of SPIR-V extension instruction representation.
    - Reformatted text to match LLVM style (80-character line limit, RST
      format).
    - Added floating point and boolean types to "Optional Postfixes for
      SPIR-V Builtin Function Names" section.

commit a0f7fd4aa84bc6f90ebc528b814583d94082ac4e
Merge: 12c53c44 12f3f83f
Author: Yaxun (Sam) Liu <yaxun.liu@amd.com>
Date:   Wed Oct 21 13:16:23 2015 -0400

    Merge branch 'khronos/spirv-representation-in-LLVM-IR' into 'khronos/spirv-3.6.1'
    
    Initial version of SPIRV representation in LLVM documentation.
    
    See merge request !33

commit 12f3f83f9836f55ba9754b9aaaaa2f6bd5ff395b
Author: Alexey Bader <alexey.bader@intel.com>
Date:   Wed Oct 21 19:19:37 2015 +0300

    Initial version of SPIRV representation in LLVM documentation.

commit 12c53c4469a1dc51e68a5b30c08589bbca8df30c
Merge: c94725ac 6bbe205c
Author: Alexey Bader <alexey.bader@intel.com>
Date:   Wed Oct 21 09:00:21 2015 -0400

    Merge branch 'khronos/spirv-ocl20' into 'khronos/spirv-3.6.1'
    
    [SPIRV] Remove always_inline and inline from SPIR-V convert builtin function declaration.
    
    See merge request !32

commit 6bbe205c938a7185c344d8e3a71feea2a3c6c0a2
Author: Yaxun (Sam) Liu <yaxun.liu@amd.com>
Date:   Wed Oct 21 08:55:30 2015 -0400

    [SPIRV] Remove always_inline and inline from SPIR-V convert builtin function declaration.

commit c94725ac908b85440e58a27d689ac9b525a4bb4c
Merge: c4b38369 445dddaf
Author: Alexey Bader <alexey.bader@intel.com>
Date:   Wed Oct 21 03:51:35 2015 -0400

    Merge branch 'khronos/spirv-ocl20' into 'khronos/spirv-3.6.1'
    
    [SPIRV] Refactor to translate OpenCL builtin functions to SPIR-V builtin functions.
    
    See merge request !31

commit 445dddaf070d6704ca2a09cedc2b28a6ce3a05eb
Author: Yaxun (Sam) Liu <yaxun.liu@amd.com>
Date:   Tue Oct 20 17:00:16 2015 -0400

    [SPIRV] Refactor translation of OCL builtin functions to SPIR-V builtin functions.
    Refactor translation of OCL work item functions to SPIR-V builtin variables.
    Refactor translation of SPIR-V extended instruction.

commit 6c60f183986007c6008a7f1a9c88f8addbb2abe6
Author: Yaxun (Sam) Liu <yaxun.liu@amd.com>
Date:   Tue Oct 20 16:59:24 2015 -0400

    [SPIRV] Add spirv_convert.h for declaring SPIR-V conversion builtin functions.

commit c4b3836960d83d7cb5b060994f781b53631f3e75
Merge: 6d6679f5 e3ce7098
Author: Alexey Bader <alexey.bader@intel.com>
Date:   Wed Oct 14 07:21:44 2015 -0400

    Merge branch 'khronos/spirv-ocl20' into 'khronos/spirv-3.6.1'
    
    [SPIRV] Fix translation of get_fence, global variable. Refactor translation of barrier and conversions.
    
    Fix translation of global variable.
    Add translation of barrier/work_group_barrier to __spirv_ControlBarrier.
    Add translation of convert_* to __spirv_{OpName}.
    
    See merge request !30

commit e3ce7098529d95b6ba233614c2c861650a9f809d
Author: Yaxun (Sam) Liu <yaxun.liu@amd.com>
Date:   Tue Oct 13 17:37:53 2015 -0400

    [SPIRV] Fix translation of get_fence.
    Fix translation of global variable.
    Add translation of barrier/work_group_barrier to __spirv_ControlBarrier.
    Add translation of convert_* to __spirv_{OpName}.

commit 6d6679f519439e948b654ec6c049de70209da0da
Merge: 8ef74d8d 78d4343d
Author: Yaxun (Sam) Liu <yaxun.liu@amd.com>
Date:   Tue Oct 13 15:20:46 2015 -0400

    Merge branch 'khronos/fix-lit-tests' into 'khronos/spirv-3.6.1'
    
    [SPIRV] Fixed lit tests after recent changes in translator.
    
    - OpenCL.std.21 -> OpenCL.std
    - Built-in functions are printed as built-in function names instead of
    ID.
    - NoCapture attribute id changed from 8 to 6.
    
    See merge request !29

commit 78d4343dedde72569971edc9b50d0d8fae0afe39
Author: Alexey Bader <alexey.bader@intel.com>
Date:   Mon Oct 12 13:00:48 2015 +0300

    [SPIRV] Fixed lit tests after recent changes in translator.
    
    - OpenCL.std.21 -> OpenCL.std
    - Built-in functions are printed as built-in function names instead of
    ID.
    - NoCapture attribute id changed from 8 to 6.

commit 8ef74d8da786e8fb43a6c7e2274b5b53ba32acf6
Merge: 20d3dad0 cd3a2d9d
Author: Alexey Bader <alexey.bader@intel.com>
Date:   Sat Oct 3 04:20:27 2015 -0400

    Merge branch 'khronos/spirv-ocl20' into 'khronos/spirv-3.6.1'
    
    Update khronos header file to 100.1 and refactor to use enums from khronos header.
    
    See merge request !28

commit cd3a2d9d6ad9fff68d6c563496fc66b565c7cc72
Author: Yaxun (Sam) Liu <yaxun.liu@amd.com>
Date:   Fri Oct 2 17:48:16 2015 -0400

    [SPIRV] Refactor to use enums in spirv.hpp.

commit 8f91910e4166f509cdd7eb02cbaa5765e616c207
Author: Yaxun (Sam) Liu <yaxun.liu@amd.com>
Date:   Fri Oct 2 17:45:23 2015 -0400

    [SPIRV] Refactor to use enums for OCL extended instructions in spirv.hpp.

commit 28445f808368bbbeaffa9a6cd530eb911d675e4c
Author: Yaxun (Sam) Liu <yaxun.liu@amd.com>
Date:   Fri Oct 2 17:32:31 2015 -0400

    [SPIRV] Update khronos header file to 100.1.

commit 20d3dad095c7e821eb75ab3b2d38a23651905038
Merge: 6dc4ed53 2223e7ab
Author: Alexey Bader <alexey.bader@intel.com>
Date:   Wed Sep 30 13:42:42 2015 -0400

    Merge branch 'khronos/spirv-ocl20' into 'khronos/spirv-3.6.1'
    
    Fix translation of OpImageQuerySize[Lod] etc.
    
    Fix translation of OpImageQuerySize[Lod].
    Fix assert when reading OpSpecConstantOp without enclosing function/BB scope.
    Fix incorrectly mangled builtin function prefetch due to missing const type qualifier for first arg.
    Fix extra type operand when translating OpGroupWaitEvents to LLVM due to void return type not dropped.
    
    See merge request !27

commit 2223e7ab0c47e49a6f53eaf5eac01bcc264d6122
Author: Yaxun (Sam) Liu <yaxun.liu@amd.com>
Date:   Wed Sep 30 12:57:07 2015 -0400

    [SPIRV] Fix assert when reading OpSpecConstantOp without enclosing function/BB scope.
    Fix incorrectly mangled builtin function prefetch due to missing const type qualifier for first arg.
    Fix extra type operand when translating OpGroupWaitEvents to LLVM due to void return type not dropped.

commit 00658a867f2a19e477b1b112a07520df2d28c38d
Author: Yaxun (Sam) Liu <yaxun.liu@amd.com>
Date:   Wed Sep 30 12:46:23 2015 -0400

    [SPIRV] Fix translation of OpImageQuerySize[Lod]. Implement it in builtin library as __spirv_ImageQuerySize[Lod] instead of by code.

commit 6dc4ed53eec859842873178952af0c4f130bac46
Merge: a680142a 1a1eaf0b
Author: Alexey Bader <alexey.bader@intel.com>
Date:   Tue Sep 15 04:00:19 2015 -0400

    Merge branch 'khronos/spirv-ocl20' into 'khronos/spirv-3.6.1'
    
    [SPIRV] Fix translation of pipes builtins. Improve translation of step/smoothstep with fewer instructions.
    
    See merge request !26

commit 1a1eaf0b7aa38a2eecc8166a929e96b719596a72
Author: samliu <yaxun.liu@amd.com>
Date:   Mon Sep 14 22:33:29 2015 -0400

    [SPIRV] Fix translation of pipes builtins.
    Improve translation of step/smoothstep with fewer instructions.

commit a680142adeec385d2404fd1220ce6ccde7a0e101
Merge: 4e529302 cf7c15d7
Author: Yaxun (Sam) Liu <yaxun.liu@amd.com>
Date:   Mon Sep 14 13:31:58 2015 -0400

    Merge branch 'andrey.lizunov' into 'khronos/spirv-3.6.1'
    
    [SPIRV] Remove std::to_string to fix build under Cygwin
    
    The title should be self-descriptive.
    
    See merge request !25

commit cf7c15d7fa1f6a78e5e5ce18348936d10620d0d5
Author: Andrey Lizunov <andrey.e.lizunov@intel.com>
Date:   Mon Sep 14 19:15:08 2015 +0300

    [SPIRV] Remove std::to_string to fix build under Cygwin

commit 4e5293025927160efaa536a5b8062075c2cfe324
Merge: 0c25b606 8e87571d
Author: Yaxun (Sam) Liu <yaxun.liu@amd.com>
Date:   Mon Sep 14 08:51:37 2015 -0400

    Merge branch 'khronos/spirv-unoptimized' into 'khronos/spirv-3.6.1'
    
    [SPIRV] Handle some cases of unoptimized LLVM IR.
    
    llvm-spirv tool is supposed to be run with an non-optimized output of
    clang, which contains a lot of constructions like:
    
      %a.addr = alloca i32 addrspace(1)*, align 4
      store i32 addrspace(1)* %a, i32 addrspace(1)** %a.addr, align 4
      %0 = load i32 addrspace(1)** %a.addr, align 4
    
    Which must be removed for correct translation to SPiR-V.
    
    See merge request !24

commit 8e87571d83a1f13a133f0bacdc54f078ca0888df
Author: Alexey Bader <alexey.bader@intel.com>
Date:   Mon Sep 14 13:43:15 2015 +0300

    [SRIRV] Start a new line before printing function parameters.

commit a3a17ef9b85defbd99e9b8e40b37bf4fdcdf79f5
Author: Alexey Bader <alexey.bader@intel.com>
Date:   Mon Sep 14 13:06:27 2015 +0300

    [SPIRV] Added mem2reg pass to regularize unoptimized LLVM IR.
    
    llvm-spirv tool is supposed to be run with an unoptimized output of
    clang, which contains a lot of constructions like:
    
      %a.addr = alloca i32 addrspace(1)*, align 4
      store i32 addrspace(1)* %a, i32 addrspace(1)** %a.addr, align 4
      %0 = load i32 addrspace(1)** %a.addr, align 4
    
    Which must be removed for correct translation to SPiR-V.
    
    TODO: probably we will need to add SROA to regularization passes in order to
    handle aggregate data types.

commit 0c25b606d2cacb879eb344226b8dbe2314d0e9ac
Merge: 17213070 36df4b2a
Author: Alexey Bader <alexey.bader@intel.com>
Date:   Fri Sep 11 11:24:55 2015 -0400

    Merge branch 'khronos/spirv-ocl20' into 'khronos/spirv-3.6.1'
    
    [SPIRV]  Fix translation of kernel enqueue builtins.
    
    Added optional  expansion of step and smoothstep funtion with scalar arguments by transforming them to vector arguments.
    Fixed translation of logical comparison.
    
    See merge request !23

commit 36df4b2a09eb1050ccc4fc170872e0a0741677be
Author: samliu <yaxun.liu@amd.com>
Date:   Thu Sep 10 23:57:22 2015 -0400

    [SPIRV]  Fix translation of kernel enqueue builtins.
    Added optional  expansion of step and smoothstep funtion with scalar arguments by transforming them to vector arguments.
    Fixed translation of logical comparison.

commit 172130708d6234935f12b0986f674a93dfebf49a
Merge: 04ce8f35 73b439f1
Author: Alexey Bader <alexey.bader@intel.com>
Date:   Thu Sep 10 04:30:10 2015 -0400

    Merge branch 'khronos/spirv-ocl20' into 'khronos/spirv-3.6.1'
    
    [SPIRV] Fix bug in lowering blocks. Revert changes to internal atomic type mangling and allow customized atomic type mangling.
    
    See merge request !22

commit 73b439f18c5c9d725d219d6dcb61f310feb37c8e
Merge: c61a672b 881b940c
Author: samliu <yaxun.liu@amd.com>
Date:   Wed Sep 9 22:27:45 2015 -0400

    Merge remote-tracking branch 'origin/khronos/spirv-decoration-group' into khronos/spirv-ocl20

commit c61a672b5d750e99e60328dc04629ee7bd169f0c
Author: samliu <yaxun.liu@amd.com>
Date:   Wed Sep 9 22:24:22 2015 -0400

    [SPIRV] Fix bug in lowering blocks. Revert changes to internal atomic type mangling and allow customized atomic type mangling.

commit 04ce8f35d1f211189f35ae842729cc206a76822c
Merge: 426978f4 881b940c
Author: Yaxun (Sam) Liu <yaxun.liu@amd.com>
Date:   Wed Sep 9 21:42:42 2015 -0400

    Merge branch 'khronos/spirv-decoration-group' into 'khronos/spirv-3.6.1'
    
    [SPIRV] Fix decoration grouping.
    
    If decoration is used in the group its target ID must be id of the
    OpDecorationGroup instruction. Later OpGroupDecorate or
    OpGroupMemberDecorate will target 'real' instructions.
    
    This fixes Issue #8.
    
    See merge request !21

commit 881b940c1f930184acd19d39f8aafd8e3bf02698
Author: Alexey Bader <alexey.bader@intel.com>
Date:   Tue Sep 8 21:01:46 2015 +0300

    [SPIRV] Fix decoration grouping.
    
    If decoration is used in the group its target ID must be id of the
    OpDecorationGroup instruction. Later OpGroupDecorate or
    OpGroupMemberDecorate will target 'real' instructions.

commit 426978f4f52db73f492af7354bb181db1ed89c74
Merge: c712a1e8 4a73b335
Author: Alexey Bader <alexey.bader@intel.com>
Date:   Wed Sep 9 04:24:20 2015 -0400

    Merge branch 'khronos/spirv-ocl20' into 'khronos/spirv-3.6.1'
    
    [SPIRV] Refactoring translation of atomic builtin functions.
    
    Fix bug about OpMemoryBarrier word count.
    Fix bug causing verify module error msg not output.
    
    See merge request !20

commit 4a73b33562bde4b75a1585cc3bce2d911c710019
Author: samliu <yaxun.liu@amd.com>
Date:   Tue Sep 8 22:47:50 2015 -0400

    [SPIRV]Fix bug causing verify module error msg not output.
    Fix bug about OpMemoryBarrier word count.
    Fix build failure on Ubuntu due to class member named as Op.
    Refactoring translation of atomic builtin functions.

commit c712a1e855b5248c296e60bd2e383a5cc9b37893
Merge: 1d1bd5ee fcad7a7b
Author: Yaxun (Sam) Liu <yaxun.liu@amd.com>
Date:   Tue Sep 8 14:16:59 2015 -0400

    Merge branch 'khronos/spirv-linked-list' into 'khronos/spirv-3.6.1'
    
    [SPIRV] Added support for linked list data structure.
    
    OpenCL SVM feature implies usage of data structures like trees, linked
    lists, etc.
    
    See merge request !19

commit fcad7a7b10d0a9fe129f51c3721a73e3d346d658
Author: Alexey Bader <alexey.bader@intel.com>
Date:   Tue Sep 8 20:36:35 2015 +0300

    [SPIRV] Added support for linked list data structure.
    
    OpenCL SVM feature implies usage of data structures like trees, linked
    lists, etc.

commit 1d1bd5eea1739d675fcc0d50db5b2f79cbc5af5a
Merge: e16c93a4 bcae188e
Author: Yaxun (Sam) Liu <yaxun.liu@amd.com>
Date:   Tue Sep 8 07:28:34 2015 -0400

    Merge branch 'khronos/spirv-atomic-exchange-fix' into 'khronos/spirv-3.6.1'
    
    Khronos/spirv atomic exchange fix
    
    Fixed translation of atomic exchange built-in function.
    Updated a few tests to catch up with the latest updates.
    
    See merge request !18

commit bcae188edc0aa86d2b9b670da9f3757258832fe8
Author: Alexey Bader <alexey.bader@intel.com>
Date:   Thu Aug 27 17:11:06 2015 +0300

    [SPIRV] Fix store test to reflect recent changes in instruction encoding.
    
    Fixed length of store instruction.

commit 6a781f1b02959c4dcfccf5c3e805610e894f6d70
Author: Alexey Bader <alexey.bader@intel.com>
Date:   Tue Sep 8 13:36:34 2015 +0300

    [SPIRV] Fix transltion of atomic exchange built-in function.
    
    Previous implementation added 'alloca' instruction at the end of basic
    block. Sometime after block terminator, which invalidates LLVM module.

commit 918e88983c06c6619b7444a0cf8729b68ab6a2b6
Author: Alexey Bader <alexey.bader@intel.com>
Date:   Mon Sep 7 17:03:07 2015 +0300

    [SPIRV] Update id of the constant operation in the tests.

commit e16c93a4c4a1b39fd6bfaccf1c7a6b6b1342e5c2
Merge: cf4551a9 5685836a
Author: Alexey Bader <alexey.bader@intel.com>
Date:   Mon Sep 7 11:30:56 2015 -0400

    Merge branch 'khronos/spirv-ocl20' into 'khronos/spirv-3.6.1'
    
    [SPIRV] Fix build failure on Ubuntu due to class member named as Op.
    
    See merge request !17

commit 5685836a967421b2d237777d30eb51ccb7c03516
Author: samliu <yaxun.liu@amd.com>
Date:   Mon Sep 7 11:06:06 2015 -0400

    [SPIRV] Fix build failure on Ubuntu due to class member named as Op.

commit cf4551a91fa66331cdade8a88067a7b5db1f095d
Merge: 4f6b432b 8089eac3
Author: Alexey Bader <alexey.bader@intel.com>
Date:   Mon Sep 7 08:32:43 2015 -0400

    Merge branch 'khronos/spirv-ocl20' into 'khronos/spirv-3.6.1'
    
    Bug fixes and refactoring
    
    See merge request !16

commit 8089eac329a166d04566dae828a5a5722578832a
Author: samliu <yaxun.liu@amd.com>
Date:   Thu Sep 3 23:58:58 2015 -0400

    [SPIRV]  Add translation of atomic flag test_and_set and clear.
    Added mangling of atomic types.
    Fixed translation of unsigned atomic_fetch_max/min.

commit 9f248107f9b6c4a00d2c0f6a722cb6d15c4d2e2b
Author: samliu <yaxun.liu@amd.com>
Date:   Thu Sep 3 23:57:46 2015 -0400

    [SPIRV] Update spirv header to r31895.
    Refactor to use op code enum defined in khronos spirv header.

commit 8f2472564a2fa8fbcd3d642db920468228bcecdc
Author: samliu <yaxun.liu@amd.com>
Date:   Thu Sep 3 23:48:55 2015 -0400

    [SPIRV] Fix asserts due to ReplaceAllReferencesWith dst/src type mismatch in SPIR loader when lowering islessgreater for double16 type args.

commit d81eb976c125d8a7a3e92b338bf996db210a2b46
Author: samliu <yaxun.liu@amd.com>
Date:   Thu Sep 3 23:43:47 2015 -0400

    [SPIRV] Fix bug in translation of async_work_group_copy and wait_group_event.

commit 4f6b432b192a78a4c2b35edf139573f5c85c0137
Merge: 4da8578e bb3c005d
Author: Alexey Bader <alexey.bader@intel.com>
Date:   Thu Aug 27 05:30:57 2015 -0400

    Merge branch 'khronos/spirv-ocl20' into 'khronos/spirv-3.6.1'
    
    Khronos/spirv ocl20 Refactoring to use khronos header files and bug fixes.
    
    See merge request !15

commit bb3c005d56c91211cca27c89a62fa43bc6d198fc
Author: samliu <yaxun.liu@amd.com>
Date:   Thu Aug 27 01:32:04 2015 -0400

    [SPIRV] Refactor to use khronos SPIR-V header files.
    Remove result id from store instruction.
    Fixed bug about OpUndef is not emitted as constant.

commit 6f74c2e6f79044ce46ba53545f36865627ed095c
Merge: 54a4571e 4da8578e
Author: samliu <yaxun.liu@amd.com>
Date:   Thu Aug 27 00:40:30 2015 -0400

    Merge remote-tracking branch 'origin/khronos/spirv-3.6.1' into khronos/spirv-ocl20

commit 4da8578e75549cdace0427e760d7405306ce5a75
Merge: bda99af8 495b38a3
Author: Yaxun (Sam) Liu <yaxun.liu@amd.com>
Date:   Wed Aug 26 18:57:02 2015 -0400

    Merge branch 'khronos/spirv-small-fixes' into 'khronos/spirv-3.6.1'
    
    Fixes in SPIR-V translator: constant structs, new prefix for C++ built-ins, assertions.
    
    See merge request !14

commit 495b38a3c65bcaeedd0f9b80ca23df9bf57b396a
Author: Alexey Bader <alexey.bader@intel.com>
Date:   Wed Aug 26 18:25:04 2015 +0300

    [SPIRV] Fixed SPIRV generation for constant expressions with 'getelementptr inbounds'.

commit f5c1a61cecb3aab547c2c67f4157a5d6fcf52c74
Author: Alexey Bader <alexey.bader@intel.com>
Date:   Wed Jul 8 14:02:35 2015 +0300

    [SPIRV] Added asserts on casting from/to constant address space.

commit a0cf0328467613ca1cff7a9b37a1088c7973e3ba
Author: Alexey Bader <alexey.bader@intel.com>
Date:   Fri Aug 21 13:52:53 2015 +0300

    [SPIRV] Fix prefix for C++ built-in function names.
    
    We agreed with OpenCL C++ developers that all the functions expected to
    be converted to SPIR-V instructions will be placed into ::cl::__spirv
    nested namespace. This will allow SPIR-V translator easily distinguish
    those functions from the functions in ::cl namespace that do not have
    SPIR-V counterpart (e.g. from helper functions that are implemented in
    ::cl::__details nested namespace).
    
    Adjust lit tests for OpenCL C++.

commit f856dd2c74e276f3fef10145ff02c4d218cbf757
Author: Alexey Bader <alexey.bader@intel.com>
Date:   Wed Aug 19 19:15:05 2015 +0300

    [SPIRV] Added support for constant structures.

commit 5f3b03c557a9bd5675e87a68debe7f334f043f32
Author: Alexey Bader <alexey.bader@intel.com>
Date:   Wed Aug 19 18:22:38 2015 +0300

    [SPIRV] Fixed typo in comments. NFC.

commit 63f564cd816adaa46e0cc52bac6e0248d146ee9c
Author: Alexey Bader <alexey.bader@intel.com>
Date:   Wed Aug 19 18:22:08 2015 +0300

    [SPIRV] Fix assertion on shuffle mask length.
    
    This check is not valid.
    
    Example:
    sufflevector <i8 x 2> <0, 1>, <i8 x 2> <undef, undef>, <i8 x 8> <0, 1, undef, undef, undef, undef, undef, undef>

commit c5712f017e0b585f28db1bfe17867c2ac537ad45
Author: Alexey Bader <alexey.bader@intel.com>
Date:   Wed Aug 19 11:43:35 2015 +0300

    [SPIRV] Fix lit test after switching to OpCapability for enabling doubles support.

commit 54a4571e94a9d647a361fe6b70fc3a7678682c83
Author: Yaxun (Sam) Liu <yaxun.liu@amd.com>
Date:   Mon Aug 24 23:17:10 2015 -0400

    [SPIRV] Fix bug about decoration group, string literal, and loading SPIR-V.

commit b6a889389e57d886c0c3b801c4813b20bf5ed967
Author: Yaxun (Sam) Liu <yaxun.liu@amd.com>
Date:   Mon Aug 24 22:59:16 2015 -0400

    [SPIRV] Fix translation of get_image_width.

commit bda99af8821cc7bd8ebc09cc6f87b5038919bba1
Merge: 5510944c 6922d78d
Author: Alexey Bader <alexey.bader@intel.com>
Date:   Tue Aug 18 15:38:25 2015 -0400

    Merge branch 'khronos/spirv-ocl20' into 'khronos/spirv-3.6.1'
    
    [SPIRV] Add missing enums for OpExecutionMode. Fix some minor bugs.
    
    See merge request !13

commit 6922d78dc8b0579b61caeb684ff6ff86bf9d9151
Author: Yaxun (Sam) Liu <yaxun.liu@amd.com>
Date:   Tue Aug 18 15:29:49 2015 -0400

    [SPIRV] Add missing enums for OpExecutionMode. Fix some minor bugs.

commit 5510944c78867c95987e4786261bebc4331bb970
Merge: 19824d32 e6e03f0b
Author: Alexey Bader <alexey.bader@intel.com>
Date:   Mon Aug 17 05:31:04 2015 -0400

    Merge branch 'khronos/spirv-ocl20' into 'khronos/spirv-3.6.1'
    
    [SPIRV] Added OpCapability, OpLine, OpPtrAccessChain, OpSpecConstantOp, boolean operators, partial support for substitution in name mangling.
    
    See merge request !12

commit e6e03f0bc7309af6360771788fe36dda619e8469
Merge: 6d726823 19824d32
Author: Yaxun (Sam) Liu <yaxun.liu@amd.com>
Date:   Fri Aug 14 13:53:26 2015 -0400

    Merge d555b787: Fixed encoding of MemoryAccess for OpLoad/OpStore instructions.

commit 6d7268234a83bd911e907a8a3fd106f51459d741
Author: Yaxun (Sam) Liu <yaxun.liu@amd.com>
Date:   Fri Aug 14 13:44:48 2015 -0400

    Added OpCapability, OpLine, OpPtrAccessChain, OpSpecConstantOp, boolean operators, partial support for substitution in name mangling.

commit 19824d32881330ecdda64ad8f04b00bed6b48f41
Merge: 0799050b 03fd2875
Author: Yaxun (Sam) Liu <yaxun.liu@amd.com>
Date:   Fri Aug 14 11:48:29 2015 -0400

    Merge branch 'khronos/spirv-memory-access-encoding' into 'khronos/spirv-3.6.1'
    
    Khronos/spirv memory access encoding
    
    This patch fixes encoding of memory access literal.
    
    According to SPIR-V specification
    0x0 None
    0x1 Volatile - This access cannot be optimized away; it has to be executed.
    0x2 Aligned - This access has a known alignment, provided as a literal in the next operand.
    
    But it was
    0x0 Volatile - This access cannot be optimized away; it has to be executed.
    0x1 Aligned - This access has a known alignment, provided as a literal in the next operand.
    
    It's really hard to detect issues like this with the existing validation approach - use the same header for SPIR-V generator and consumer.
    
    See merge request !11

commit 03fd28756197a92fe050b6c33f7130aaec146c15
Author: Alexey Bader <alexey.bader@intel.com>
Date:   Fri Aug 14 14:20:18 2015 +0300

    [SPIRV] Fixed encoding of MemoryAccess for OpLoad/OpStore instructions.

commit 0799050b1fe36d4e1464f16b5d7e12eec49a44c3
Merge: 831eec56 ed726777
Author: Yaxun (Sam) Liu <yaxun.liu@amd.com>
Date:   Fri Jul 31 11:34:38 2015 -0400

    Merge branch 'khronos/spirv-ocl20' into 'khronos/spirv-3.6.1'
    
    Khronos/spirv ocl20
    
    Add translation of OCL 2.0 pipes, generic address space, and workgroup/subgroup builtin functions.
    
    See merge request !10

commit ed7267778d6822451668b070e32413645bb5b7d6
Author: Yaxun (Sam) Liu <yaxun.liu@amd.com>
Date:   Thu Jul 30 14:09:15 2015 -0400

    Update to SPIR-V rev31.
    Explicitly define op codes.
    Renamed OpLogicalXor to OpLogicalNotEqual. Added OpLogicalEqual and OpLogicalNot.
    Removed OpVariableArray, OpCompileFlag.
    Removed getLLVMTypeFromOCLTypeNameStr and getLLVMTypeFromOCLBuiltinTypeNameStr.

commit 4e7707cf2547bab4e47feb75cf11dfa837eed92a
Author: Yaxun (Sam) Liu <yaxun.liu@amd.com>
Date:   Wed Jul 29 20:00:25 2015 -0400

    Revmoving data type from OpTypePipe. Add packet size and align operands to pipe instructions.

commit 48f73a863014b9689d75c8b7738a4846c8f99648
Author: Yaxun (Sam) Liu <yaxun.liu@amd.com>
Date:   Wed Jul 29 10:26:28 2015 -0400

    Added translation of OpenCL 2.0 C++11 atomics builtin functions. Refactored SPRVInstTemplate, added check for word count. Extracted lower OpenCL 2.0 blocks as separate file.

commit 0fc880f0034c2c422e9708d119b099cd157d319d
Author: Yaxun (Sam) Liu <yaxun.liu@amd.com>
Date:   Mon Jul 20 16:47:07 2015 -0400

    Add translation of OCL 2.0 workgroup/subgroup builtin functions

commit 2106661e7887b4fb7cfca8efa8feac5a2fe5236b
Author: Yaxun (Sam) Liu <yaxun.liu@amd.com>
Date:   Mon Jul 20 14:38:01 2015 -0400

    Add translation of pipes and generic address space instructions.

commit 831eec5668b4967fd0c85909976eceacf748d65a
Merge: 344aebfe 7c3c6846
Author: Alexey Bader <alexey.bader@intel.com>
Date:   Mon Jul 13 11:14:15 2015 -0400

    Merge branch 'khronos/spirv-ocl20' into 'khronos/spirv-3.6.1'
    
    Fix translation of enqueue_kernel.
    
    Updated enum type names to be consistent with OCL spec.
    Removed unused code.
    
    See merge request !9

commit 7c3c6846c9dbecab640fa31f166b5640d618450a
Author: Yaxun (Sam) Liu <yaxun.liu@amd.com>
Date:   Fri Jul 10 22:41:22 2015 -0400

    Fix mangling of enum types kernel_enqueue_flags_t and clk_profiling_info.

commit 4919a389aab65a7aa81e3ffd92e151667c8e0f07
Author: Yaxun (Sam) Liu <yaxun.liu@amd.com>
Date:   Thu Jul 9 16:49:46 2015 -0400

    Fix line ending.

commit 494063d747bd5961c6fed958de54356d44dd3217
Author: Yaxun (Sam) Liu <yaxun.liu@amd.com>
Date:   Thu Jul 9 16:00:40 2015 -0400

    Fix bugs for enqueue_kernel.

commit 344aebfe80674533d6e1a2f8a507961e2d739eb4
Merge: 5f9d2bce 8527c541
Author: Yaxun (Sam) Liu <yaxun.liu@amd.com>
Date:   Fri Jul 3 22:15:16 2015 -0400

    Merge branch 'khronos/spirv-intel-copyrights' into 'khronos/spirv-3.6.1'
    
    Khronos/spirv intel copyrights
    
    Added copyrights to the mangler library.
    
    See merge request !7

commit 8527c541e4e6fad24e5fe3390822be3b4e72b9ef
Author: Alexey Bader <alexey.bader@intel.com>
Date:   Fri Jul 3 19:50:05 2015 +0300

    [SPIRV] Added Intel copyrights to the name mangler.
    
    The library was borrowed from https://github.com/KhronosGroup/SPIR-Tools/tree/master/spir-tools/spir_name_mangler.

commit 5f9d2bce269cd3789be7391c50189aa8dfed326f
Merge: 1675b158 1f5c0a67
Author: Yaxun (Sam) Liu <yaxun.liu@amd.com>
Date:   Mon Jun 22 13:45:22 2015 -0400

    Merge branch 'khronos/spirv-work-item-builtins' into 'khronos/spirv-3.6.1'
    
    [SPIRV] Work item builtins.
    
    See merge request !6

commit 1f5c0a670a6514a21f7322403bc29f32085bf1e6
Author: Alexey Bader <aleksey.a.bader@intel.com>
Date:   Mon Jun 22 16:46:07 2015 +0300

    [SPIRV] Added tests on OpenCL C++ work group functions.
    
    Fixed LLVM IR -> SPIR-V conversion for OpenCL C++ work group functions.

commit f54f8917fcab78deebb736846541d66f9b98a5e8
Author: Alexey Bader <aleksey.a.bader@intel.com>
Date:   Mon Jun 22 14:24:21 2015 +0300

    [SPIRV] Fixed handling of linkonce_odr linkage type.
    
    linkonce_odr linkage type is used for template instances and inline
    functions. At the moment there is no way in SPIR-V to optimize linkage
    of SPIR-V modules for template instances, so have to duplicate
    definitions, i.e. set "internal" linkage type for the globals with
    linkonce_odr linkage type.

commit 68b602d88395f9b8c9a5f36d7b04a6d474a9d95c
Author: Alexey Bader <aleksey.a.bader@intel.com>
Date:   Mon Jun 22 14:41:35 2015 +0300

    [SPIRV] Moved OpenCL C++ tests to separate directory.

commit d002ef99817d4e70893c4630293eac93a8d240e2
Author: Alexey Bader <aleksey.a.bader@intel.com>
Date:   Mon Jun 22 16:49:07 2015 +0300

    [SPIRV] Fixed indentation.

commit 1675b1584bf6c936c91b772bbe353fde074a6ff6
Merge: bcccdc82 43a90846
Author: Yaxun (Sam) Liu <yaxun.liu@amd.com>
Date:   Tue Jun 9 13:18:36 2015 -0400

    Merge branch 'khronos/spirv-basic-cxx' into 'khronos/spirv-3.6.1'
    
    Enabled basic support for simple C++ kernels.
    
    This patch adds support for simple C++ kernels that use only built-in functions from ::cl:: namespace.
    Built-in functions that implemented as template class methods (e.g. image1d<int, image_access::read>::sample()) are not supported yet.
    
    See merge request !5

commit 43a908465ff0377bb81a60ddfc55ce4ef9ce5a28
Author: Alexey Bader <aleksey.a.bader@intel.com>
Date:   Tue Jun 9 16:46:02 2015 +0300

    [SPIRV] Enabled support for simple LLVM IR generated from OpenCL C++ source.

commit bcccdc8276aa84ab0364a60e0296b4d1b1161599
Merge: c1bb72ee c6146f6c
Author: Yaxun (Sam) Liu <yaxun.liu@amd.com>
Date:   Tue Jun 9 11:07:15 2015 -0400

    Merge branch 'khronos/spirv-fix-tests' into 'khronos/spirv-3.6.1'
    
    [SPIRV] Fixed build of LLVMSPIRVLib library and lit tests on SPIR-V converter.
    
    See merge request !4

commit c6146f6cfab250914fe4de77d6017186b1d198d1
Author: Alexey Bader <aleksey.a.bader@intel.com>
Date:   Tue Jun 9 17:17:49 2015 +0300

    [SPIRV] Fixed build of LLVMSPIRVLib library and lit tests on SPIR-V converter.

commit c1bb72eeacf31217ae9486bada4fd01da336f99e
Author: Yaxun (Sam) Liu <yaxun.liu@amd.com>
Date:   Thu Jun 4 13:18:36 2015 -0400

    Fix build failure on OS X.

commit 48608ee8a13911a04015a688f7c3084a42ea86b9
Author: Yaxun (Sam) Liu <yaxun.liu@amd.com>
Date:   Thu Jun 4 10:07:59 2015 -0400

    Fix build failure on linux.

commit 71358bc76fd9e42baa508ed23d94706ebf55897a
Author: Yaxun (Sam) Liu <yaxun.liu@amd.com>
Date:   Thu Jun 4 00:00:14 2015 -0400

    Added translation of kernel enqueue instructions.

commit 7ef566b2834955d628c424e91b57933aa0daf2d4
Author: Yaxun (Sam) Liu <yaxun.liu@amd.com>
Date:   Mon Jun 1 10:18:10 2015 -0400

    Clean up and restructure. Added partial support of kernel enqueue. Conforms to spirv r30819.

commit 9c76908315a4f7e97cfb0d898bef8e32bf3db0ec
Merge: 20132138 11c4ea67
Author: Yaxun (Sam) Liu <yaxun.liu@amd.com>
Date:   Thu May 28 00:25:48 2015 -0400

    Merge branch 'khronos/spirv-tests' into 'khronos/spirv-3.6.1'
    
    Khronos/spirv tests
    
    Ported two simple tests from Khronos SVN.
    
    I've added LL files to the LIT, but I'm not sure what is the right way to test the converter.
    Another option could be make LLVM IR -> SPIR-V -> LLVM IR conversion and compare original and final LLVM IR files.
    
    See merge request !3

commit 11c4ea67d63e44c4b2b3053b5de9aa3a65cf75ae
Author: Alexey Bader <aleksey.a.bader@intel.com>
Date:   Wed May 27 19:16:46 2015 +0300

    [SPIRV] Added simple tests on SPIRV converter.

commit 201321382c9b01a78ba97de0dbcc19b1b96357e4
Merge: bca2ce60 28be090f
Author: Yaxun (Sam) Liu <yaxun.liu@amd.com>
Date:   Tue May 26 10:12:51 2015 -0400

    Merge branch 'khronos/spirv-remove-llvm-3.4-support' into 'khronos/spirv-3.6.1'
    
    Khronos/spirv remove llvm 3.4 support
    
    Removed LLVM 3.4 support on this branch implemented via ugly ifdefs.
    
    See merge request !2

commit 28be090faf681cefb5fe33d5e3bf9547427981c0
Author: Alexey Bader <aleksey.a.bader@intel.com>
Date:   Tue May 26 16:34:40 2015 +0300

    [SPIRV] Removed LLVM 3.4 support from SPIRV.
    
    Now it's part of llvm release branch.

commit bca2ce606972d58bf65887100d5b92c771c121e8
Merge: c2128419 758e0662
Author: Yaxun (Sam) Liu <yaxun.liu@amd.com>
Date:   Tue May 26 08:25:31 2015 -0400

    Merge branch 'khronos/spirv-converter-initial' into 'khronos/spirv-3.6.1'
    
    Khronos/spirv converter initial
    
    This commit includes SPIR-V library and llvm-spirv converter tool from Khronos SVN rev. 31228.
    
    Here is the list of differences from SVN code:
    1. Added spir_name_mangler library to the SPIRV library.
    2. Only CMake build system is supported. Makefiles are not updated.
    3. Tests will be ported later - they need to be added to LIT infrastructure first.
    
    See merge request !1

commit 758e06626afcc4914022a452c359055805398dcd
Author: Alexey Bader <aleksey.a.bader@intel.com>
Date:   Tue May 26 12:27:56 2015 +0300

    [SPIRV] SPIR-V library and llvm-spirv converter tool
    
    Added SPIR-V library with reader/writer from/to LLVM IR with spir name mangler library from
    https://github.com/KhronosGroup/SPIR-Tools/tree/master/spir-tools/spir_name_mangler
    rev. bebbc22f5125fde2243bfa4eedb615f663a96172.

commit c2128419b7c70c756dc6be393b7f8379210e76ff
Author: Daniel Sanders <daniel.sanders@imgtec.com>
Date:   Fri May 15 10:06:38 2015 +0000

    [mips] Update release notes to account for revert.
    
    
    git-svn-id: https://llvm.org/svn/llvm-project/llvm/branches/release_36@237433 91177308-0d34-0410-b5e6-96231b3b80d8
